strategy_name,regime_segment_id,regime,start_timestamp,end_timestamp,observations,start_nav,end_nav,segment_return,segment_compounded_return,segment_annualized_return,segment_annualized_volatility,segment_sharpe,segment_local_max_drawdown,total_lp_fees,total_aave_borrow_cost,total_aave_supply_yield,total_gas_cost,total_slippage_cost,total_turnover,number_of_rebalances,circuit_breaker_events,average_health_factor,min_health_factor,average_idle_ratio,average_hedge_error,max_hedge_error
buy_hold_50_50,1,warmup,2025-01-01 00:00:00+00:00,2025-01-01 23:00:00+00:00,24,100000.0,99940.57547956632,-0.0005942452043368185,-0.0005942452043364854,-0.19504102924522382,0.12057056068863424,-1.6176505121254665,-0.005486715119742636,0.0,0.0,0.0,0.0,0.0,0.0,0,0,,,0.0,,
buy_hold_50_50,2,sideways,2025-01-02 00:00:00+00:00,2025-01-03 21:00:00+00:00,46,100387.52531871798,103806.59478136542,0.03405870850777837,0.03868318031238105,1376.0679787215204,0.2314509610922824,5945.397557337707,-0.009531943471151605,0.0,0.0,0.0,0.0,0.0,0.0,0,0,,,0.0,,
buy_hold_50_50,4,sideways,2025-01-03 23:00:00+00:00,2025-01-07 14:00:00+00:00,88,103731.23436196832,103153.22292386512,-0.005572202448553165,-0.006601980737649282,-0.48282613792699813,0.18951379528509402,-2.547709717916109,-0.02060013009417694,0.0,0.0,0.0,0.0,0.0,0.0,0,0,,,0.0,,
buy_hold_50_50,5,downtrend,2025-01-07 15:00:00+00:00,2025-01-08 14:00:00+00:00,24,101548.90980579054,100170.38007863695,-0.013575032265634168,-0.028916622871102637,-0.9999776833091415,0.4229055743069354,-2.3645412689296457,-0.022408482928546247,0.0,0.0,0.0,0.0,0.0,0.0,0,0,,,0.0,,
buy_hold_50_50,6,sideways,2025-01-08 15:00:00+00:00,2025-01-08 16:00:00+00:00,2,99833.79006314788,99335.01131895628,-0.004996091442347361,-0.008339478786292598,-0.9999999999999999,0.10826751028933082,-9.236381231337361,-0.004996091442347361,0.0,0.0,0.0,0.0,0.0,0.0,0,0,,,0.0,,
buy_hold_50_50,8,sideways,2025-01-08 18:00:00+00:00,2025-01-09 14:00:00+00:00,21,98887.61467889907,98397.77195281784,-0.004953529596924855,-0.001960784313724928,-0.5590086904726527,0.3273341408538284,-1.7077616438496677,-0.018857762639847953,0.0,0.0,0.0,0.0,0.0,0.0,0,0,,,0.0,,
buy_hold_50_50,9,high_vol_chop,2025-01-09 15:00:00+00:00,2025-01-10 14:00:00+00:00,24,99440.00953175264,98499.04682473488,-0.009462616822429992,0.0010292394828366191,0.4556888359295883,0.40075462953841706,1.1370769102641274,-0.018687095614665528,0.0,0.0,0.0,0.0,0.0,0.0,0,0,,,0.0,,
buy_hold_50_50,10,sideways,2025-01-10 15:00:00+00:00,2025-01-13 10:00:00+00:00,68,98322.56046705588,96402.95484332182,-0.019523552017110646,-0.02128032756644571,-0.9374004042907353,0.2514446541074582,-3.7280585965057935,-0.02980195482117798,0.0,0.0,0.0,0.0,0.0,0.0,0,0,,,0.0,,
buy_hold_50_50,11,downtrend,2025-01-13 11:00:00+00:00,2025-01-13 20:00:00+00:00,10,95478.52376980818,96029.28035267486,0.005768381842544246,-0.0038761725846918615,-0.966697575075135,0.5243571748259822,-1.8435860544788993,-0.0079927166038668,0.0,0.0,0.0,0.0,0.0,0.0,0,0,,,0.0,,
buy_hold_50_50,12,high_vol_chop,2025-01-13 21:00:00+00:00,2025-01-13 23:00:00+00:00,3,96366.16823543428,96717.35374717027,0.003644282201591853,0.0071652457663788915,1132752436.5182807,0.12359147608662886,9165295798.589714,0.0,0.0,0.0,0.0,0.0,0.0,0.0,0,0,,,0.0,,
buy_hold_50_50,14,high_vol_chop,2025-01-14 01:00:00+00:00,2025-01-14 10:00:00+00:00,10,96742.97033241988,98167.96735374715,0.014729721616266511,0.015620931246638436,788712.1756757633,0.31089301876270464,2536924.6913767587,-0.0019420682568179748,0.0,0.0,0.0,0.0,0.0,0.0,0,0,,,0.0,,
buy_hold_50_50,20,uptrend,2025-01-14 16:00:00+00:00,2025-01-14 19:00:00+00:00,4,97502.97867270344,97849.69617538423,0.0035559683140005127,0.0021736577091631126,115.18040811468167,0.22634493156924343,508.8711610025413,-0.001600170198539752,0.0,0.0,0.0,0.0,0.0,0.0,0,0,,,0.0,,
buy_hold_50_50,21,sideways,2025-01-14 20:00:00+00:00,2025-01-15 18:00:00+00:00,23,97977.3323007268,100233.97474085548,0.02303229111405325,0.024366744697885467,9596.77768068087,0.3711718400469183,25855.349585431326,-0.006212479534291382,0.0,0.0,0.0,0.0,0.0,0.0,0,0,,,0.0,,
buy_hold_50_50,22,uptrend,2025-01-15 19:00:00+00:00,2025-01-16 02:00:00+00:00,8,101167.6396997498,100409.56749672348,-0.0074932281238957454,0.0017518287219677742,5.797631110744039,0.4548712769026617,12.745652243029358,-0.009854604200323025,0.0,0.0,0.0,0.0,0.0,0.0,0,0,,,0.0,,
buy_hold_50_50,23,high_vol_chop,2025-01-16 03:00:00+00:00,2025-01-16 18:00:00+00:00,16,100084.89217204812,99523.11450017872,-0.005613011711135041,-0.008828371823967007,-0.9922106362858029,0.40867225377422906,-2.4278884292300145,-0.0159425965649318,0.0,0.0,0.0,0.0,0.0,0.0,0,0,,,0.0,,
buy_hold_50_50,24,sideways,2025-01-16 19:00:00+00:00,2025-01-17 00:00:00+00:00,6,99805.1948051948,99347.67067794592,-0.004584171476664123,-0.0017628449743953833,-0.9239241870116208,0.22952709803764945,-4.025338162294323,-0.007000113410492115,0.0,0.0,0.0,0.0,0.0,0.0,0,0,,,0.0,,
buy_hold_50_50,25,high_vol_chop,2025-01-17 01:00:00+00:00,2025-01-17 07:00:00+00:00,7,100422.97152388896,100236.95341355892,-0.001852346206323796,0.008951218780919312,69700.22600045471,0.4117604742482273,169273.7170261669,-0.0037565996322005413,0.0,0.0,0.0,0.0,0.0,0.0,0,0,,,0.0,,
buy_hold_50_50,26,sideways,2025-01-17 08:00:00+00:00,2025-01-17 19:00:00+00:00,12,100734.39175503395,101166.74609793875,0.004292023164801595,0.009275947170338306,844.7540013857704,0.2578910317850014,3275.6237994736666,-0.003807791848559172,0.0,0.0,0.0,0.0,0.0,0.0,0,0,,,0.0,,
buy_hold_50_50,29,uptrend,2025-01-17 22:00:00+00:00,2025-01-18 00:00:00+00:00,3,101702.7582509234,101968.60478970571,0.0026139560357487657,0.002035807378374832,378.371052963518,0.12648551870997551,2991.417964858906,0.0,0.0,0.0,0.0,0.0,0.0,0.0,0,0,,,0.0,,
buy_hold_50_50,30,sideways,2025-01-18 01:00:00+00:00,2025-01-18 03:00:00+00:00,3,101651.07827951864,100395.86560228762,-0.01234824753928776,-0.015423759015450123,-1.0,0.3950357684307271,-2.5314163423035922,-0.01234824753928776,0.0,0.0,0.0,0.0,0.0,0.0,0,0,,,0.0,,
buy_hold_50_50,31,high_vol_chop,2025-01-18 04:00:00+00:00,2025-01-18 15:00:00+00:00,12,100107.0832836888,99229.86417252471,-0.008762807609509315,-0.011614038314903707,-0.999802123185232,0.4402490821543127,-2.2709919536749634,-0.01481941028833944,0.0,0.0,0.0,0.0,0.0,0.0,0,0,,,0.0,,
buy_hold_50_50,33,high_vol_chop,2025-01-18 17:00:00+00:00,2025-01-18 19:00:00+00:00,3,98489.66400571904,98956.27308471344,0.004737645149924585,0.005365524462614957,6110073.056023441,0.15535416971466362,39329958.55370802,0.0,0.0,0.0,0.0,0.0,0.0,0.0,0,0,,,0.0,,
buy_hold_50_50,34,downtrend,2025-01-18 20:00:00+00:00,2025-01-18 22:00:00+00:00,3,98600.02382938162,98817.61587036816,0.002206815298169351,-0.0014011968117128015,-0.9833336550491624,0.2544908639777308,-3.863925170748797,0.0,0.0,0.0,0.0,0.0,0.0,0.0,0,0,,,0.0,,
buy_hold_50_50,37,high_vol_chop,2025-01-19 01:00:00+00:00,2025-01-19 04:00:00+00:00,4,99891.12951268916,98842.93458834745,-0.010493373430205954,-0.005107348765811204,-0.9999865125982661,0.516310355436682,-1.9367934461676704,-0.010547957050806134,0.0,0.0,0.0,0.0,0.0,0.0,0,0,,,0.0,,
buy_hold_50_50,38,sideways,2025-01-19 05:00:00+00:00,2025-01-19 07:00:00+00:00,3,99082.56880733944,98708.89431669247,-0.0037713443963444115,-0.0013560936066217,-0.9809841167090602,0.23859536253387353,-4.111496997640888,-0.0037713443963444115,0.0,0.0,0.0,0.0,0.0,0.0,0,0,,,0.0,,
buy_hold_50_50,39,high_vol_chop,2025-01-19 08:00:00+00:00,2025-01-19 10:00:00+00:00,3,97916.2695103062,97196.77111878947,-0.007348098483684562,-0.015319016673933872,-1.0,0.4734058121429654,-2.1123526039388945,-0.008058730544747261,0.0,0.0,0.0,0.0,0.0,0.0,0,0,,,0.0,,
buy_hold_50_50,41,high_vol_chop,2025-01-19 12:00:00+00:00,2025-01-19 16:00:00+00:00,5,97661.74192779696,100731.11521506016,0.031428614999847504,0.04027125380287444,1.0985986382450751e+30,0.557393498377479,1.9709570374304585e+30,0.0,0.0,0.0,0.0,0.0,0.0,0.0,0,0,,,0.0,,
buy_hold_50_50,42,uptrend,2025-01-19 17:00:00+00:00,2025-01-19 18:00:00+00:00,2,101212.31979030144,101056.237340641,-0.0015421289620060064,0.0032276236085218013,1348124.8601334405,0.41821777484373596,3223499.67223932,-0.0015421289620060064,0.0,0.0,0.0,0.0,0.0,0.0,0,0,,,0.0,,
buy_hold_50_50,43,high_vol_chop,2025-01-19 19:00:00+00:00,2025-01-20 07:00:00+00:00,13,100857.85773859169,100302.3352793995,-0.005507974010632077,-0.0074602229519019625,-0.9935642555493998,0.8933976462979055,-1.112118729735374,-0.03665091553455424,0.0,0.0,0.0,0.0,0.0,0.0,0,0,,,0.0,,
buy_hold_50_50,46,uptrend,2025-01-20 10:00:00+00:00,2025-01-20 11:00:00+00:00,2,99903.6399380436,100202.54974383416,0.002991981132778765,0.0016406182540369407,1311.9341571182931,0.28718252837593283,4568.293776566106,0.0,0.0,0.0,0.0,0.0,0.0,0.0,0,0,,,0.0,,
buy_hold_50_50,47,high_vol_chop,2025-01-20 12:00:00+00:00,2025-01-21 05:00:00+00:00,18,99152.26974860004,97969.8856189682,-0.011924932557063728,-0.022281510107015956,-0.9999827258594371,0.5466370852516431,-1.8293356832881131,-0.022980003891391432,0.0,0.0,0.0,0.0,0.0,0.0,0,0,,,0.0,,
buy_hold_50_50,49,high_vol_chop,2025-01-21 07:00:00+00:00,2025-01-21 16:00:00+00:00,10,98412.66531633504,99330.0965089956,0.009322287834717224,0.011284306292646207,18576.294479271168,0.1915670320072233,96970.20559660142,-0.0030479889425985007,0.0,0.0,0.0,0.0,0.0,0.0,0,0,,,0.0,,
buy_hold_50_50,50,sideways,2025-01-21 17:00:00+00:00,2025-01-23 23:00:00+00:00,55,99900.21446443466,99720.00476587634,-0.0018038970138795074,0.003925378818548708,0.8663448771726814,0.3070110973975875,2.8218682794086165,-0.024748503822860757,0.0,0.0,0.0,0.0,0.0,0.0,0,0,,,0.0,,
buy_hold_50_50,51,high_vol_chop,2025-01-24 00:00:00+00:00,2025-01-24 04:00:00+00:00,5,98939.14571666866,99645.53794829024,0.0071396637448686295,-0.0007467590656550227,-0.7298588359973737,0.4577344342471339,-1.5945027976709263,-0.0017627937801782956,0.0,0.0,0.0,0.0,0.0,0.0,0,0,,,0.0,,
buy_hold_50_50,52,uptrend,2025-01-24 05:00:00+00:00,2025-01-24 06:00:00+00:00,2,100777.28464196356,100426.84379840344,-0.003477379300356742,0.007840851343676292,719077072111807.4,0.981810521032708,732399028842605.0,-0.003477379300356742,0.0,0.0,0.0,0.0,0.0,0.0,0,0,,,0.0,,
buy_hold_50_50,54,uptrend,2025-01-24 08:00:00+00:00,2025-01-24 13:00:00+00:00,6,100664.69081377338,100561.62873823424,-0.0010238155474971977,0.002076246786937741,19.659551884216118,0.18332087955660473,107.24120423034387,-0.0028325474171095877,0.0,0.0,0.0,0.0,0.0,0.0,0,0,,,0.0,,
buy_hold_50_50,55,high_vol_chop,2025-01-24 14:00:00+00:00,2025-01-24 18:00:00+00:00,5,100636.69129036102,100384.6955796497,-0.002504014266369814,-0.0017594500089599396,-0.9542823756708879,0.20377650811017875,-4.682985220037839,-0.0027837179876131213,0.0,0.0,0.0,0.0,0.0,0.0,0,0,,,0.0,,
buy_hold_50_50,57,high_vol_chop,2025-01-24 20:00:00+00:00,2025-01-24 21:00:00+00:00,2,99594.75157869654,99597.87918503516,3.1403324864509585e-05,-0.005839433420349871,-0.9999999999927621,0.3906073039928268,-2.5601159777880813,0.0,0.0,0.0,0.0,0.0,0.0,0.0,0,0,,,0.0,,
buy_hold_50_50,58,sideways,2025-01-24 22:00:00+00:00,2025-01-27 03:00:00+00:00,54,99535.32705826285,97385.91683545812,-0.02159444577447933,-0.02220893022699355,-0.9738365365988236,0.21011305861556673,-4.634821571850055,-0.027171903881700543,0.0,0.0,0.0,0.0,0.0,0.0,0,0,,,0.0,,
buy_hold_50_50,59,downtrend,2025-01-27 04:00:00+00:00,2025-01-27 20:00:00+00:00,17,96989.75336590016,96836.64958894315,-0.0015785562045860235,-0.0056401096212196355,-0.9457711501754457,0.4954918874415241,-1.9087520384217422,-0.018124220703040872,0.0,0.0,0.0,0.0,0.0,0.0,0,0,,,0.0,,
buy_hold_50_50,60,high_vol_chop,2025-01-27 21:00:00+00:00,2025-01-28 09:00:00+00:00,13,97033.68878827596,97609.91302275706,0.005938393579351553,0.007985235312211847,211.60802927793347,0.168146915438091,1258.4710740997457,-0.0027534288484457603,0.0,0.0,0.0,0.0,0.0,0.0,0,0,,,0.0,,
buy_hold_50_50,62,sideways,2025-01-28 11:00:00+00:00,2025-01-30 12:00:00+00:00,50,97456.95817943524,97949.4817109496,0.0050537544031237225,0.003662601179357683,0.8974587007983013,0.256536510868289,3.4983663641510843,-0.0205573342095009,0.0,0.0,0.0,0.0,0.0,0.0,0,0,,,0.0,,
buy_hold_50_50,63,uptrend,2025-01-30 13:00:00+00:00,2025-01-30 14:00:00+00:00,2,98592.7260812582,98697.5753604194,0.0010634585666573493,0.007637545767495091,297177256004716.3,0.3642398444126511,815883436596357.4,0.0,0.0,0.0,0.0,0.0,0.0,0.0,0,0,,,0.0,,
buy_hold_50_50,65,uptrend,2025-01-30 16:00:00+00:00,2025-01-30 17:00:00+00:00,2,98838.3176456571,98741.80865006552,-0.0009764330058467108,0.002608628587241979,90301.12333937468,0.30211876675845445,298892.79738643614,-0.0009764330058467108,0.0,0.0,0.0,0.0,0.0,0.0,0,0,,,0.0,,
buy_hold_50_50,66,sideways,2025-01-30 18:00:00+00:00,2025-01-31 14:00:00+00:00,21,98709.341117598,99906.32074347672,0.012126305497801804,0.011793505803992188,132.05908300590542,0.3232529580522441,408.53170780439405,-0.008289909995262912,0.0,0.0,0.0,0.0,0.0,0.0,0,0,,,0.0,,
buy_hold_50_50,68,high_vol_chop,2025-01-31 16:00:00+00:00,2025-02-01 10:00:00+00:00,19,100689.71166448233,98162.15894197546,-0.025102393091849917,-0.028719887885008677,-0.9999985373288861,0.2721272840062292,-3.6747455918679415,-0.025102393091849917,0.0,0.0,0.0,0.0,0.0,0.0,0,0,,,0.0,,
buy_hold_50_50,69,sideways,2025-02-01 11:00:00+00:00,2025-02-01 14:00:00+00:00,4,98414.15465268676,98233.34921958776,-0.0018371893122191008,0.0007252313761190177,3.8923906289622376,0.26297340146975884,14.801461315888448,-0.004231703505988449,0.0,0.0,0.0,0.0,0.0,0.0,0,0,,,0.0,,
buy_hold_50_50,71,sideways,2025-02-01 16:00:00+00:00,2025-02-01 20:00:00+00:00,5,98287.11426188493,97095.79411414274,-0.012120817227046943,-0.013407990314770246,-0.9999999999464124,0.35281930501576725,-2.8343120280839598,-0.014958298078085241,0.0,0.0,0.0,0.0,0.0,0.0,0,0,,,0.0,,
buy_hold_50_50,74,downtrend,2025-02-01 23:00:00+00:00,2025-02-02 00:00:00+00:00,2,96416.06100321696,96919.45669009889,0.005221077086577264,0.0020109323273538315,6626.874341217071,0.5568880164068135,11899.8329035259,0.0,0.0,0.0,0.0,0.0,0.0,0.0,0,0,,,0.0,,
buy_hold_50_50,76,downtrend,2025-02-02 02:00:00+00:00,2025-02-02 07:00:00+00:00,6,96398.784701537,96178.36292148218,-0.0022865618144178868,-0.007872128608827245,-0.9999902552803395,0.381784962218191,-2.619249981639776,-0.0059481506658839445,0.0,0.0,0.0,0.0,0.0,0.0,0,0,,,0.0,,
buy_hold_50_50,77,sideways,2025-02-02 08:00:00+00:00,2025-02-02 10:00:00+00:00,3,96310.76492315024,96221.70260931728,-0.000924738931354474,0.0004506178574747999,2.72664278393869,0.11364247625191802,23.99316588186955,-0.001051409274976045,0.0,0.0,0.0,0.0,0.0,0.0,0,0,,,0.0,,
buy_hold_50_50,78,downtrend,2025-02-02 11:00:00+00:00,2025-02-02 12:00:00+00:00,2,95624.4787322769,95438.01382104134,-0.0019499704856703604,-0.008144615684653744,-0.9999999999999997,0.2817202239248719,-3.5496209184707874,-0.0019499704856703604,0.0,0.0,0.0,0.0,0.0,0.0,0,0,,,0.0,,
buy_hold_50_50,79,sideways,2025-02-02 13:00:00+00:00,2025-02-02 14:00:00+00:00,2,95965.83462409153,95966.87715953772,1.0863610474309837e-05,0.005541432782623312,32498950167.7217,0.3652987950750535,88965391087.71092,0.0,0.0,0.0,0.0,0.0,0.0,0.0,0,0,,,0.0,,
buy_hold_50_50,80,downtrend,2025-02-02 15:00:00+00:00,2025-02-03 20:00:00+00:00,30,95874.3893720958,90325.12212558083,-0.057880600678225314,-0.058788565398224635,-0.9999999792670619,1.1261061748163383,-0.8880157143531837,-0.09733447872507339,0.0,0.0,0.0,0.0,0.0,0.0,0,0,,,0.0,,
buy_hold_50_50,81,high_vol_chop,2025-02-03 21:00:00+00:00,2025-02-04 00:00:00+00:00,4,91998.54045037532,92352.2578339092,0.0038448151655696705,0.022442656711939124,1.2862419931519464e+21,0.988228704522254,1.3015630767108338e+21,-0.006328130132892462,0.0,0.0,0.0,0.0,0.0,0.0,0,0,,,0.0,,
buy_hold_50_50,82,uptrend,2025-02-04 01:00:00+00:00,2025-02-04 06:00:00+00:00,6,92533.95686881924,90659.92493744788,-0.02025236999243507,-0.018324759309132244,-0.9999999999981248,0.8128456882922508,-1.2302458072934805,-0.026139930147591195,0.0,0.0,0.0,0.0,0.0,0.0,0,0,,,0.0,,
buy_hold_50_50,83,high_vol_chop,2025-02-04 07:00:00+00:00,2025-02-04 09:00:00+00:00,3,90295.48433218156,90169.03967592042,-0.0014003430758062763,-0.005414578292075145,-0.9999998697131832,0.17958414775851803,-5.568419496902679,-0.0014003430758062763,0.0,0.0,0.0,0.0,0.0,0.0,0,0,,,0.0,,
buy_hold_50_50,84,uptrend,2025-02-04 10:00:00+00:00,2025-02-04 14:00:00+00:00,5,90992.49374478732,92012.68914571666,0.011211863297106106,0.02044659094099921,2515179983786852.0,0.410761761502834,6123208680829213.0,-0.0014583289399618948,0.0,0.0,0.0,0.0,0.0,0.0,0,0,,,0.0,,
buy_hold_50_50,85,high_vol_chop,2025-02-04 15:00:00+00:00,2025-02-04 20:00:00+00:00,6,91399.52936971288,90723.07279876088,-0.007401094684150067,-0.014015635875107124,-0.9999999988773595,0.5400311823766627,-1.8517449204995653,-0.015671027989057063,0.0,0.0,0.0,0.0,0.0,0.0,0,0,,,0.0,,
buy_hold_50_50,86,downtrend,2025-02-04 21:00:00+00:00,2025-02-04 23:00:00+00:00,3,89319.82008816872,90688.52019540092,0.015323587820498696,-0.00038085794819364693,-0.671203756112807,1.2482988028372322,-0.5376947847640662,0.0,0.0,0.0,0.0,0.0,0.0,0.0,0,0,,,0.0,,
buy_hold_50_50,87,high_vol_chop,2025-02-05 00:00:00+00:00,2025-02-05 20:00:00+00:00,21,90665.43548194924,91156.32074347672,0.00541424920001865,0.005158321550157385,7.5525225420294895,0.39812461755170403,18.97024752820931,-0.015526592730510824,0.0,0.0,0.0,0.0,0.0,0.0,0,0,,,0.0,,
buy_hold_50_50,89,high_vol_chop,2025-02-05 22:00:00+00:00,2025-02-06 05:00:00+00:00,8,91107.02371023472,92189.77123793638,0.01188434748066558,0.007357464384404322,3061.3278769277717,0.3105321606267295,9858.32794500018,-0.0033194534617507765,0.0,0.0,0.0,0.0,0.0,0.0,0,0,,,0.0,,
buy_hold_50_50,91,high_vol_chop,2025-02-06 07:00:00+00:00,2025-02-06 18:00:00+00:00,12,92189.92017157156,90136.27427618254,-0.02227625201938621,-0.02564478217471078,-0.9999999941971666,0.3378151798182662,-2.960198516641954,-0.02542669013415433,0.0,0.0,0.0,0.0,0.0,0.0,0,0,,,0.0,,
buy_hold_50_50,93,high_vol_chop,2025-02-06 20:00:00+00:00,2025-02-06 21:00:00+00:00,2,90557.75646371976,90353.41951626356,-0.0022564267870093246,0.003204730698442848,1219895.3368037243,0.5115792117572373,2384567.8416319396,-0.0022564267870093246,0.0,0.0,0.0,0.0,0.0,0.0,0,0,,,0.0,,
buy_hold_50_50,94,sideways,2025-02-06 22:00:00+00:00,2025-02-07 05:00:00+00:00,8,90222.20898367689,90428.6310020255,0.0022879291105137867,0.0008324143808238205,1.4870930710681725,0.21485803315864035,6.921282156437585,-0.0022945320805297653,0.0,0.0,0.0,0.0,0.0,0.0,0,0,,,0.0,,
buy_hold_50_50,96,sideways,2025-02-07 07:00:00+00:00,2025-02-07 19:00:00+00:00,13,90413.29083760278,89613.36828309306,-0.008847400056995025,-0.006147777913588004,-0.9843211561445002,0.3572244406214358,-2.755469794933831,-0.02030382467395031,0.0,0.0,0.0,0.0,0.0,0.0,0,0,,,0.0,,
buy_hold_50_50,97,high_vol_chop,2025-02-07 20:00:00+00:00,2025-02-08 10:00:00+00:00,15,88547.30132253068,88986.50661265341,0.00496012056339179,-0.006995180322419969,-0.9834197093061202,0.3884594784206213,-2.5315889145103574,-0.0069075885222124045,0.0,0.0,0.0,0.0,0.0,0.0,0,0,,,0.0,,
buy_hold_50_50,98,downtrend,2025-02-08 11:00:00+00:00,2025-02-08 14:00:00+00:00,4,88925.29488859765,88959.54962468724,0.00038520801232655444,-0.00030293343330711764,-0.48496721797626763,0.18316120785102546,-2.647761628492408,-0.001557580223755628,0.0,0.0,0.0,0.0,0.0,0.0,0,0,,,0.0,,
buy_hold_50_50,99,sideways,2025-02-08 15:00:00+00:00,2025-02-09 20:00:00+00:00,30,88800.04170141785,89282.58667937567,0.0054340625151994,0.0036312802397409083,1.8817947965667736,0.21675754480131387,8.681565378919936,-0.010037439533496784,0.0,0.0,0.0,0.0,0.0,0.0,0,0,,,0.0,,
buy_hold_50_50,100,high_vol_chop,2025-02-09 21:00:00+00:00,2025-02-10 21:00:00+00:00,25,88022.60812581913,89684.8564279757,0.018884333667784192,0.00450557901110793,3.8317510109767197,0.4664900794812354,8.214003211467764,-0.011394202405831555,0.0,0.0,0.0,0.0,0.0,0.0,0,0,,,0.0,,
buy_hold_50_50,101,sideways,2025-02-10 22:00:00+00:00,2025-02-10 23:00:00+00:00,2,89602.942928631,89644.79328011439,0.00046706447484345937,-0.0004467102859608829,-0.8587223530335671,0.09135787380679214,-9.399543982926232,0.0,0.0,0.0,0.0,0.0,0.0,0.0,0,0,,,0.0,,
buy_hold_50_50,103,sideways,2025-02-11 01:00:00+00:00,2025-02-11 21:00:00+00:00,21,90142.52948885976,89050.10127487192,-0.012118899038914166,-0.013870380388172565,-0.9970514200002679,0.30115456708802946,-3.3107630730661417,-0.021878782695647803,0.0,0.0,0.0,0.0,0.0,0.0,0,0,,,0.0,,
buy_hold_50_50,104,high_vol_chop,2025-02-11 22:00:00+00:00,2025-02-11 23:00:00+00:00,2,88506.79137376384,88761.1700226379,0.002874114459757271,-0.0032445920678088047,-0.999999342235061,0.5939984730520937,-1.683504903803618,0.0,0.0,0.0,0.0,0.0,0.0,0.0,0,0,,,0.0,,
buy_hold_50_50,105,sideways,2025-02-12 00:00:00+00:00,2025-02-12 21:00:00+00:00,22,88874.80638627429,89952.3412367449,0.012124187880504067,0.013419958454842895,200.9551642879573,0.2448745880663044,820.6452367100865,-0.005677300818439868,0.0,0.0,0.0,0.0,0.0,0.0,0,0,,,0.0,,
buy_hold_50_50,106,uptrend,2025-02-12 22:00:00+00:00,2025-02-12 23:00:00+00:00,2,90898.66555462884,90778.77397831526,-0.0013189585961690398,0.009187451156999593,2.4926781727810803e+17,0.7835397482377836,3.1813040479276595e+17,-0.0013189585961690398,0.0,0.0,0.0,0.0,0.0,0.0,0,0,,,0.0,,
buy_hold_50_50,108,uptrend,2025-02-13 01:00:00+00:00,2025-02-13 04:00:00+00:00,4,90944.68604789706,90538.54402478256,-0.004465813680423314,-0.0010401860174679145,-0.8976332141779978,0.2869888836621156,-3.1277630085310903,-0.004465813680423314,0.0,0.0,0.0,0.0,0.0,0.0,0,0,,,0.0,,
buy_hold_50_50,109,sideways,2025-02-13 05:00:00+00:00,2025-02-13 10:00:00+00:00,6,90521.7145240081,89876.68295007745,-0.007125710966947918,-0.007310268591506852,-0.9999777283175872,0.2606963852112785,-3.835794376309308,-0.008848319921553105,0.0,0.0,0.0,0.0,0.0,0.0,0,0,,,0.0,,
buy_hold_50_50,110,high_vol_chop,2025-02-13 11:00:00+00:00,2025-02-13 12:00:00+00:00,2,89564.51805075658,89558.26283807936,-6.984029851730966e-05,-0.003542855627804653,-0.9999998226713855,0.22524351506791013,-4.439638683359604,-6.984029851730966e-05,0.0,0.0,0.0,0.0,0.0,0.0,0,0,,,0.0,,
buy_hold_50_50,111,sideways,2025-02-13 13:00:00+00:00,2025-02-14 16:00:00+00:00,28,89606.81520314548,90857.41093768616,0.013956480114882819,0.01450617797216136,89.53705061976639,0.1818006328201424,492.50131438401814,-0.0053701783078702325,0.0,0.0,0.0,0.0,0.0,0.0,0,0,,,0.0,,
buy_hold_50_50,113,sideways,2025-02-14 18:00:00+00:00,2025-02-17 15:00:00+00:00,70,91056.38627427618,91046.25878708449,-0.00011122215152703507,-0.0031113988412149185,-0.3229271073430312,0.2312333320487241,-1.3965422047154774,-0.015520396997656172,0.0,0.0,0.0,0.0,0.0,0.0,0,0,,,0.0,,
buy_hold_50_50,114,high_vol_chop,2025-02-17 16:00:00+00:00,2025-02-18 14:00:00+00:00,23,90606.7556296914,90036.48874061718,-0.006293867218962079,-0.011090736290754188,-0.9857032477091272,0.3251402363360331,-3.031624934572542,-0.018455147633029467,0.0,0.0,0.0,0.0,0.0,0.0,0,0,,,0.0,,
buy_hold_50_50,115,sideways,2025-02-18 15:00:00+00:00,2025-02-21 14:00:00+00:00,72,89812.79042058859,91817.88395091148,0.022325255912138298,0.01978525856806934,9.844980813203717,0.21700477738469193,45.36757638174563,-0.008989468342843532,0.0,0.0,0.0,0.0,0.0,0.0,0,0,,,0.0,,
buy_hold_50_50,116,high_vol_chop,2025-02-21 15:00:00+00:00,2025-02-22 14:00:00+00:00,24,90572.0540926963,90766.11461932564,0.002142609313362076,-0.011454950673315034,-0.9850820240849482,0.3927066341758878,-2.5084425328138047,-0.01734270966302298,0.0,0.0,0.0,0.0,0.0,0.0,0,0,,,0.0,,
buy_hold_50_50,117,sideways,2025-02-22 15:00:00+00:00,2025-02-22 19:00:00+00:00,5,91342.33885380677,91256.10627904204,-0.0009440591936532572,0.005398398529797621,12487.415329609834,0.33789446193329686,36956.55518637932,-0.0036500925547553464,0.0,0.0,0.0,0.0,0.0,0.0,0,0,,,0.0,,
buy_hold_50_50,119,sideways,2025-02-22 21:00:00+00:00,2025-02-23 06:00:00+00:00,10,91196.5328249732,91626.05742880973,0.004709878660199562,0.0039655082378129425,31.037776081921294,0.15390967727523472,201.66227771640916,-0.003393591333289536,0.0,0.0,0.0,0.0,0.0,0.0,0,0,,,0.0,,
buy_hold_50_50,121,sideways,2025-02-23 08:00:00+00:00,2025-02-24 15:00:00+00:00,32,91803.73525557012,89594.00691052066,-0.024070135478669208,-0.02708953292793448,-0.9994568125275974,0.26940411328572156,-3.7098795572865098,-0.026448491166838672,0.0,0.0,0.0,0.0,0.0,0.0,0,0,,,0.0,,
buy_hold_50_50,122,downtrend,2025-02-24 16:00:00+00:00,2025-02-25 20:00:00+00:00,29,89633.17645657095,87100.55999046825,-0.028255346582856,-0.02783051016506788,-0.999801740154004,0.587295884894608,-1.7023816544081887,-0.04924623616272927,0.0,0.0,0.0,0.0,0.0,0.0,0,0,,,0.0,,
buy_hold_50_50,123,high_vol_chop,2025-02-25 21:00:00+00:00,2025-02-26 14:00:00+00:00,18,87399.46979625878,86241.36184916002,-0.013250743394650821,-0.009864438775160966,-0.9919696606055883,0.2991056223764056,-3.3164527390837777,-0.01646800207894883,0.0,0.0,0.0,0.0,0.0,0.0,0,0,,,0.0,,
buy_hold_50_50,125,high_vol_chop,2025-02-26 16:00:00+00:00,2025-02-26 17:00:00+00:00,2,85681.07351364233,85218.63457643274,-0.005397212222556513,-0.010577390287891175,-1.0,0.012503281335535452,-79.97900496391375,-0.005397212222556513,0.0,0.0,0.0,0.0,0.0,0.0,0,0,,,0.0,,
buy_hold_50_50,126,downtrend,2025-02-26 18:00:00+00:00,2025-02-27 07:00:00+00:00,14,84117.71714524008,85064.93506493507,0.011260623229461864,-0.0018035904032212002,-0.6768217373366936,0.43594581655901565,-1.5525363740818685,-0.006505233995546256,0.0,0.0,0.0,0.0,0.0,0.0,0,0,,,0.0,,
buy_hold_50_50,129,high_vol_chop,2025-02-27 10:00:00+00:00,2025-02-27 13:00:00+00:00,4,85386.9295841773,84774.66340998451,-0.007170490579465061,-0.003925075334147876,-0.9998182410251517,0.29116299404209744,-3.433878142084891,-0.007170490579465061,0.0,0.0,0.0,0.0,0.0,0.0,0,0,,,0.0,,
buy_hold_50_50,131,high_vol_chop,2025-02-27 15:00:00+00:00,2025-02-27 17:00:00+00:00,3,84584.92195877517,84551.1140235911,-0.0003996922193834074,0.0023287799417719413,889.8105742739397,0.4690939512031362,1896.8707057333522,-0.004908995187846599,0.0,0.0,0.0,0.0,0.0,0.0,0,0,,,0.0,,
buy_hold_50_50,135,high_vol_chop,2025-02-27 21:00:00+00:00,2025-02-28 00:00:00+00:00,4,83945.84773025141,84153.31228404623,0.0024714093597753006,0.007056034790047905,4869265.367614844,0.2677832542357596,18183606.669175375,-0.002193257411073346,0.0,0.0,0.0,0.0,0.0,0.0,0,0,,,0.0,,
buy_hold_50_50,136,downtrend,2025-02-28 01:00:00+00:00,2025-02-28 14:00:00+00:00,14,82649.38043607768,82251.87656380318,-0.004809520291346181,-0.022594900528989936,-0.9999993840637231,0.5422974620181822,-1.8440052814228274,-0.01595124526751479,0.0,0.0,0.0,0.0,0.0,0.0,0,0,,,0.0,,
buy_hold_50_50,137,high_vol_chop,2025-02-28 15:00:00+00:00,2025-03-01 02:00:00+00:00,12,83101.9897533659,83587.51340402717,0.005842503315531156,0.01623837529333305,127872.70572038014,0.38543078956417587,331765.6741044783,-0.0038398352517613477,0.0,0.0,0.0,0.0,0.0,0.0,0,0,,,0.0,,
buy_hold_50_50,138,uptrend,2025-03-01 03:00:00+00:00,2025-03-01 08:00:00+00:00,6,83694.8945549863,83274.75277016562,-0.005019921311265274,-0.0037417147744279733,-0.99580201004443,0.20035952091501696,-4.970075819191054,-0.007394585833885747,0.0,0.0,0.0,0.0,0.0,0.0,0,0,,,0.0,,
buy_hold_50_50,139,high_vol_chop,2025-03-01 09:00:00+00:00,2025-03-01 14:00:00+00:00,6,83254.19992851187,82206.89860598117,-0.012579561432696229,-0.012823264298744808,-0.9999999934450176,0.28032524099053524,-3.567284879204941,-0.014547354034511684,0.0,0.0,0.0,0.0,0.0,0.0,0,0,,,0.0,,
buy_hold_50_50,141,high_vol_chop,2025-03-01 16:00:00+00:00,2025-03-01 17:00:00+00:00,2,82895.86560228762,82707.31562015966,-0.002274540241036571,0.004231541257527338,107720122.26116525,0.5820969288671833,185055300.79122558,-0.002274540241036571,0.0,0.0,0.0,0.0,0.0,0.0,0,0,,,0.0,,
buy_hold_50_50,144,sideways,2025-03-01 20:00:00+00:00,2025-03-02 15:00:00+00:00,20,83119.7128559514,83205.20076254022,0.0010284913608518131,0.001259924368693488,0.7358540194999066,0.22649072567244857,3.248936649901067,-0.008860266950347695,0.0,0.0,0.0,0.0,0.0,0.0,0,0,,,0.0,,
buy_hold_50_50,145,uptrend,2025-03-02 16:00:00+00:00,2025-03-03 08:00:00+00:00,17,86382.84880257357,84923.44811152152,-0.016894565429157016,0.02065072054672412,37525.78632355946,1.0064832132260586,37284.06577520442,-0.032839132182552966,0.0,0.0,0.0,0.0,0.0,0.0,0,0,,,0.0,,
buy_hold_50_50,147,uptrend,2025-03-03 10:00:00+00:00,2025-03-03 13:00:00+00:00,4,85129.12546169426,85393.78053139521,0.003108866304752933,0.0052227514906495465,90043.64619150959,0.1146004318767673,785718.2099307947,-0.0005091052868221313,0.0,0.0,0.0,0.0,0.0,0.0,0,0,,,0.0,,
buy_hold_50_50,148,high_vol_chop,2025-03-03 14:00:00+00:00,2025-03-03 15:00:00+00:00,2,83863.04062909567,84051.7395448588,0.002250084355964299,-0.015715910200778782,-1.0,1.3352624261868302,-0.7489164529670362,0.0,0.0,0.0,0.0,0.0,0.0,0.0,0,0,,,0.0,,
buy_hold_50_50,149,downtrend,2025-03-03 16:00:00+00:00,2025-03-04 17:00:00+00:00,26,83898.93363517217,81544.29286310021,-0.028065205003807603,-0.02983218069413507,-0.9999629826569334,0.5808292697341786,-1.7216125886950822,-0.03927169058388302,0.0,0.0,0.0,0.0,0.0,0.0,0,0,,,0.0,,
buy_hold_50_50,150,high_vol_chop,2025-03-04 18:00:00+00:00,2025-03-05 00:00:00+00:00,7,81984.83855593948,82238.17466936733,0.0030900361321684056,0.008509262658418226,40281.94110071534,0.4376144397696961,92048.93038244937,-0.00609978841528469,0.0,0.0,0.0,0.0,0.0,0.0,0,0,,,0.0,,
buy_hold_50_50,151,uptrend,2025-03-05 01:00:00+00:00,2025-03-05 02:00:00+00:00,2,82603.65781007984,82449.66043131182,-0.0018642924883797152,0.0025716251946827917,76822.05765200742,0.4175061243584852,184002.22935662937,-0.0018642924883797152,0.0,0.0,0.0,0.0,0.0,0.0,0,0,,,0.0,,
buy_hold_50_50,152,high_vol_chop,2025-03-05 03:00:00+00:00,2025-03-05 06:00:00+00:00,4,82175.62254259503,82614.82783271774,0.005344715093518859,0.002003251445086729,79.05647087252943,0.24167693990028224,327.1163186075955,0.0,0.0,0.0,0.0,0.0,0.0,0.0,0,0,,,0.0,,
buy_hold_50_50,153,uptrend,2025-03-05 07:00:00+00:00,2025-03-05 13:00:00+00:00,7,82862.20660073872,82802.18634576432,-0.0007243381203158039,0.0022678557586053305,16.027781135926638,0.2767557751992014,57.91308645461967,-0.0065294190175138045,0.0,0.0,0.0,0.0,0.0,0.0,0,0,,,0.0,,
buy_hold_50_50,155,uptrend,2025-03-05 15:00:00+00:00,2025-03-05 16:00:00+00:00,2,82568.65840581438,82622.5723817467,0.0006529593307345039,0.0034221488272989653,3151605.5975018996,0.13993584222058975,22521789.610797666,0.0,0.0,0.0,0.0,0.0,0.0,0.0,0,0,,,0.0,,
buy_hold_50_50,156,high_vol_chop,2025-03-05 17:00:00+00:00,2025-03-05 18:00:00+00:00,2,82676.0395567735,82845.97283450494,0.0020554114425710424,0.0027038670706844847,136892.113559238,0.09320257122685416,1468758.9811878034,0.0,0.0,0.0,0.0,0.0,0.0,0.0,0,0,,,0.0,,
buy_hold_50_50,157,sideways,2025-03-05 19:00:00+00:00,2025-03-06 02:00:00+00:00,8,83039.28869295842,84028.05909686643,0.0119072600388479,0.014268481881706707,5463342.063932954,0.16641381201128344,32829859.48042895,-0.0006054998678258761,0.0,0.0,0.0,0.0,0.0,0.0,0,0,,,0.0,,
buy_hold_50_50,158,uptrend,2025-03-06 03:00:00+00:00,2025-03-06 05:00:00+00:00,3,84101.33444537115,84468.90265697605,0.004370539588092415,0.0052463851342967605,4322733.481772893,0.08146472858781996,53062638.96912066,0.0,0.0,0.0,0.0,0.0,0.0,0.0,0,0,,,0.0,,
buy_hold_50_50,159,sideways,2025-03-06 06:00:00+00:00,2025-03-06 16:00:00+00:00,11,84138.26998689384,83098.2664124866,-0.012360648425136844,-0.01622651888891602,-0.9999978025192112,0.3376107636030727,-2.9619843628412976,-0.013270635006251585,0.0,0.0,0.0,0.0,0.0,0.0,0,0,,,0.0,,
buy_hold_50_50,161,sideways,2025-03-06 18:00:00+00:00,2025-03-06 23:00:00+00:00,6,82790.12272131539,82800.54807577743,0.00012592509975051236,0.002047510904437555,18.812433830670127,0.14514317380088618,129.61294243488058,-0.0020588652367695692,0.0,0.0,0.0,0.0,0.0,0.0,0,0,,,0.0,,
buy_hold_50_50,164,downtrend,2025-03-07 02:00:00+00:00,2025-03-07 05:00:00+00:00,4,82110.68747765996,82390.08697724294,0.003402717821099799,-0.00014639938837590627,-0.27431419385005906,0.2911023060745183,-0.9423291678762526,-0.0014927701315379238,0.0,0.0,0.0,0.0,0.0,0.0,0,0,,,0.0,,
buy_hold_50_50,165,high_vol_chop,2025-03-07 06:00:00+00:00,2025-03-08 14:00:00+00:00,33,82506.25521267724,82446.68175860836,-0.0007220477273548465,0.0006869125090387396,0.1999518719904667,0.28665743515268627,0.6975289926945855,-0.016846199344003887,0.0,0.0,0.0,0.0,0.0,0.0,0,0,,,0.0,,
buy_hold_50_50,166,sideways,2025-03-08 15:00:00+00:00,2025-03-09 15:00:00+00:00,25,82476.61741927797,81231.38329560347,-0.01509802611501665,-0.014740416922576327,-0.9945026427278797,0.22501178635816185,-4.419780220512018,-0.022793482662118225,0.0,0.0,0.0,0.0,0.0,0.0,0,0,,,0.0,,
buy_hold_50_50,167,downtrend,2025-03-09 16:00:00+00:00,2025-03-10 08:00:00+00:00,17,80519.18265221018,80714.58358155607,0.002426762454729614,-0.0063620695977408825,-0.9627017916635364,0.3096915507596472,-3.108582682679299,-0.007245143700590817,0.0,0.0,0.0,0.0,0.0,0.0,0,0,,,0.0,,
buy_hold_50_50,168,high_vol_chop,2025-03-10 09:00:00+00:00,2025-03-10 16:00:00+00:00,8,81308.82878589301,79856.13010842369,-0.017866432208667682,-0.01063566749700151,-0.9999917758067823,0.5876136149939131,-1.701784557556824,-0.02255724077584942,0.0,0.0,0.0,0.0,0.0,0.0,0,0,,,0.0,,
buy_hold_50_50,169,downtrend,2025-03-10 17:00:00+00:00,2025-03-11 15:00:00+00:00,23,78547.59918980103,78507.98284284523,-0.0005043610163063539,-0.01688220132565954,-0.9984735506914781,0.6433821408178827,-1.5519136875981587,-0.019643534319302214,0.0,0.0,0.0,0.0,0.0,0.0,0,0,,,0.0,,
buy_hold_50_50,170,high_vol_chop,2025-03-11 16:00:00+00:00,2025-03-11 17:00:00+00:00,2,78563.68402239963,78365.7512212558,-0.002519393070816056,-0.0018116835567426604,-0.9996446369745369,0.2136930102330805,-4.67794728467814,-0.002519393070816056,0.0,0.0,0.0,0.0,0.0,0.0,0,0,,,0.0,,
buy_hold_50_50,172,high_vol_chop,2025-03-11 19:00:00+00:00,2025-03-11 23:00:00+00:00,5,79061.86703205052,78639.7891099726,-0.005338577723023152,-0.005606445246291836,-0.9999472596664403,0.19485995030617195,-5.131620212851754,-0.005338577723023152,0.0,0.0,0.0,0.0,0.0,0.0,0,0,,,0.0,,
buy_hold_50_50,174,high_vol_chop,2025-03-12 01:00:00+00:00,2025-03-13 07:00:00+00:00,31,78602.40676754438,77879.03610151316,-0.00920290733807283,-0.007531140926095192,-0.8818982622452979,0.3029496101329878,-2.9110394360902627,-0.013046463721675616,0.0,0.0,0.0,0.0,0.0,0.0,0,0,,,0.0,,
buy_hold_50_50,175,sideways,2025-03-13 08:00:00+00:00,2025-03-14 16:00:00+00:00,33,77929.67353747171,78841.89205290122,0.011705663247657316,0.012363480592299636,25.096982451118695,0.2185902587272723,114.8129042769072,-0.013982489077071891,0.0,0.0,0.0,0.0,0.0,0.0,0,0,,,0.0,,
buy_hold_50_50,177,sideways,2025-03-14 18:00:00+00:00,2025-03-19 10:00:00+00:00,113,78825.06255212678,79394.88264029549,0.007228920215469392,0.007291725714716701,0.7563172250656811,0.16569411273766632,4.564538911911212,-0.0145040023058709,0.0,0.0,0.0,0.0,0.0,0.0,0,0,,,0.0,,
buy_hold_50_50,178,uptrend,2025-03-19 11:00:00+00:00,2025-03-19 23:00:00+00:00,13,80202.10294292864,80632.67008221138,0.0053685268027090505,0.015590267291202942,33669.98070684064,0.34994546442769203,96214.93669565117,-0.004388041796887454,0.0,0.0,0.0,0.0,0.0,0.0,0,0,,,0.0,,
buy_hold_50_50,179,high_vol_chop,2025-03-20 00:00:00+00:00,2025-03-20 01:00:00+00:00,2,80285.05897771953,80196.59239842727,-0.0011019058890747724,-0.0054082009604728976,-0.9999999999516331,0.21238588864585922,-4.7084107438939755,-0.0011019058890747724,0.0,0.0,0.0,0.0,0.0,0.0,0,0,,,0.0,,
buy_hold_50_50,181,high_vol_chop,2025-03-20 03:00:00+00:00,2025-03-20 10:00:00+00:00,8,80130.76373168116,79516.85928750149,-0.007661282828095084,-0.009605146488686489,-0.9999742859472504,0.17938627603319934,-5.574419114214642,-0.007661282828095084,0.0,0.0,0.0,0.0,0.0,0.0,0,0,,,0.0,,
buy_hold_50_50,182,sideways,2025-03-20 11:00:00+00:00,2025-03-24 17:00:00+00:00,103,79616.49588943167,81106.27904205886,0.018711990976042703,0.019988462431729692,4.382874871606133,0.1533032518093919,28.589575366969633,-0.01076267818864618,0.0,0.0,0.0,0.0,0.0,0.0,0,0,,,0.0,,
buy_hold_50_50,184,sideways,2025-03-24 19:00:00+00:00,2025-03-28 04:00:00+00:00,82,81118.64053377815,78849.78553556534,-0.027969588534561773,-0.029429018739390522,-0.9588721313504651,0.19933130287577405,-4.8104443081277966,-0.027969588534561773,0.0,0.0,0.0,0.0,0.0,0.0,0,0,,,0.0,,
buy_hold_50_50,185,downtrend,2025-03-28 05:00:00+00:00,2025-03-29 00:00:00+00:00,20,78523.91874180865,78338.04956511379,-0.002367038982173164,-0.006490010936310631,-0.9422648571330956,0.1683687778396597,-5.596434619430626,-0.008825186205169921,0.0,0.0,0.0,0.0,0.0,0.0,0,0,,,0.0,,
buy_hold_50_50,187,downtrend,2025-03-29 02:00:00+00:00,2025-03-29 03:00:00+00:00,2,78213.09424520434,78287.26319552008,0.0009482932625477503,-0.0018267649549765785,-0.9996673925522596,0.24624324440642634,-4.059674388070931,0.0,0.0,0.0,0.0,0.0,0.0,0.0,0,0,,,0.0,,
buy_hold_50_50,188,sideways,2025-03-29 04:00:00+00:00,2025-04-01 08:00:00+00:00,77,78204.90289526987,78062.67127368045,-0.0018187046633111326,-0.002868818153455188,-0.2788035346395741,0.2017974252185346,-1.3816010503486178,-0.020544697285654778,0.0,0.0,0.0,0.0,0.0,0.0,0,0,,,0.0,,
buy_hold_50_50,190,sideways,2025-04-01 10:00:00+00:00,2025-04-01 19:00:00+00:00,10,77900.92934588347,78447.81365423568,0.007020253968011314,0.0047535661283615305,62.70467574925453,0.24811937691098693,252.71978565281458,-0.002124047428774589,0.0,0.0,0.0,0.0,0.0,0.0,0,0,,,0.0,,
buy_hold_50_50,192,sideways,2025-04-01 21:00:00+00:00,2025-04-02 21:00:00+00:00,25,78521.08900274038,77803.3778148457,-0.009140362124494095,-0.008760578346172943,-0.9541890395770729,0.2146612074306184,-4.445093042185932,-0.011577665575412288,0.0,0.0,0.0,0.0,0.0,0.0,0,0,,,0.0,,
buy_hold_50_50,193,downtrend,2025-04-02 22:00:00+00:00,2025-04-02 23:00:00+00:00,2,76771.7145240081,76731.6513761468,-0.0005218477678882172,-0.01377480604054715,-1.0,0.8430228135506392,-1.1862075188549228,-0.0005218477678882172,0.0,0.0,0.0,0.0,0.0,0.0,0,0,,,0.0,,
buy_hold_50_50,194,high_vol_chop,2025-04-03 00:00:00+00:00,2025-04-03 11:00:00+00:00,12,77109.49600857857,76734.63004885023,-0.004861475941778104,3.8819348339602655e-05,0.028742902944926207,0.21419193923475788,0.1341922718829466,-0.008136578977776199,0.0,0.0,0.0,0.0,0.0,0.0,0,0,,,0.0,,
buy_hold_50_50,197,downtrend,2025-04-03 14:00:00+00:00,2025-04-03 19:00:00+00:00,6,76170.91623972358,76601.0365781008,0.0056467791069172435,0.0004765748854760332,1.0049789966352125,0.31821451117403715,3.1581809167890893,-0.0017085501453629748,0.0,0.0,0.0,0.0,0.0,0.0,0,0,,,0.0,,
buy_hold_50_50,198,high_vol_chop,2025-04-03 20:00:00+00:00,2025-04-03 23:00:00+00:00,4,76779.16120576671,77055.28416537591,0.003596326858393173,0.005930044912799026,420181.2249971658,0.12594148557253013,3336321.015168445,-0.00031727299987438506,0.0,0.0,0.0,0.0,0.0,0.0,0,0,,,0.0,,
buy_hold_50_50,200,high_vol_chop,2025-04-04 01:00:00+00:00,2025-04-04 14:00:00+00:00,14,76533.42070773264,76652.12081496484,0.001550957818617471,-0.003915261585148211,-0.9141061917685753,0.32072252482686764,-2.8501465316850694,-0.008843824650498266,0.0,0.0,0.0,0.0,0.0,0.0,0,0,,,0.0,,
buy_hold_50_50,201,sideways,2025-04-04 15:00:00+00:00,2025-04-04 16:00:00+00:00,2,76730.60884070059,76760.84236864053,0.00039402173913027916,0.0014183763282706874,495.74988816119713,0.041689715097559116,11891.419430453789,0.0,0.0,0.0,0.0,0.0,0.0,0.0,0,0,,,0.0,,
buy_hold_50_50,202,high_vol_chop,2025-04-04 17:00:00+00:00,2025-04-05 00:00:00+00:00,8,77116.3469557965,77136.89979745026,0.00026651731396887257,0.004899078973153115,209.90202781760135,0.19833893837432,1058.299643721288,-0.002858301628073101,0.0,0.0,0.0,0.0,0.0,0.0,0,0,,,0.0,,
buy_hold_50_50,203,sideways,2025-04-05 01:00:00+00:00,2025-04-06 16:00:00+00:00,40,77089.98570237102,75775.64637197665,-0.01704941722870168,-0.017647240543087084,-0.9797429684007376,0.16888889949814842,-5.801109316906164,-0.017315206285622664,0.0,0.0,0.0,0.0,0.0,0.0,0,0,,,0.0,,
buy_hold_50_50,204,downtrend,2025-04-06 17:00:00+00:00,2025-04-07 17:00:00+00:00,25,75080.2752293578,73315.70951983795,-0.023502387333149577,-0.03246342287947046,-0.9999904971420125,0.6757502866495632,-1.4798225274902426,-0.05046427530007791,0.0,0.0,0.0,0.0,0.0,0.0,0,0,,,0.0,,
buy_hold_50_50,205,high_vol_chop,2025-04-07 18:00:00+00:00,2025-04-08 05:00:00+00:00,12,73070.56475634457,73696.83069224353,0.008570700636942652,0.005198356189984654,43.03438064360409,0.37138478682762144,115.87545362642582,-0.006939421383953537,0.0,0.0,0.0,0.0,0.0,0.0,0,0,,,0.0,,
buy_hold_50_50,206,uptrend,2025-04-08 06:00:00+00:00,2025-04-08 07:00:00+00:00,2,73471.04730132253,73384.96366019303,-0.0011716675383223185,-0.0042317563607702224,-0.9999999914250601,0.12521624863205283,-7.986183920615239,-0.0011716675383223185,0.0,0.0,0.0,0.0,0.0,0.0,0,0,,,0.0,,
buy_hold_50_50,208,uptrend,2025-04-08 09:00:00+00:00,2025-04-08 11:00:00+00:00,3,73348.77278684618,73651.70380078637,0.004130007939199265,0.004427771470121966,400532.77402812545,0.2461241889004632,1627360.4630957574,-0.0003573654853976649,0.0,0.0,0.0,0.0,0.0,0.0,0,0,,,0.0,,
buy_hold_50_50,209,high_vol_chop,2025-04-08 12:00:00+00:00,2025-04-08 16:00:00+00:00,5,73396.72941737162,72130.49565113786,-0.01725190994592296,-0.020654079554806914,-0.9999999999999999,0.38943333575026867,-2.5678335884457213,-0.01725190994592296,0.0,0.0,0.0,0.0,0.0,0.0,0,0,,,0.0,,
buy_hold_50_50,212,downtrend,2025-04-08 19:00:00+00:00,2025-04-09 13:00:00+00:00,19,71820.56475634457,72133.62325747647,0.004358897791934213,0.0023821202318792256,1.995097407769029,0.32265458389487683,6.183384670025473,-0.013133010485326113,0.0,0.0,0.0,0.0,0.0,0.0,0,0,,,0.0,,
buy_hold_50_50,213,high_vol_chop,2025-04-09 14:00:00+00:00,2025-04-09 16:00:00+00:00,3,71891.15929941618,72362.53425473609,0.006556786118258495,0.0031734299058088222,10421.718748693784,0.3596335107310231,28978.719829277503,0.0,0.0,0.0,0.0,0.0,0.0,0.0,0,0,,,0.0,,
buy_hold_50_50,214,uptrend,2025-04-09 17:00:00+00:00,2025-04-10 14:00:00+00:00,22,74313.4159418563,73302.30549267246,-0.013606028418542304,0.012986986257668587,169.35605562464752,0.5980485413106192,283.18111980259147,-0.021567302148977285,0.0,0.0,0.0,0.0,0.0,0.0,0,0,,,0.0,,
buy_hold_50_50,215,high_vol_chop,2025-04-10 15:00:00+00:00,2025-04-10 16:00:00+00:00,2,72268.8549982128,72485.10663648279,0.002992321357178529,-0.011148337705031097,-1.0,1.1310955037318537,-0.8840986430417884,0.0,0.0,0.0,0.0,0.0,0.0,0.0,0,0,,,0.0,,
buy_hold_50_50,216,downtrend,2025-04-10 17:00:00+00:00,2025-04-11 02:00:00+00:00,10,72494.93625640415,72841.3558918146,0.004778535623304991,0.004914792456861994,72.31848497151306,0.2736881199229934,264.2368437178093,-0.004709829877343807,0.0,0.0,0.0,0.0,0.0,0.0,0,0,,,0.0,,
buy_hold_50_50,217,high_vol_chop,2025-04-11 03:00:00+00:00,2025-04-11 14:00:00+00:00,12,72989.99165971644,73168.26522101751,0.0024424384391246168,0.004487963262084893,25.28197496432068,0.15410297466661177,164.0589678363835,-0.0029144519064695507,0.0,0.0,0.0,0.0,0.0,0.0,0,0,,,0.0,,
buy_hold_50_50,218,sideways,2025-04-11 15:00:00+00:00,2025-04-12 13:00:00+00:00,23,73304.39056356487,74396.52091028239,0.014898566625016763,0.016786726944457264,566.07017970464,0.18732795895741922,3021.8136302510575,-0.006532955468539381,0.0,0.0,0.0,0.0,0.0,0.0,0,0,,,0.0,,
buy_hold_50_50,219,uptrend,2025-04-12 14:00:00+00:00,2025-04-12 15:00:00+00:00,2,74621.7085666627,74652.98463004886,0.0004191282133163554,0.0034472542079722057,3516609.2510035816,0.17258360453033408,20376264.94459667,0.0,0.0,0.0,0.0,0.0,0.0,0.0,0,0,,,0.0,,
buy_hold_50_50,220,sideways,2025-04-12 16:00:00+00:00,2025-04-12 17:00:00+00:00,2,74470.39199332776,74328.60717264387,-0.00190390861238654,-0.004345137157107382,-0.9999999947925138,0.035868866364643995,-27.87933091128343,-0.00190390861238654,0.0,0.0,0.0,0.0,0.0,0.0,0,0,,,0.0,,
buy_hold_50_50,222,sideways,2025-04-12 19:00:00+00:00,2025-04-12 21:00:00+00:00,3,74463.2431788395,74533.68878827595,0.00094604541017973,-0.0006130730335732748,-0.8331603714259155,0.13482525479413962,-6.179557180871206,-0.00036354121099180237,0.0,0.0,0.0,0.0,0.0,0.0,0,0,,,0.0,,
buy_hold_50_50,228,sideways,2025-04-13 03:00:00+00:00,2025-04-13 16:00:00+00:00,14,74186.52448468962,73759.0849517455,-0.005761686989829706,-0.005925331192292438,-0.9757318923268241,0.21603023260618795,-4.5166451035838735,-0.010718062001039419,0.0,0.0,0.0,0.0,0.0,0.0,0,0,,,0.0,,
buy_hold_50_50,229,high_vol_chop,2025-04-13 17:00:00+00:00,2025-04-14 12:00:00+00:00,20,74372.09579411414,74989.8725128083,0.008306565951891054,0.016686589345136227,1404.87793633609,0.32167981182805727,4367.317701264444,-0.010120873751411796,0.0,0.0,0.0,0.0,0.0,0.0,0,0,,,0.0,,
buy_hold_50_50,230,uptrend,2025-04-14 13:00:00+00:00,2025-04-14 14:00:00+00:00,2,74696.32431788395,74922.40557607531,0.003026671797520253,-0.0008996806431624815,-0.9805979184503636,0.45937793546682293,-2.1346212840063234,0.0,0.0,0.0,0.0,0.0,0.0,0.0,0,0,,,0.0,,
buy_hold_50_50,231,high_vol_chop,2025-04-14 15:00:00+00:00,2025-04-15 09:00:00+00:00,19,74241.62992970333,74547.8374836173,0.0041244724045512715,-0.0049994135876707535,-0.9008155343425894,0.23736963508420697,-3.7949906019909614,-0.005354484880572996,0.0,0.0,0.0,0.0,0.0,0.0,0,0,,,0.0,,
buy_hold_50_50,232,sideways,2025-04-15 10:00:00+00:00,2025-04-16 16:00:00+00:00,31,74323.84129631837,73720.51114023592,-0.008117585764668145,-0.011097925457102642,-0.9573014638191749,0.18648545093778177,-5.13338418093841,-0.01554282879484059,0.0,0.0,0.0,0.0,0.0,0.0,0,0,,,0.0,,
buy_hold_50_50,233,high_vol_chop,2025-04-16 17:00:00+00:00,2025-04-17 16:00:00+00:00,24,73018.43798403432,73905.48671511974,0.012148284126255682,0.002509146667905915,1.49600502957002,0.2930760989340771,5.1044934575389,-0.006547149761765958,0.0,0.0,0.0,0.0,0.0,0.0,0,0,,,0.0,,
buy_hold_50_50,234,sideways,2025-04-17 17:00:00+00:00,2025-04-22 06:00:00+00:00,110,73979.65566543548,73585.42833313475,-0.005328861411353025,-0.004330644397467331,-0.2922226444940288,0.1449165345446501,-2.016489322024136,-0.016242916694131027,0.0,0.0,0.0,0.0,0.0,0.0,0,0,,,0.0,,
buy_hold_50_50,235,high_vol_chop,2025-04-22 07:00:00+00:00,2025-04-22 15:00:00+00:00,9,74116.82354342905,75377.54676516145,0.01700994674972356,0.024354256985682277,14842437597.718576,0.27235974704682575,54495709291.31012,-0.0004914625926757399,0.0,0.0,0.0,0.0,0.0,0.0,0,0,,,0.0,,
buy_hold_50_50,236,uptrend,2025-04-22 16:00:00+00:00,2025-04-23 20:00:00+00:00,29,75209.2517574169,76750.41701417849,0.020491697773201034,0.018213251928909324,232.26071498869564,0.29846026423410815,778.1964395987853,-0.006165921448750056,0.0,0.0,0.0,0.0,0.0,0.0,0,0,,,0.0,,
buy_hold_50_50,237,sideways,2025-04-23 21:00:00+00:00,2025-05-01 13:00:00+00:00,185,76693.67329917788,77209.28154414393,0.006722956702760685,0.005978658459674602,0.3261163639406537,0.1890384437330917,1.7251325047994253,-0.0194897474505642,0.0,0.0,0.0,0.0,0.0,0.0,0,0,,,0.0,,
buy_hold_50_50,238,uptrend,2025-05-01 14:00:00+00:00,2025-05-01 16:00:00+00:00,3,77538.57381150959,77707.01775288931,0.0021723889555822495,0.006446585161666185,140907305.5306292,0.1723896625183032,817376770.000165,0.0,0.0,0.0,0.0,0.0,0.0,0.0,0,0,,,0.0,,
buy_hold_50_50,239,sideways,2025-05-01 17:00:00+00:00,2025-05-08 05:00:00+00:00,157,77651.91230787561,78245.85964494222,0.007648843659016524,0.006934275791750544,0.47045341863406676,0.17288036680513497,2.7212657361165036,-0.018824824602118317,0.0,0.0,0.0,0.0,0.0,0.0,0,0,,,0.0,,
buy_hold_50_50,240,high_vol_chop,2025-05-08 06:00:00+00:00,2025-05-08 07:00:00+00:00,2,78462.85595138806,78723.7876802097,0.0033255446243671827,0.006108029708359997,383189978138.7233,0.03655089880375623,10483736123592.781,0.0,0.0,0.0,0.0,0.0,0.0,0.0,0,0,,,0.0,,
buy_hold_50_50,241,uptrend,2025-05-08 08:00:00+00:00,2025-05-10 05:00:00+00:00,46,78815.53079947576,85053.16930775647,0.07914225083569693,0.0803998615165451,2486912.8234376577,0.49426865670192643,5031500.1562751625,-0.019871543796771696,0.0,0.0,0.0,0.0,0.0,0.0,0,0,,,0.0,,
buy_hold_50_50,242,high_vol_chop,2025-05-10 06:00:00+00:00,2025-05-10 13:00:00+00:00,8,85263.46360061957,86318.21160490887,0.012370456931351193,0.014873546834862417,10497022.145562574,0.3177975590822943,33030531.058435064,-0.0031070625320214207,0.0,0.0,0.0,0.0,0.0,0.0,0,0,,,0.0,,
buy_hold_50_50,243,uptrend,2025-05-10 14:00:00+00:00,2025-05-10 16:00:00+00:00,3,86282.02073156202,86658.67389491243,0.004365372532502798,0.00394426950782889,98184.41010157824,0.2813269965581897,349004.5793783952,-0.00041944860632603387,0.0,0.0,0.0,0.0,0.0,0.0,0,0,,,0.0,,
buy_hold_50_50,245,uptrend,2025-05-10 18:00:00+00:00,2025-05-11 06:00:00+00:00,13,87169.21839628261,87553.4671750268,0.004408078744005062,0.01033938125265288,1022.9066387121038,0.4067820100389658,2514.6309656469793,-0.010403182229075436,0.0,0.0,0.0,0.0,0.0,0.0,0,0,,,0.0,,
buy_hold_50_50,246,high_vol_chop,2025-05-11 07:00:00+00:00,2025-05-11 10:00:00+00:00,4,86842.30906707971,87397.38472536638,0.006391765307137476,-0.0017827100935750018,-0.9799117300098728,0.546849546001219,-1.7919219960506072,-0.000808791478232429,0.0,0.0,0.0,0.0,0.0,0.0,0,0,,,0.0,,
buy_hold_50_50,248,high_vol_chop,2025-05-11 12:00:00+00:00,2025-05-12 06:00:00+00:00,19,87466.48993208626,87498.21279637795,0.00036268591910260106,-0.0022502517734529492,-0.6460690907983009,0.29616854710077456,-2.181423709987911,-0.008915603156899987,0.0,0.0,0.0,0.0,0.0,0.0,0,0,,,0.0,,
buy_hold_50_50,249,sideways,2025-05-12 07:00:00+00:00,2025-05-12 10:00:00+00:00,4,88051.94805194806,88130.58501131895,0.0008930746123243516,0.007227258645986501,7065786.967531405,0.4381247630588879,16127339.88875607,-0.00459983925836438,0.0,0.0,0.0,0.0,0.0,0.0,0,0,,,0.0,,
buy_hold_50_50,250,high_vol_chop,2025-05-12 11:00:00+00:00,2025-05-12 12:00:00+00:00,2,87690.18825211487,87978.07696890266,0.003283020854740304,-0.0017304780445597245,-0.9994925231605163,0.5479909440416006,-1.823921606785969,0.0,0.0,0.0,0.0,0.0,0.0,0.0,0,0,,,0.0,,
buy_hold_50_50,252,high_vol_chop,2025-05-12 14:00:00+00:00,2025-05-13 13:00:00+00:00,24,87323.66257595616,87975.84296437507,0.007468541391648875,-0.0014655866065335088,-0.4145248238931408,0.3680360112443629,-1.1263159343880373,-0.013831895566630226,0.0,0.0,0.0,0.0,0.0,0.0,0,0,,,0.0,,
buy_hold_50_50,253,sideways,2025-05-13 14:00:00+00:00,2025-05-13 15:00:00+00:00,2,87902.26974860003,88222.17919694984,0.0036393764263966677,0.0028000440152022854,208365.66745853555,0.29620654718873307,703447.2041084622,0.0,0.0,0.0,0.0,0.0,0.0,0.0,0,0,,,0.0,,
buy_hold_50_50,255,uptrend,2025-05-13 17:00:00+00:00,2025-05-14 08:00:00+00:00,16,88885.52960800668,88688.04360776838,-0.0022218014688017984,-8.731586008670078e-05,-0.046682736650893175,0.40387278811359106,-0.11558772471138472,-0.016262177222048813,0.0,0.0,0.0,0.0,0.0,0.0,0,0,,,0.0,,
buy_hold_50_50,256,high_vol_chop,2025-05-14 09:00:00+00:00,2025-05-14 17:00:00+00:00,9,88842.93458834745,88585.27939949959,-0.002900120195733047,-0.0011587154715384518,-0.6764722236120368,0.25068315549283754,-2.6985148734150384,-0.0068451704355499965,0.0,0.0,0.0,0.0,0.0,0.0,0,0,,,0.0,,
buy_hold_50_50,257,sideways,2025-05-14 18:00:00+00:00,2025-05-15 00:00:00+00:00,7,88926.93315858454,89210.35386631716,0.0031871188813765716,0.007056188918235451,6628.654758897271,0.22290727967050375,29737.273581623675,-0.0028839825085289483,0.0,0.0,0.0,0.0,0.0,0.0,0,0,,,0.0,,
buy_hold_50_50,259,sideways,2025-05-15 02:00:00+00:00,2025-05-15 06:00:00+00:00,5,88598.83236030025,88339.68783510069,-0.002924920321136004,-0.0006739134829869542,-0.6930573770050648,0.30049105049112607,-2.3064160342623308,-0.004285195741019376,0.0,0.0,0.0,0.0,0.0,0.0,0,0,,,0.0,,
buy_hold_50_50,260,high_vol_chop,2025-05-15 07:00:00+00:00,2025-05-15 11:00:00+00:00,5,87702.69867746932,88058.35219826046,0.004055217526419241,-0.003184702637453074,-0.9962593751571408,0.4787946906901982,-2.0807652936188585,-0.0042670458095313,0.0,0.0,0.0,0.0,0.0,0.0,0,0,,,0.0,,
buy_hold_50_50,262,high_vol_chop,2025-05-15 13:00:00+00:00,2025-05-16 14:00:00+00:00,26,87716.54950554034,88510.21684737282,0.009048091224590937,0.005457926089597276,5.258253442557224,0.380264041886237,13.827900783030984,-0.012401036805243182,0.0,0.0,0.0,0.0,0.0,0.0,0,0,,,0.0,,
buy_hold_50_50,263,sideways,2025-05-16 15:00:00+00:00,2025-05-17 08:00:00+00:00,18,88661.98022161325,86970.54092696295,-0.01907739135108988,-0.01739545981527646,-0.9998045661935934,0.24507758328006235,-4.079543109624461,-0.020039911844545344,0.0,0.0,0.0,0.0,0.0,0.0,0,0,,,0.0,,
buy_hold_50_50,264,downtrend,2025-05-17 09:00:00+00:00,2025-05-17 11:00:00+00:00,3,86925.11616823543,86974.56213511259,0.0005688340615095377,4.623643945156353e-05,0.14454511900680345,0.10269053532244844,1.4075797594484394,-0.0007084237400668547,0.0,0.0,0.0,0.0,0.0,0.0,0,0,,,0.0,,
buy_hold_50_50,267,sideways,2025-05-17 14:00:00+00:00,2025-05-18 16:00:00+00:00,27,86986.03002502085,88348.02811867032,0.015657664722228404,0.019313909451443623,494.98485286138725,0.21418368020800913,2311.029731026528,-0.004881010406779351,0.0,0.0,0.0,0.0,0.0,0.0,0,0,,,0.0,,
buy_hold_50_50,268,high_vol_chop,2025-05-18 17:00:00+00:00,2025-05-19 04:00:00+00:00,12,87092.07077326343,85243.65542714167,-0.021223692693379093,-0.03513799637224302,-0.9999999999954333,0.6151619145882806,-1.6255882821756278,-0.02259259891733112,0.0,0.0,0.0,0.0,0.0,0.0,0,0,,,0.0,,
buy_hold_50_50,269,downtrend,2025-05-19 05:00:00+00:00,2025-05-19 06:00:00+00:00,2,85435.77981651376,85063.59466221851,-0.004356314826113539,-0.0021123069396883354,-0.9999050053143805,0.4374695048410182,-2.285656472621465,-0.004356314826113539,0.0,0.0,0.0,0.0,0.0,0.0,0,0,,,0.0,,
buy_hold_50_50,270,high_vol_chop,2025-05-19 07:00:00+00:00,2025-05-19 19:00:00+00:00,13,85813.77338258072,87527.55272250685,0.019970912271689123,0.028966070268632738,227197084.20121938,0.3382503969660712,671683126.5803623,-0.003462908365854722,0.0,0.0,0.0,0.0,0.0,0.0,0,0,,,0.0,,
buy_hold_50_50,272,high_vol_chop,2025-05-19 21:00:00+00:00,2025-05-20 01:00:00+00:00,5,87590.55165018467,87847.76003812702,0.0029364855352158603,0.0033442255974445168,345.9941726737088,0.31839258471913595,1086.6904233304338,-0.0031711323237852973,0.0,0.0,0.0,0.0,0.0,0.0,0,0,,,0.0,,
buy_hold_50_50,273,uptrend,2025-05-20 02:00:00+00:00,2025-05-20 09:00:00+00:00,8,88239.30656499464,87641.48695341357,-0.006774980843041178,-0.0023480744941463128,-0.9237825561589401,0.250558855543801,-3.686888472387083,-0.007486941283422643,0.0,0.0,0.0,0.0,0.0,0.0,0,0,,,0.0,,
buy_hold_50_50,274,sideways,2025-05-20 10:00:00+00:00,2025-05-20 18:00:00+00:00,9,87483.02156559037,86545.18646491124,-0.010720195575046443,-0.012508921591951605,-0.9999952251197232,0.3247943897122845,-3.0788562142516,-0.010720195575046443,0.0,0.0,0.0,0.0,0.0,0.0,0,0,,,0.0,,
buy_hold_50_50,275,high_vol_chop,2025-05-20 19:00:00+00:00,2025-05-20 21:00:00+00:00,3,87269.00393184797,87403.6399380436,0.0015427700572907543,0.009919135981992566,3287576062919.3496,0.4293602628841486,7656917388758.015,-0.0005824201088205916,0.0,0.0,0.0,0.0,0.0,0.0,0,0,,,0.0,,
buy_hold_50_50,276,sideways,2025-05-20 22:00:00+00:00,2025-05-21 06:00:00+00:00,9,87494.34052186346,88703.23483855595,0.01381682871694312,0.014868887627947469,1733831.120309489,0.19861795454290138,8729478.28054982,0.0,0.0,0.0,0.0,0.0,0.0,0.0,0,0,,,0.0,,
buy_hold_50_50,277,high_vol_chop,2025-05-21 07:00:00+00:00,2025-05-22 08:00:00+00:00,26,88022.7570594543,89677.40974621708,0.01879801021962013,0.010982405652220306,38.64856533274349,0.49262191937350763,78.45482268002779,-0.019073523648040602,0.0,0.0,0.0,0.0,0.0,0.0,0,0,,,0.0,,
buy_hold_50_50,278,uptrend,2025-05-22 09:00:00+00:00,2025-05-22 10:00:00+00:00,2,89700.49445966879,89575.83700702968,-0.0013897075304880602,-0.0011326457741681617,-0.9930136716701907,0.10900944989442896,-9.109427417823706,-0.0013897075304880602,0.0,0.0,0.0,0.0,0.0,0.0,0,0,,,0.0,,
buy_hold_50_50,279,high_vol_chop,2025-05-22 11:00:00+00:00,2025-05-22 16:00:00+00:00,6,89485.43429048016,89416.1801501251,-0.0007739152288209761,-0.0017823652252565436,-0.9260654525453662,0.23191343033124007,-3.9931514583811487,-0.0033317673307513562,0.0,0.0,0.0,0.0,0.0,0.0,0,0,,,0.0,,
buy_hold_50_50,280,uptrend,2025-05-22 17:00:00+00:00,2025-05-22 18:00:00+00:00,2,89621.11283212202,89614.11295126891,-7.810526595697365e-05,0.0022136128026435387,16072.202238547348,0.15685047229729066,102468.30629929171,-7.810526595697365e-05,0.0,0.0,0.0,0.0,0.0,0.0,0,0,,,0.0,,
buy_hold_50_50,282,uptrend,2025-05-22 20:00:00+00:00,2025-05-22 21:00:00+00:00,2,89349.90468247348,89272.3102585488,-0.0008684332031515529,0.00014182622116543087,0.8610759751384598,0.12439293907868033,6.922225501833482,-0.0008684332031515529,0.0,0.0,0.0,0.0,0.0,0.0,0,0,,,0.0,,
buy_hold_50_50,283,sideways,2025-05-22 22:00:00+00:00,2025-05-23 10:00:00+00:00,13,89267.54438222328,89790.89717621828,0.005862744378339002,0.005809045561468995,48.55471318245523,0.3085593505005249,157.35939651056736,-0.011023697165781332,0.0,0.0,0.0,0.0,0.0,0.0,0,0,,,0.0,,
buy_hold_50_50,284,high_vol_chop,2025-05-23 11:00:00+00:00,2025-05-23 22:00:00+00:00,12,88226.79613964018,87820.80305016084,-0.004601698205574101,-0.021940911473365077,-0.9999999074198361,0.512580924547876,-1.950911279622608,-0.00805514872986235,0.0,0.0,0.0,0.0,0.0,0.0,0,0,,,0.0,,
buy_hold_50_50,285,downtrend,2025-05-23 23:00:00+00:00,2025-05-24 05:00:00+00:00,7,87638.21041343978,88004.88502323366,0.004183958208001437,0.002096108970532251,12.741017067030118,0.18784210131225582,67.82833549040386,-0.0018472634330211068,0.0,0.0,0.0,0.0,0.0,0.0,0,0,,,0.0,,
buy_hold_50_50,286,high_vol_chop,2025-05-24 06:00:00+00:00,2025-05-24 10:00:00+00:00,5,87949.33277731444,88292.4758727511,0.0039015997575047034,0.0032678964291759094,302.69379542465754,0.15088791927575648,2006.0837002561282,-0.0006982248520708279,0.0,0.0,0.0,0.0,0.0,0.0,0,0,,,0.0,,
buy_hold_50_50,287,sideways,2025-05-24 11:00:00+00:00,2025-05-27 15:00:00+00:00,77,88187.0308590492,89757.68497557488,0.017810488699138594,0.01659494864472366,5.50421750236769,0.20158215396168946,27.305083283383123,-0.014397346497264762,0.0,0.0,0.0,0.0,0.0,0.0,0,0,,,0.0,,
buy_hold_50_50,288,uptrend,2025-05-27 16:00:00+00:00,2025-05-27 19:00:00+00:00,4,89791.93971166448,90048.40343143095,0.002856199794658787,0.0032389255130096384,1189.0901844519335,0.2627998892691476,4524.698194351679,-0.002614653290036295,0.0,0.0,0.0,0.0,0.0,0.0,0,0,,,0.0,,
buy_hold_50_50,289,sideways,2025-05-27 20:00:00+00:00,2025-05-29 12:00:00+00:00,41,89757.53604193972,90126.59358989637,0.004111716566998824,0.0008683125462063401,0.20375024638116823,0.28243680353090234,0.7214011907583256,-0.012651329743840312,0.0,0.0,0.0,0.0,0.0,0.0,0,0,,,0.0,,
buy_hold_50_50,290,high_vol_chop,2025-05-29 13:00:00+00:00,2025-05-29 22:00:00+00:00,10,89638.68700107232,89397.56344572859,-0.0026899496569025017,-0.00808895704507695,-0.9991869685287659,0.2739257842306592,-3.6476557741180016,-0.00536797225967256,0.0,0.0,0.0,0.0,0.0,0.0,0,0,,,0.0,,
buy_hold_50_50,295,sideways,2025-05-30 03:00:00+00:00,2025-05-30 15:00:00+00:00,13,89195.46050279995,88708.00071488146,-0.0054650739529864545,-0.005292339551428493,-0.9720039796752092,0.21441327253106715,-4.533320014200016,-0.011186569452034667,0.0,0.0,0.0,0.0,0.0,0.0,0,0,,,0.0,,
buy_hold_50_50,296,high_vol_chop,2025-05-30 16:00:00+00:00,2025-05-30 23:00:00+00:00,8,87849.84510901943,87713.57083283688,-0.0015512181724787188,-0.01121014873552173,-0.9999956460816236,0.4440098709976379,-2.252192375441454,-0.008626876231869307,0.0,0.0,0.0,0.0,0.0,0.0,0,0,,,0.0,,
buy_hold_50_50,297,sideways,2025-05-31 00:00:00+00:00,2025-05-31 01:00:00+00:00,2,87544.38222328131,87147.17621827713,-0.004537195819042994,-0.006457320220598084,-0.9999999999995247,0.1726226906321139,-5.79298119116149,-0.004537195819042994,0.0,0.0,0.0,0.0,0.0,0.0,0,0,,,0.0,,
buy_hold_50_50,299,sideways,2025-05-31 03:00:00+00:00,2025-06-03 08:00:00+00:00,78,87453.83057309664,88858.5726200405,0.0160626702997273,0.02009824287841644,8.344649574994321,0.1860893617182396,44.84216345278817,-0.010539032543922522,0.0,0.0,0.0,0.0,0.0,0.0,0,0,,,0.0,,
buy_hold_50_50,300,uptrend,2025-06-03 09:00:00+00:00,2025-06-03 10:00:00+00:00,2,88961.03896103895,88922.16728225903,-0.00043695171767210716,0.000715684039743314,21.955898138977172,0.10523473892433599,208.63736028046318,-0.00043695171767210716,0.0,0.0,0.0,0.0,0.0,0.0,0,0,,,0.0,,
buy_hold_50_50,301,sideways,2025-06-03 11:00:00+00:00,2025-06-05 19:00:00+00:00,57,88773.82938162755,87671.42261408316,-0.012418150430407615,-0.014065611606223882,-0.8866198609502247,0.24580414068646608,-3.6070175973200835,-0.023227065388553014,0.0,0.0,0.0,0.0,0.0,0.0,0,0,,,0.0,,
buy_hold_50_50,302,downtrend,2025-06-05 20:00:00+00:00,2025-06-06 09:00:00+00:00,14,85733.49815322293,86787.94829024188,0.012299161468186437,-0.010077107197521418,-0.9982310604512429,0.616888144602769,-1.6181718990466756,-0.004033892982786114,0.0,0.0,0.0,0.0,0.0,0.0,0,0,,,0.0,,
buy_hold_50_50,304,downtrend,2025-06-06 11:00:00+00:00,2025-06-06 12:00:00+00:00,2,86905.60586202788,86893.84010484928,-0.00013538548016422958,-0.001037589504936265,-0.9894010612440277,0.0507573388479624,-19.49276860647997,-0.00013538548016422958,0.0,0.0,0.0,0.0,0.0,0.0,0,0,,,0.0,,
buy_hold_50_50,305,high_vol_chop,2025-06-06 13:00:00+00:00,2025-06-06 19:00:00+00:00,7,87305.49267246516,87026.3910401525,-0.003196839325559142,0.0015254353489646544,5.736354147031697,0.2438236609086292,23.526650882259315,-0.005957484451339923,0.0,0.0,0.0,0.0,0.0,0.0,0,0,,,0.0,,
buy_hold_50_50,306,sideways,2025-06-06 20:00:00+00:00,2025-06-09 21:00:00+00:00,74,87255.74883831764,89390.71249851066,0.024467885367061015,0.027167867472146945,22.883227760674192,0.18173485127041325,125.91546200802719,-0.009761094002251891,0.0,0.0,0.0,0.0,0.0,0.0,0,0,,,0.0,,
buy_hold_50_50,307,uptrend,2025-06-09 22:00:00+00:00,2025-06-10 20:00:00+00:00,23,89727.45144763493,91325.9561539378,0.017815113218007328,0.021649269832807017,3488.663476789644,0.3091128687611509,11286.050596247764,-0.0069847389243861135,0.0,0.0,0.0,0.0,0.0,0.0,0,0,,,0.0,,
buy_hold_50_50,309,uptrend,2025-06-10 22:00:00+00:00,2025-06-10 23:00:00+00:00,2,91760.84236864051,91951.92422256642,0.00208238992791987,0.007041437973527076,22251290540046.74,0.18969973096006673,117297428032361.36,0.0,0.0,0.0,0.0,0.0,0.0,0.0,0,0,,,0.0,,
buy_hold_50_50,310,sideways,2025-06-11 00:00:00+00:00,2025-06-11 15:00:00+00:00,16,91640.20612415108,92687.35851304658,0.011426779065477621,0.007998030456655147,77.37485234787792,0.27894634267388047,277.3825661458404,-0.006219253039765671,0.0,0.0,0.0,0.0,0.0,0.0,0,0,,,0.0,,
buy_hold_50_50,312,sideways,2025-06-11 17:00:00+00:00,2025-06-12 14:00:00+00:00,22,92158.6441081854,91190.42654593114,-0.010505987491717717,-0.01657541089190795,-0.998712867473921,0.24077177216229326,-4.14796493170609,-0.0162090531521194,0.0,0.0,0.0,0.0,0.0,0.0,0,0,,,0.0,,
buy_hold_50_50,314,sideways,2025-06-12 16:00:00+00:00,2025-06-12 19:00:00+00:00,4,90868.43202668893,90154.1463124032,-0.007860658518636376,-0.004013031245372667,-0.999850201587976,0.49403606214609047,-2.0238405213672683,-0.01094715790540024,0.0,0.0,0.0,0.0,0.0,0.0,0,0,,,0.0,,
buy_hold_50_50,315,downtrend,2025-06-12 20:00:00+00:00,2025-06-12 21:00:00+00:00,2,89333.37304896938,89247.43834147503,-0.0009619552532427189,-0.010057307489621525,-1.0,0.5388605704109666,-1.8557676232227225,-0.0009619552532427189,0.0,0.0,0.0,0.0,0.0,0.0,0,0,,,0.0,,
buy_hold_50_50,316,sideways,2025-06-12 22:00:00+00:00,2025-06-12 23:00:00+00:00,2,89338.88359347076,89376.71273680447,0.0004234342518298906,0.0014484941834949083,565.6909194601348,0.03978781744726814,14217.691639152112,0.0,0.0,0.0,0.0,0.0,0.0,0.0,0,0,,,0.0,,
buy_hold_50_50,317,downtrend,2025-06-13 00:00:00+00:00,2025-06-13 19:00:00+00:00,20,87710.29429286311,87666.35887048731,-0.0005009152315588183,-0.019136459754945045,-0.9997888635873394,0.46679448081230607,-2.1418180905813786,-0.009131939373974829,0.0,0.0,0.0,0.0,0.0,0.0,0,0,,,0.0,,
buy_hold_50_50,318,high_vol_chop,2025-06-13 20:00:00+00:00,2025-06-13 23:00:00+00:00,4,87952.60931728821,88430.68628619087,0.0054356200755569795,0.008718594288063874,180450477.30589813,0.10136981892424489,1780120347.6623683,0.0,0.0,0.0,0.0,0.0,0.0,0.0,0,0,,,0.0,,
buy_hold_50_50,319,sideways,2025-06-14 00:00:00+00:00,2025-06-16 19:00:00+00:00,68,88185.09472179197,89637.34659835577,0.01646822380976487,0.013645266850691673,4.731322978170668,0.18221983091865565,25.964918057040492,-0.011018222965327618,0.0,0.0,0.0,0.0,0.0,0.0,0,0,,,0.0,,
buy_hold_50_50,320,uptrend,2025-06-16 20:00:00+00:00,2025-06-16 21:00:00+00:00,2,89777.9399499583,89469.05159061123,-0.003440581946068666,-0.0018775099233874215,-0.9997337894407218,0.33150681268544485,-3.015726226988083,-0.003440581946068666,0.0,0.0,0.0,0.0,0.0,0.0,0,0,,,0.0,,
buy_hold_50_50,322,high_vol_chop,2025-06-16 23:00:00+00:00,2025-06-17 14:00:00+00:00,16,87912.69510306208,87744.25116168236,-0.0019160365995178896,-0.006324843987181694,-0.9690025234151797,0.26847744087452613,-3.609251191678508,-0.012623139293627128,0.0,0.0,0.0,0.0,0.0,0.0,0,0,,,0.0,,
buy_hold_50_50,323,downtrend,2025-06-17 15:00:00+00:00,2025-06-17 18:00:00+00:00,4,87227.45144763493,87205.1114023591,-0.0002561125529298991,-0.006144445387422426,-0.9999986260852155,0.5231744749491871,-1.9114056093473206,-0.006349883895642616,0.0,0.0,0.0,0.0,0.0,0.0,0,0,,,0.0,,
buy_hold_50_50,327,sideways,2025-06-17 22:00:00+00:00,2025-06-20 21:00:00+00:00,72,87155.9633027523,86000.23829381628,-0.013260423786739528,-0.017608329505434783,-0.884839988113075,0.2365206229605472,-3.7410690748124344,-0.023535183509130975,0.0,0.0,0.0,0.0,0.0,0.0,0,0,,,0.0,,
buy_hold_50_50,329,sideways,2025-06-20 23:00:00+00:00,2025-06-21 20:00:00+00:00,22,85844.15584415584,85802.30549267246,-0.0004875154408805482,0.0021918723286553643,1.3912317532609557,0.1647695749550006,8.44349907220983,-0.010424062368600495,0.0,0.0,0.0,0.0,0.0,0.0,0,0,,,0.0,,
buy_hold_50_50,331,high_vol_chop,2025-06-21 22:00:00+00:00,2025-06-22 00:00:00+00:00,3,84067.3775765519,84189.05635648756,0.0014473959274496906,0.0023210454456799035,869.9629712131946,0.09128182364032798,9530.516991433638,-0.00024760398925383065,0.0,0.0,0.0,0.0,0.0,0.0,0,0,,,0.0,,
buy_hold_50_50,332,downtrend,2025-06-22 01:00:00+00:00,2025-06-22 20:00:00+00:00,20,83774.72298343858,82589.3601811033,-0.014149408796846896,-0.019001236557523282,-0.9997757226286184,0.3841887905739255,-2.6023032091464464,-0.020161090370706125,0.0,0.0,0.0,0.0,0.0,0.0,0,0,,,0.0,,
buy_hold_50_50,333,high_vol_chop,2025-06-22 21:00:00+00:00,2025-06-23 12:00:00+00:00,16,82466.3409984511,83763.85082807101,0.015733811078683324,0.014220846903187923,2277.0426267753564,0.2601485961456871,8752.853793991564,-0.0026264420074132433,0.0,0.0,0.0,0.0,0.0,0.0,0,0,,,0.0,,
buy_hold_50_50,334,sideways,2025-06-23 13:00:00+00:00,2025-06-23 16:00:00+00:00,4,84195.60943643513,83104.96842606935,-0.012953656582166295,-0.007865951666358506,-0.9999999691627571,0.4461324381001373,-2.2414867957624294,-0.012953656582166295,0.0,0.0,0.0,0.0,0.0,0.0,0,0,,,0.0,,
buy_hold_50_50,336,uptrend,2025-06-23 18:00:00+00:00,2025-06-24 19:00:00+00:00,26,84357.3513642321,86275.76551888479,0.02274151717222006,0.028305972904654864,12141.337330913966,0.3414522639199899,35557.93477989345,-0.0077065515109054905,0.0,0.0,0.0,0.0,0.0,0.0,0,0,,,0.0,,
buy_hold_50_50,337,high_vol_chop,2025-06-24 20:00:00+00:00,2025-06-24 21:00:00+00:00,2,86498.42130346718,86433.93303943763,-0.0007455426706958201,0.001833278668715188,3047.5128423219794,0.22013896125630372,13843.586909514925,-0.0007455426706958201,0.0,0.0,0.0,0.0,0.0,0.0,0,0,,,0.0,,
buy_hold_50_50,338,sideways,2025-06-24 22:00:00+00:00,2025-06-30 14:00:00+00:00,137,86379.57226259979,86330.2752293578,-0.0005707024467790367,-0.00119927216585769,-0.07385957322319259,0.19973559532050922,-0.3697867328288307,-0.01693351331954951,0.0,0.0,0.0,0.0,0.0,0.0,0,0,,,0.0,,
buy_hold_50_50,339,high_vol_chop,2025-06-30 15:00:00+00:00,2025-06-30 21:00:00+00:00,7,86863.75551054449,87058.11390444418,0.002237508529965515,0.008430862442551978,36547.48914993305,0.31933609133155466,114448.35125756945,-0.004775703671417997,0.0,0.0,0.0,0.0,0.0,0.0,0,0,,,0.0,,
buy_hold_50_50,340,sideways,2025-06-30 22:00:00+00:00,2025-07-02 15:00:00+00:00,42,87102.49612772549,87231.9194566901,0.001485873938386506,0.0019964314002569594,0.5158607751318833,0.17307014085843186,2.9806457230184367,-0.016250296959307797,0.0,0.0,0.0,0.0,0.0,0.0,0,0,,,0.0,,
buy_hold_50_50,341,uptrend,2025-07-02 16:00:00+00:00,2025-07-03 14:00:00+00:00,23,88157.39306564996,88664.66102704636,0.00575411708259832,0.016424510423246996,494.10965586070967,0.3117787267407776,1584.8087553180867,-0.007343261857129302,0.0,0.0,0.0,0.0,0.0,0.0,0,0,,,0.0,,
buy_hold_50_50,342,sideways,2025-07-03 15:00:00+00:00,2025-07-09 18:00:00+00:00,148,88294.70987727868,90493.56606696056,0.024903600597794284,0.02062721515797894,2.348413647960303,0.1923001630094461,12.212229106872599,-0.01965132206212128,0.0,0.0,0.0,0.0,0.0,0.0,0,0,,,0.0,,
buy_hold_50_50,343,uptrend,2025-07-09 19:00:00+00:00,2025-07-10 11:00:00+00:00,17,91190.5754795663,91399.08256880734,0.0022864982279640067,0.010006418590873034,168.12222220454424,0.26646259897166974,630.9411634254118,-0.004457038331509455,0.0,0.0,0.0,0.0,0.0,0.0,0,0,,,0.0,,
buy_hold_50_50,344,sideways,2025-07-10 12:00:00+00:00,2025-07-10 13:00:00+00:00,2,91395.80602883355,91491.42142261408,0.0010461682864348898,0.001010282064234369,82.3294208870692,0.07160958244963554,1149.6983793331449,0.0,0.0,0.0,0.0,0.0,0.0,0.0,0,0,,,0.0,,
buy_hold_50_50,347,uptrend,2025-07-10 16:00:00+00:00,2025-07-10 17:00:00+00:00,2,91851.69188609556,92179.64375074468,0.0035704499058744066,0.009991710290988332,8.165907654460363e+18,0.1871591762707855,4.363081638404825e+19,0.0,0.0,0.0,0.0,0.0,0.0,0.0,0,0,,,0.0,,
buy_hold_50_50,348,sideways,2025-07-10 18:00:00+00:00,2025-07-10 20:00:00+00:00,3,91895.03157393068,92006.7318003098,0.0012155197562477849,-0.0018758149131322677,-0.9958411773221738,0.20143601747125914,-4.943709619677426,0.0,0.0,0.0,0.0,0.0,0.0,0.0,0,0,,,0.0,,
buy_hold_50_50,349,uptrend,2025-07-10 21:00:00+00:00,2025-07-11 20:00:00+00:00,24,94280.7994757536,94332.62838079353,0.0005497291636060719,0.025279634815545515,9065.733098912568,0.5535768794964767,16376.646920584166,-0.010025888444339826,0.0,0.0,0.0,0.0,0.0,0.0,0,0,,,0.0,,
buy_hold_50_50,350,sideways,2025-07-11 21:00:00+00:00,2025-07-15 14:00:00+00:00,90,94199.18384367926,94340.52186345764,0.0015004166067185132,8.367711999102134e-05,0.008177486750017504,0.231734881718549,0.035288113249818724,-0.017861590187410736,0.0,0.0,0.0,0.0,0.0,0.0,0,0,,,0.0,,
buy_hold_50_50,351,high_vol_chop,2025-07-15 15:00:00+00:00,2025-07-16 00:00:00+00:00,10,95263.76146788993,96812.8202073156,0.016260734570593405,0.026206112654711067,6942360639.73554,0.4549664860400577,15259059409.32163,-0.008490769252226138,0.0,0.0,0.0,0.0,0.0,0.0,0,0,,,0.0,,
buy_hold_50_50,354,uptrend,2025-07-16 03:00:00+00:00,2025-07-16 12:00:00+00:00,10,96412.03979506732,97149.5591564399,0.007649660384120516,0.007674566258787818,809.1776389423219,0.16883874053571393,4792.606462088356,-0.0031979739010987718,0.0,0.0,0.0,0.0,0.0,0.0,0,0,,,0.0,,
buy_hold_50_50,356,uptrend,2025-07-16 14:00:00+00:00,2025-07-17 15:00:00+00:00,26,98449.89872512808,100979.08971762184,0.02569013300415124,0.03455147473945952,93394.14770075891,0.3635509803060398,256894.22600962062,-0.009657553214715175,0.0,0.0,0.0,0.0,0.0,0.0,0,0,,,0.0,,
buy_hold_50_50,357,sideways,2025-07-17 16:00:00+00:00,2025-07-18 00:00:00+00:00,9,100588.13892529489,102749.3149052782,0.021485395823739983,0.017530611462299728,22193060.385244455,0.38877927929107586,57083958.86147186,-0.0021100372645548315,0.0,0.0,0.0,0.0,0.0,0.0,0,0,,,0.0,,
buy_hold_50_50,358,uptrend,2025-07-18 01:00:00+00:00,2025-07-18 06:00:00+00:00,6,103887.16787799358,104415.88228285476,0.005089313874472978,0.01621974199159326,15919754517.79505,0.5209974720138859,30556298970.62293,-0.0027878529265342733,0.0,0.0,0.0,0.0,0.0,0.0,0,0,,,0.0,,
buy_hold_50_50,359,high_vol_chop,2025-07-18 07:00:00+00:00,2025-07-18 10:00:00+00:00,4,103732.27689741451,103910.99725962112,0.0017229002153624773,-0.0048353278466386485,-0.9999754562261136,0.3548974795394068,-2.817645979125865,-0.00044555171766635926,0.0,0.0,0.0,0.0,0.0,0.0,0,0,,,0.0,,
buy_hold_50_50,360,uptrend,2025-07-18 11:00:00+00:00,2025-07-18 13:00:00+00:00,3,103801.53103776956,104228.374836173,0.004112114668598954,0.003054321341550592,7367.915504753915,0.24640549694727013,29901.587407892213,0.0,0.0,0.0,0.0,0.0,0.0,0.0,0,0,,,0.0,,
buy_hold_50_50,361,high_vol_chop,2025-07-18 14:00:00+00:00,2025-07-18 15:00:00+00:00,2,103423.5374717026,103101.24508519004,-0.003116238279905481,-0.010814039389509644,-1.0,0.3048075522047195,-3.2807586057722244,-0.003116238279905481,0.0,0.0,0.0,0.0,0.0,0.0,0,0,,,0.0,,
buy_hold_50_50,362,uptrend,2025-07-18 16:00:00+00:00,2025-07-18 17:00:00+00:00,2,103249.58298582151,103651.70380078636,0.0038946483204689297,0.005339011329509091,13455649485.023201,0.1625345709477268,82786384500.01329,0.0,0.0,0.0,0.0,0.0,0.0,0.0,0,0,,,0.0,,
buy_hold_50_50,363,high_vol_chop,2025-07-18 18:00:00+00:00,2025-07-19 00:00:00+00:00,7,103246.60431311808,102499.25533182416,-0.007238484851544547,-0.01111847105935826,-0.999999161709869,0.3424304418296473,-2.9202986637716917,-0.00806648212232719,0.0,0.0,0.0,0.0,0.0,0.0,0,0,,,0.0,,
buy_hold_50_50,364,sideways,2025-07-19 01:00:00+00:00,2025-07-20 10:00:00+00:00,34,102845.8239008698,105127.9339926129,0.022189623313658036,0.025645831789497864,680.4794475058036,0.21566122087200407,3155.3166802745277,-0.008908512994577511,0.0,0.0,0.0,0.0,0.0,0.0,0,0,,,0.0,,
buy_hold_50_50,365,uptrend,2025-07-20 11:00:00+00:00,2025-07-20 18:00:00+00:00,8,105966.4303586322,105876.62337662338,-0.0008475040794040378,0.007121697873973876,2368.9446698411707,0.47535477659919484,4983.529747590178,-0.00976703371516996,0.0,0.0,0.0,0.0,0.0,0.0,0,0,,,0.0,,
buy_hold_50_50,366,sideways,2025-07-20 19:00:00+00:00,2025-07-20 20:00:00+00:00,2,105875.28297390684,105729.47694507329,-0.0013771488938498777,-0.0013897915031411134,-0.997738033557706,0.09030401218604524,-11.048656747411798,-0.0013771488938498777,0.0,0.0,0.0,0.0,0.0,0.0,0,0,,,0.0,,
buy_hold_50_50,368,sideways,2025-07-20 22:00:00+00:00,2025-07-22 12:00:00+00:00,39,105842.51757416896,105170.82687954248,-0.006346133009882293,-0.009483532514166448,-0.8823818926653214,0.336860638364145,-2.619427122593855,-0.026592930124812342,0.0,0.0,0.0,0.0,0.0,0.0,0,0,,,0.0,,
buy_hold_50_50,369,high_vol_chop,2025-07-22 13:00:00+00:00,2025-07-23 03:00:00+00:00,15,104359.28750148934,105563.4159418563,0.011538296870317266,0.0037328703592245382,7.810441615824942,0.38571736661338885,20.249131337800204,-0.006862476369175252,0.0,0.0,0.0,0.0,0.0,0.0,0,0,,,0.0,,
buy_hold_50_50,370,sideways,2025-07-23 04:00:00+00:00,2025-07-24 06:00:00+00:00,27,105653.66972477065,102828.24973191948,-0.026742279754327747,-0.025910171488229827,-0.9998000084576867,0.3641823155141564,-2.7453282761579416,-0.026742279754327747,0.0,0.0,0.0,0.0,0.0,0.0,0,0,,,0.0,,
buy_hold_50_50,371,high_vol_chop,2025-07-24 07:00:00+00:00,2025-07-24 12:00:00+00:00,6,103526.59954724176,104281.8420111998,0.007295153779424579,0.014136118071346404,795289642.5855908,0.3747340747171354,2122277359.4472508,-0.0021257342503393506,0.0,0.0,0.0,0.0,0.0,0.0,0,0,,,0.0,,
buy_hold_50_50,373,high_vol_chop,2025-07-24 14:00:00+00:00,2025-07-26 01:00:00+00:00,36,105655.4569283927,105147.1464315501,-0.004811019814973672,0.010115462206516268,10.577495974387082,0.4560406942782348,23.1941932092877,-0.020613010307913626,0.0,0.0,0.0,0.0,0.0,0.0,0,0,,,0.0,,
buy_hold_50_50,374,sideways,2025-07-26 02:00:00+00:00,2025-08-01 05:00:00+00:00,148,105748.39151674014,104737.57893482666,-0.009558656802391874,-0.003895184135975893,-0.20626290166397698,0.25765721475138464,-0.8005322182148153,-0.03504703674024945,0.0,0.0,0.0,0.0,0.0,0.0,0,0,,,0.0,,
buy_hold_50_50,375,downtrend,2025-08-01 06:00:00+00:00,2025-08-01 11:00:00+00:00,6,104544.26307637316,104241.77886333848,-0.0028933602297593897,-0.0047337362246713255,-0.9990197125606709,0.30679290778551604,-3.256332487513375,-0.007585988785557607,0.0,0.0,0.0,0.0,0.0,0.0,0,0,,,0.0,,
buy_hold_50_50,378,sideways,2025-08-01 14:00:00+00:00,2025-08-01 15:00:00+00:00,2,104107.58965804838,103853.21100917432,-0.0024434207891047555,0.0024323624967657054,41805.69695539874,0.48518679669576686,86164.12738373158,-0.0024434207891047555,0.0,0.0,0.0,0.0,0.0,0.0,0,0,,,0.0,,
buy_hold_50_50,379,downtrend,2025-08-01 16:00:00+00:00,2025-08-01 23:00:00+00:00,8,103425.47360895984,101932.11604908852,-0.014438972409423378,-0.0184981758524162,-0.9999999986794141,0.43338814720454394,-2.307400433375141,-0.017984275099360736,0.0,0.0,0.0,0.0,0.0,0.0,0,0,,,0.0,,
buy_hold_50_50,380,sideways,2025-08-02 00:00:00+00:00,2025-08-02 01:00:00+00:00,2,102349.1302275706,102361.04491838436,0.00011641223317937488,0.004207985529205205,97202443.75684813,0.26305087468573024,369519561.0848166,0.0,0.0,0.0,0.0,0.0,0.0,0.0,0,0,,,0.0,,
buy_hold_50_50,382,sideways,2025-08-02 03:00:00+00:00,2025-08-02 06:00:00+00:00,4,102542.8928869296,101820.86262361491,-0.007041251158291906,-0.006371629968752401,-0.9999991672345583,0.2863632887513278,-3.4920648229561913,-0.007797816959562387,0.0,0.0,0.0,0.0,0.0,0.0,0,0,,,0.0,,
buy_hold_50_50,383,high_vol_chop,2025-08-02 07:00:00+00:00,2025-08-02 11:00:00+00:00,5,102409.5972834505,102244.57881567974,-0.0016113574523100027,0.004161388748306738,1443.65412527686,0.3392794713837718,4255.0588734084895,-0.004099654023521637,0.0,0.0,0.0,0.0,0.0,0.0,0,0,,,0.0,,
buy_hold_50_50,384,sideways,2025-08-02 12:00:00+00:00,2025-08-04 15:00:00+00:00,52,102247.85535565352,104350.50041701418,0.020564197205378276,0.020596902307465692,30.017006117096276,0.25532853471373546,117.56228558923189,-0.018349211805368304,0.0,0.0,0.0,0.0,0.0,0.0,0,0,,,0.0,,
buy_hold_50_50,385,uptrend,2025-08-04 16:00:00+00:00,2025-08-04 18:00:00+00:00,3,104902.89526986776,104761.4083164542,-0.0013487421205066186,0.00393776644863153,96344.74578438512,0.32262949679989544,298623.48836672254,-0.0013487421205066186,0.0,0.0,0.0,0.0,0.0,0.0,0,0,,,0.0,,
buy_hold_50_50,387,uptrend,2025-08-04 20:00:00+00:00,2025-08-04 23:00:00+00:00,4,105112.89169546052,105423.2693911593,0.0029528033211949634,0.007321665155846979,8675661.24756202,0.24752041147142576,35050286.139991954,-0.0017050671096925374,0.0,0.0,0.0,0.0,0.0,0.0,0,0,,,0.0,,
buy_hold_50_50,388,sideways,2025-08-05 00:00:00+00:00,2025-08-07 09:00:00+00:00,58,105069.5520076254,105604.22375789347,0.005088741124824381,0.0017164556532844877,0.2956619924690218,0.29736753424759266,0.9942645326670033,-0.0180416426286254,0.0,0.0,0.0,0.0,0.0,0.0,0,0,,,0.0,,
buy_hold_50_50,389,uptrend,2025-08-07 10:00:00+00:00,2025-08-07 14:00:00+00:00,5,106926.00977004648,106906.0526629334,-0.00018664408366120266,0.012327432168096841,2100882484.3947635,0.602618246324004,3486257671.7685413,-0.005290814657967657,0.0,0.0,0.0,0.0,0.0,0.0,0,0,,,0.0,,
buy_hold_50_50,390,sideways,2025-08-07 15:00:00+00:00,2025-08-07 18:00:00+00:00,4,107171.00559990467,107028.77397831526,-0.0013271464683310974,0.001147936083364609,11.336201878800273,0.2348109621523475,48.27799253871819,-0.003028117439260458,0.0,0.0,0.0,0.0,0.0,0.0,0,0,,,0.0,,
buy_hold_50_50,391,uptrend,2025-08-07 19:00:00+00:00,2025-08-08 07:00:00+00:00,13,107633.29560347908,108335.96449422138,0.006528359898324787,0.012213449405399812,3568.3299010349583,0.2996936240979768,11906.592646990677,-0.005162183273265453,0.0,0.0,0.0,0.0,0.0,0.0,0,0,,,0.0,,
buy_hold_50_50,392,sideways,2025-08-08 08:00:00+00:00,2025-08-08 16:00:00+00:00,9,108082.77731442868,109159.26962945312,0.00995988761366462,0.007599555134579994,1584.9444028680075,0.541591105544118,2926.459438944567,-0.006238882192346584,0.0,0.0,0.0,0.0,0.0,0.0,0,0,,,0.0,,
buy_hold_50_50,393,uptrend,2025-08-08 17:00:00+00:00,2025-08-08 18:00:00+00:00,2,110084.44537114262,110437.1202192303,0.0032036755683209073,0.011706294793973226,1.3756263306902821e+22,0.3488953976229047,3.9428044624913486e+22,0.0,0.0,0.0,0.0,0.0,0.0,0.0,0,0,,,0.0,,
buy_hold_50_50,394,sideways,2025-08-08 19:00:00+00:00,2025-08-09 04:00:00+00:00,10,110489.99165971644,110788.60359823664,0.0027026152689002547,0.0031826561423242694,15.17682299194366,0.2021798134245735,75.0659659580981,-0.006812477590534383,0.0,0.0,0.0,0.0,0.0,0.0,0,0,,,0.0,,
buy_hold_50_50,395,uptrend,2025-08-09 05:00:00+00:00,2025-08-09 12:00:00+00:00,8,112291.3439771238,112517.42523531514,0.002013345376268738,0.015604688396902988,23096345.548214935,0.49593655605135945,46571169.77241553,-0.003895682285466995,0.0,0.0,0.0,0.0,0.0,0.0,0,0,,,0.0,,
buy_hold_50_50,397,uptrend,2025-08-09 14:00:00+00:00,2025-08-09 16:00:00+00:00,3,112519.65923984272,112686.01811033004,0.0014784871515893805,0.005650160559726114,13964571.745698867,0.20342362358751084,68647738.64226957,-0.0001612176424958811,0.0,0.0,0.0,0.0,0.0,0.0,0,0,,,0.0,,
buy_hold_50_50,398,sideways,2025-08-09 17:00:00+00:00,2025-08-09 19:00:00+00:00,3,113088.28785893008,113444.9839151674,0.003154137912869226,0.006735226051685084,325517110.12284225,0.12155991907331279,2677832566.888457,0.0,0.0,0.0,0.0,0.0,0.0,0.0,0,0,,,0.0,,
buy_hold_50_50,399,uptrend,2025-08-09 20:00:00+00:00,2025-08-10 02:00:00+00:00,7,113914.8695341356,113270.73156201598,-0.005654555676128048,-0.0015360075618829905,-0.8539317823263877,0.415856516650572,-2.053428882644908,-0.008392635029244366,0.0,0.0,0.0,0.0,0.0,0.0,0,0,,,0.0,,
buy_hold_50_50,400,sideways,2025-08-10 03:00:00+00:00,2025-08-12 11:00:00+00:00,57,113204.45609436436,113907.27391874182,0.006208393632416875,0.0056196543268300925,1.3660797668561675,0.3233253495820454,4.225093295722296,-0.017673869689079025,0.0,0.0,0.0,0.0,0.0,0.0,0,0,,,0.0,,
buy_hold_50_50,402,sideways,2025-08-12 13:00:00+00:00,2025-08-12 18:00:00+00:00,6,115289.9737876802,116877.15953771,0.013766901820558841,0.010793683505499807,6416203.878253696,0.37899840317624944,16929369.15955792,-0.0013743255624554251,0.0,0.0,0.0,0.0,0.0,0.0,0,0,,,0.0,,
buy_hold_50_50,403,uptrend,2025-08-12 19:00:00+00:00,2025-08-13 14:00:00+00:00,20,117288.06743715,119246.99154056954,0.016701819257694206,0.02027626280646344,6581.469070294348,0.43095713662739127,15271.74865184965,-0.0072509051232454436,0.0,0.0,0.0,0.0,0.0,0.0,0,0,,,0.0,,
buy_hold_50_50,405,uptrend,2025-08-13 16:00:00+00:00,2025-08-13 18:00:00+00:00,3,120019.65923984272,120259.29345883474,0.001996624723897611,0.0064991804351479665,164135575.43621224,0.28467978927992776,576562094.033365,-0.001276436269095793,0.0,0.0,0.0,0.0,0.0,0.0,0,0,,,0.0,,
buy_hold_50_50,406,sideways,2025-08-13 19:00:00+00:00,2025-08-14 11:00:00+00:00,17,120618.37245323484,120310.07982842844,-0.0025559342124760187,0.0004223072340856504,0.24304808553434398,0.31445210630460135,0.7729256082607053,-0.008176477168930107,0.0,0.0,0.0,0.0,0.0,0.0,0,0,,,0.0,,
buy_hold_50_50,407,high_vol_chop,2025-08-14 12:00:00+00:00,2025-08-14 20:00:00+00:00,9,118061.3308709639,117571.93494578816,-0.004145268578334305,-0.022759064631534653,-0.9999999998145301,0.7452194799837324,-1.3418865537926619,-0.017077947707812124,0.0,0.0,0.0,0.0,0.0,0.0,0,0,,,0.0,,
buy_hold_50_50,409,high_vol_chop,2025-08-14 22:00:00+00:00,2025-08-15 11:00:00+00:00,14,117541.40355057786,119067.8243774574,0.012986239578317793,0.019886972495789745,224457.6432248781,0.23792486217693248,943397.1766177192,-0.0030290657966530743,0.0,0.0,0.0,0.0,0.0,0.0,0,0,,,0.0,,
buy_hold_50_50,410,sideways,2025-08-15 12:00:00+00:00,2025-08-16 09:00:00+00:00,22,118984.57047539616,115553.4373882998,-0.028836790126547163,-0.029515841139555854,-0.9999934076889224,0.4347445904479225,-2.3001859704766363,-0.03079195403737589,0.0,0.0,0.0,0.0,0.0,0.0,0,0,,,0.0,,
buy_hold_50_50,411,downtrend,2025-08-16 10:00:00+00:00,2025-08-16 11:00:00+00:00,2,115644.13797211964,115401.52508042417,-0.002097926414168727,-0.0013146498391490846,-0.9968550415558755,0.19079151472913686,-5.224839495462321,-0.002097926414168727,0.0,0.0,0.0,0.0,0.0,0.0,0,0,,,0.0,,
buy_hold_50_50,412,sideways,2025-08-16 12:00:00+00:00,2025-08-18 07:00:00+00:00,44,115728.8812105326,113442.60097700464,-0.019755485489994506,-0.016974854552870178,-0.9669109083179834,0.34497700595230163,-2.8028271207492415,-0.03979310109970213,0.0,0.0,0.0,0.0,0.0,0.0,0,0,,,0.0,,
buy_hold_50_50,413,downtrend,2025-08-18 08:00:00+00:00,2025-08-18 11:00:00+00:00,4,113476.1110449184,113700.55403312284,0.001977887558338942,0.002273864085419852,143.61994951108494,0.3096361454153587,463.83457370077775,-0.00366027523283452,0.0,0.0,0.0,0.0,0.0,0.0,0,0,,,0.0,,
buy_hold_50_50,416,high_vol_chop,2025-08-18 14:00:00+00:00,2025-08-19 01:00:00+00:00,12,114571.9647325152,114010.03812701062,-0.004904573355414499,0.0012137366740740951,1.4241731679137102,0.3490558853714815,4.080072067537377,-0.009278121028423292,0.0,0.0,0.0,0.0,0.0,0.0,0,0,,,0.0,,
buy_hold_50_50,417,sideways,2025-08-19 02:00:00+00:00,2025-08-19 17:00:00+00:00,16,113861.2534254736,112348.38555939472,-0.013286941962825871,-0.014574616366366033,-0.9996771502584556,0.4559915819098017,-2.1923149240421695,-0.021904588017423454,0.0,0.0,0.0,0.0,0.0,0.0,0,0,,,0.0,,
buy_hold_50_50,419,sideways,2025-08-19 19:00:00+00:00,2025-08-19 22:00:00+00:00,4,111686.97128559514,111537.73978315265,-0.0013361585574819257,-0.0018672282123387562,-0.9833117818196095,0.19872239664414482,-4.94816788859708,-0.003633388324197462,0.0,0.0,0.0,0.0,0.0,0.0,0,0,,,0.0,,
buy_hold_50_50,420,downtrend,2025-08-19 23:00:00+00:00,2025-08-20 00:00:00+00:00,2,110693.43500536162,111142.02311450016,0.0040525267746620575,-0.0035478275731768427,-0.9999998265047907,0.7691757422668839,-1.3000927766619776,0.0,0.0,0.0,0.0,0.0,0.0,0.0,0,0,,,0.0,,
buy_hold_50_50,423,sideways,2025-08-20 03:00:00+00:00,2025-08-20 12:00:00+00:00,10,111676.39699749793,112634.63600619564,0.008580497172730128,0.00905418098755395,2684.900603156334,0.2898517175991054,9263.01429363902,-0.005810425329979441,0.0,0.0,0.0,0.0,0.0,0.0,0,0,,,0.0,,
buy_hold_50_50,424,high_vol_chop,2025-08-20 13:00:00+00:00,2025-08-20 21:00:00+00:00,9,111604.90885261528,114674.43107351364,0.027503469627415233,0.018109838497687436,38616894.265816286,0.6252664272994942,61760703.24549716,-0.006883926252921224,0.0,0.0,0.0,0.0,0.0,0.0,0,0,,,0.0,,
buy_hold_50_50,425,uptrend,2025-08-20 22:00:00+00:00,2025-08-21 01:00:00+00:00,4,115046.76516144404,114519.83796020492,-0.0045801131435524445,-0.001348104471602829,-0.9478869884960379,0.2925410533316004,-3.240184506417263,-0.0055303118567709975,0.0,0.0,0.0,0.0,0.0,0.0,0,0,,,0.0,,
buy_hold_50_50,426,high_vol_chop,2025-08-21 02:00:00+00:00,2025-08-21 10:00:00+00:00,9,113944.06052662931,113918.29500774454,-0.00022612428208801383,-0.005252740164279568,-0.9940605696853244,0.2326492378521244,-4.272786701829495,-0.005367602609801181,0.0,0.0,0.0,0.0,0.0,0.0,0,0,,,0.0,,
buy_hold_50_50,429,sideways,2025-08-21 13:00:00+00:00,2025-08-22 13:00:00+00:00,25,113475.5153103777,113901.16763969976,0.0037510499790005536,0.005366138378536833,5.522566296189957,0.28122433157468246,19.63758350946022,-0.010924973263284343,0.0,0.0,0.0,0.0,0.0,0.0,0,0,,,0.0,,
buy_hold_50_50,430,uptrend,2025-08-22 14:00:00+00:00,2025-08-23 13:00:00+00:00,24,118709.341117598,120258.25092338854,0.013047918480620035,0.055812274934686545,406581852.99013513,0.9146731768363308,444510523.85336083,-0.01924346713772318,0.0,0.0,0.0,0.0,0.0,0.0,0,0,,,0.0,,
buy_hold_50_50,431,high_vol_chop,2025-08-23 14:00:00+00:00,2025-08-23 15:00:00+00:00,2,120376.95103062077,120740.6469677112,0.0030213087636512537,0.004011334279508061,41222682.79199516,0.1346308754738348,306190408.75216395,0.0,0.0,0.0,0.0,0.0,0.0,0.0,0,0,,,0.0,,
buy_hold_50_50,432,sideways,2025-08-23 16:00:00+00:00,2025-08-25 02:00:00+00:00,35,120616.28738234245,120959.13261050876,0.002842445540373273,0.0018095450727204643,0.5722284380491003,0.37805228880711855,1.5136224670261156,-0.02814033987432618,0.0,0.0,0.0,0.0,0.0,0.0,0,0,,,0.0,,
buy_hold_50_50,433,high_vol_chop,2025-08-25 03:00:00+00:00,2025-08-25 16:00:00+00:00,14,120405.0994876683,118461.96234957704,-0.016138329243191807,-0.020644743452094105,-0.9999978561695716,0.4698389984424092,-2.128384104948127,-0.022720075997466838,0.0,0.0,0.0,0.0,0.0,0.0,0,0,,,0.0,,
buy_hold_50_50,434,downtrend,2025-08-25 17:00:00+00:00,2025-08-26 05:00:00+00:00,13,118327.92207792208,116009.32324556178,-0.019594688993468834,-0.02070402224789769,-0.9999992459257195,0.6943652645375541,-1.4401631201867753,-0.032132118147113475,0.0,0.0,0.0,0.0,0.0,0.0,0,0,,,0.0,,
buy_hold_50_50,435,high_vol_chop,2025-08-26 06:00:00+00:00,2025-08-26 19:00:00+00:00,14,115777.88037650424,118486.23853211007,0.023392708061318546,0.021351001947535808,550731.4087260949,0.4211126911445089,1307800.5491340228,-0.004287592274244245,0.0,0.0,0.0,0.0,0.0,0.0,0,0,,,0.0,,
buy_hold_50_50,436,uptrend,2025-08-26 20:00:00+00:00,2025-08-26 21:00:00+00:00,2,118307.36923626832,118605.38544024782,0.0025189995002283805,0.0010055759184679491,80.63103460596686,0.26662041323269847,302.41883443333523,0.0,0.0,0.0,0.0,0.0,0.0,0.0,0,0,,,0.0,,
buy_hold_50_50,438,uptrend,2025-08-26 23:00:00+00:00,2025-08-27 00:00:00+00:00,2,118538.51423805552,118078.30930537354,-0.0038823241175249823,-0.003978683202846223,-0.9999999739016093,0.2505362490225097,-3.9914382761105487,-0.0038823241175249823,0.0,0.0,0.0,0.0,0.0,0.0,0,0,,,0.0,,
buy_hold_50_50,439,sideways,2025-08-27 01:00:00+00:00,2025-08-29 07:00:00+00:00,55,117972.26855713096,115267.4848087692,-0.022927284364731015,-0.02380474884117023,-0.978448367062529,0.30960340794329144,-3.1603281551789206,-0.03449101796407206,0.0,0.0,0.0,0.0,0.0,0.0,0,0,,,0.0,,
buy_hold_50_50,440,downtrend,2025-08-29 08:00:00+00:00,2025-08-29 11:00:00+00:00,4,114566.75205528416,114752.47229834386,0.0016210657955118002,-0.004467977342264007,-0.9999449239168864,0.3124658568073357,-3.200173401772487,0.0,0.0,0.0,0.0,0.0,0.0,0.0,0,0,,,0.0,,
buy_hold_50_50,442,downtrend,2025-08-29 13:00:00+00:00,2025-08-29 14:00:00+00:00,2,114521.77409746218,113789.76528059096,-0.00639187458140722,-0.0161441318006047,-1.0,0.22654737407410572,-4.414087799900479,-0.00639187458140722,0.0,0.0,0.0,0.0,0.0,0.0,0,0,,,0.0,,
buy_hold_50_50,443,sideways,2025-08-29 15:00:00+00:00,2025-08-30 00:00:00+00:00,10,114299.71404742048,114691.40950792328,0.003426915489397331,0.007923772626729386,1005.1323377775885,0.27986785428467637,3591.453331954254,-0.0030823403002075977,0.0,0.0,0.0,0.0,0.0,0.0,0,0,,,0.0,,
buy_hold_50_50,444,high_vol_chop,2025-08-30 01:00:00+00:00,2025-08-30 07:00:00+00:00,7,113544.91838436792,115579.05397354938,0.017914809558412736,0.00773941544039336,15490.371839499598,0.5037791708309797,30748.33724059761,0.0,0.0,0.0,0.0,0.0,0.0,0.0,0,0,,,0.0,,
buy_hold_50_50,445,sideways,2025-08-30 08:00:00+00:00,2025-09-02 12:00:00+00:00,77,115479.86417252471,113716.7877993566,-0.015267392162274351,-0.016112488467149855,-0.8424457216204214,0.3206532037804262,-2.6272799139013223,-0.029118914552066832,0.0,0.0,0.0,0.0,0.0,0.0,0,0,,,0.0,,
buy_hold_50_50,446,high_vol_chop,2025-09-02 13:00:00+00:00,2025-09-03 01:00:00+00:00,13,115221.0175145955,114423.32896461338,-0.006923116695103593,0.006213164994629983,63.95953750334171,0.46654427306569324,137.09210721430435,-0.013481722765110393,0.0,0.0,0.0,0.0,0.0,0.0,0,0,,,0.0,,
buy_hold_50_50,447,sideways,2025-09-03 02:00:00+00:00,2025-09-05 13:00:00+00:00,60,114617.3894912427,116182.83093053736,0.013657974991781341,0.015377126166885358,8.281044259146562,0.29553513271714243,28.020507013872948,-0.02631629306154626,0.0,0.0,0.0,0.0,0.0,0.0,0,0,,,0.0,,
buy_hold_50_50,448,high_vol_chop,2025-09-05 14:00:00+00:00,2025-09-06 13:00:00+00:00,24,113657.21434528774,113962.23043012034,0.002683649133841781,-0.019112983240566872,-0.9991271694355645,0.4511257922159966,-2.214741845124182,-0.005969935948238914,0.0,0.0,0.0,0.0,0.0,0.0,0,0,,,0.0,,
buy_hold_50_50,449,sideways,2025-09-06 14:00:00+00:00,2025-09-12 18:00:00+00:00,149,113993.65542714168,118919.33754319076,0.04321014268375056,0.043497807074862616,11.22232054878097,0.19014882763731097,59.0186155140876,-0.012210098568094407,0.0,0.0,0.0,0.0,0.0,0.0,0,0,,,0.0,,
buy_hold_50_50,450,uptrend,2025-09-12 19:00:00+00:00,2025-09-12 23:00:00+00:00,5,119442.83927082091,120231.29393542238,0.00660110450668161,0.011032321734512962,223023030.3374111,0.2926733592886995,762020263.4070847,-0.0025263184107477965,0.0,0.0,0.0,0.0,0.0,0.0,0,0,,,0.0,,
buy_hold_50_50,451,sideways,2025-09-13 00:00:00+00:00,2025-09-13 02:00:00+00:00,3,120127.04039080186,120081.16883116883,-0.00038185873458462805,-0.001248635852943436,-0.973964514921996,0.056122084473165156,-17.354389525351618,-0.000645936365969435,0.0,0.0,0.0,0.0,0.0,0.0,0,0,,,0.0,,
buy_hold_50_50,453,sideways,2025-09-13 04:00:00+00:00,2025-09-22 04:00:00+00:00,217,120679.73311092578,113938.4010484928,-0.055861343811860364,-0.05744914415818492,-0.9082261826901583,0.2193254903839053,-4.140996931548666,-0.056046462262986596,0.0,0.0,0.0,0.0,0.0,0.0,0,0,,,0.0,,
buy_hold_50_50,454,downtrend,2025-09-22 05:00:00+00:00,2025-09-22 23:00:00+00:00,19,112883.206243298,112598.4451328488,-0.0025226171361172334,-0.011760353869400886,-0.9957220332980962,0.32459192234386036,-3.0676118681821847,-0.0110140208432562,0.0,0.0,0.0,0.0,0.0,0.0,0,0,,,0.0,,
buy_hold_50_50,455,sideways,2025-09-23 00:00:00+00:00,2025-09-25 15:00:00+00:00,64,112484.65983557727,109666.23972357916,-0.025056039784606132,-0.026041260212874895,-0.9729922115498258,0.24746316835128326,-3.9318667825695455,-0.03165810357879384,0.0,0.0,0.0,0.0,0.0,0.0,0,0,,,0.0,,
buy_hold_50_50,456,downtrend,2025-09-25 16:00:00+00:00,2025-09-25 23:00:00+00:00,8,108721.1068747766,107739.03848445132,-0.009032913833892597,-0.017573331993378294,-0.9999999962961237,0.7107130873952545,-1.4070375430415927,-0.013912385941311944,0.0,0.0,0.0,0.0,0.0,0.0,0,0,,,0.0,,
buy_hold_50_50,457,high_vol_chop,2025-09-26 00:00:00+00:00,2025-09-26 16:00:00+00:00,17,108590.49207673062,109475.45573692364,0.008149550142637851,0.016116880908705333,3783.691322337319,0.3458470803168872,10940.35930235542,-0.010538385934258154,0.0,0.0,0.0,0.0,0.0,0.0,0,0,,,0.0,,
buy_hold_50_50,459,sideways,2025-09-26 18:00:00+00:00,2025-10-01 07:00:00+00:00,110,110283.71857500296,111782.28881210534,0.013588317989869259,0.013515776282777336,1.9128684698314955,0.22153321218598945,8.634680330575156,-0.01696756089170326,0.0,0.0,0.0,0.0,0.0,0.0,0,0,,,0.0,,
buy_hold_50_50,460,high_vol_chop,2025-10-01 08:00:00+00:00,2025-10-01 14:00:00+00:00,7,113945.25199571071,114457.4347670678,0.004494990027108514,0.023931751473250884,7135688381132.39,0.7026737350970687,10155052088501.148,-0.003689512528045835,0.0,0.0,0.0,0.0,0.0,0.0,0,0,,,0.0,,
buy_hold_50_50,461,uptrend,2025-10-01 15:00:00+00:00,2025-10-01 16:00:00+00:00,2,114497.94471583464,114464.43464792088,-0.0002926696020346675,6.115706565790191e-05,0.30716380646396857,0.04279299250841542,7.177899662043114,-0.0002926696020346675,0.0,0.0,0.0,0.0,0.0,0.0,0,0,,,0.0,,
buy_hold_50_50,462,high_vol_chop,2025-10-01 17:00:00+00:00,2025-10-02 00:00:00+00:00,8,113982.03860359824,114611.43214583585,0.005521865988258767,0.0012842198397005067,3.0768252010289387,0.3019389039015241,10.19022445028293,-0.0038792481666166667,0.0,0.0,0.0,0.0,0.0,0.0,0,0,,,0.0,,
buy_hold_50_50,463,uptrend,2025-10-02 01:00:00+00:00,2025-10-02 07:00:00+00:00,7,115477.48123436196,115216.6984391755,-0.0022582999940672366,0.005281028968990409,727.8303739474416,0.33550841716243407,2169.335661093318,-0.0035627021408414228,0.0,0.0,0.0,0.0,0.0,0.0,0,0,,,0.0,,
buy_hold_50_50,464,sideways,2025-10-02 08:00:00+00:00,2025-10-06 18:00:00+00:00,107,115392.737995949,120226.52805909688,0.04188989833413581,0.04348180157727777,31.60930349158763,0.24189252452056784,130.67499111118636,-0.014936016300683641,0.0,0.0,0.0,0.0,0.0,0.0,0,0,,,0.0,,
buy_hold_50_50,466,sideways,2025-10-06 20:00:00+00:00,2025-10-07 17:00:00+00:00,22,119879.0658882402,116691.73716192064,-0.02658786755388154,-0.03070868869210619,-0.9999959602321233,0.40227993709337717,-2.4858211111830926,-0.03379494894687507,0.0,0.0,0.0,0.0,0.0,0.0,0,0,,,0.0,,
buy_hold_50_50,467,downtrend,2025-10-07 18:00:00+00:00,2025-10-07 19:00:00+00:00,2,116526.56976051471,116753.99142142262,0.0019516721497534473,0.0005334932962355321,9.340596459078617,0.2228392029038518,41.91630708313381,0.0,0.0,0.0,0.0,0.0,0.0,0.0,0,0,,,0.0,,
buy_hold_50_50,468,sideways,2025-10-07 20:00:00+00:00,2025-10-07 22:00:00+00:00,3,117207.7922077922,117031.15691647802,-0.0015070268621818483,0.0023739273636904645,1015.0247874879797,0.2798548043479434,3626.969313079934,-0.002081374367836508,0.0,0.0,0.0,0.0,0.0,0.0,0,0,,,0.0,,
buy_hold_50_50,470,sideways,2025-10-08 00:00:00+00:00,2025-10-08 02:00:00+00:00,3,116644.82306684142,116776.62933396878,0.0011299795709907023,0.004213654032108272,214918.80490315406,0.15763460096689594,1363398.667455555,-0.00028815100132462135,0.0,0.0,0.0,0.0,0.0,0.0,0,0,,,0.0,,
buy_hold_50_50,471,downtrend,2025-10-08 03:00:00+00:00,2025-10-08 05:00:00+00:00,3,116227.06422018349,116122.06600738713,-0.0009033886685586578,-0.00560525963384062,-0.9999999255696401,0.3389078773421075,-2.950654122920251,-0.0031069401114918183,0.0,0.0,0.0,0.0,0.0,0.0,0,0,,,0.0,,
buy_hold_50_50,472,sideways,2025-10-08 06:00:00+00:00,2025-10-08 11:00:00+00:00,6,116391.04015250804,116862.41510782795,0.004049924759691681,0.0063756108196844075,10708.04487476797,0.13101465799016754,81731.6553661621,-0.0016082959569931887,0.0,0.0,0.0,0.0,0.0,0.0,0,0,,,0.0,,
buy_hold_50_50,474,sideways,2025-10-08 13:00:00+00:00,2025-10-10 14:00:00+00:00,50,116690.84356010964,113775.02085070893,-0.024987587889864882,-0.0252500893176133,-0.9886736663157079,0.36701834444395554,-2.693799046512457,-0.033090967559786355,0.0,0.0,0.0,0.0,0.0,0.0,0,0,,,0.0,,
buy_hold_50_50,475,high_vol_chop,2025-10-10 15:00:00+00:00,2025-10-10 16:00:00+00:00,2,111141.72524722984,111217.97926843798,0.0006860971524287329,-0.02247454285792827,-1.0,1.5771635335915348,-0.6340496585809263,0.0,0.0,0.0,0.0,0.0,0.0,0.0,0,0,,,0.0,,
buy_hold_50_50,476,downtrend,2025-10-10 17:00:00+00:00,2025-10-11 19:00:00+00:00,27,110998.74895746456,106065.76909329204,-0.04444176092527741,-0.04632533524737459,-0.9999997927359175,0.6826293008709917,-1.4649236290618952,-0.04797461390867974,0.0,0.0,0.0,0.0,0.0,0.0,0,0,,,0.0,,
buy_hold_50_50,479,high_vol_chop,2025-10-11 22:00:00+00:00,2025-10-12 01:00:00+00:00,4,105813.17764804004,105451.11998093648,-0.003421668974991521,-0.002412106746995102,-0.9949526656828961,0.3764852041545645,-2.6427404176936053,-0.006483978565871462,0.0,0.0,0.0,0.0,0.0,0.0,0,0,,,0.0,,
buy_hold_50_50,480,sideways,2025-10-12 02:00:00+00:00,2025-10-12 13:00:00+00:00,12,105665.1376146789,106764.56570951984,0.010404832848939671,0.012455493396568817,8402.051410755017,0.26816897498918507,31331.183672883344,-0.004721899422570397,0.0,0.0,0.0,0.0,0.0,0.0,0,0,,,0.0,,
buy_hold_50_50,482,uptrend,2025-10-12 15:00:00+00:00,2025-10-13 13:00:00+00:00,23,110123.6149171929,112080.90075062551,0.0177735341770644,0.026132035980807267,18490.64911920241,0.435556462798534,42452.932509361555,-0.015708890814214227,0.0,0.0,0.0,0.0,0.0,0.0,0,0,,,0.0,,
buy_hold_50_50,483,high_vol_chop,2025-10-13 14:00:00+00:00,2025-10-13 15:00:00+00:00,2,111052.51399976172,111649.2910758966,0.005373827702236156,-0.0038508762138628194,-0.9999999542190369,0.9628905045577525,-1.0385396361119257,0.0,0.0,0.0,0.0,0.0,0.0,0.0,0,0,,,0.0,,
buy_hold_50_50,485,high_vol_chop,2025-10-13 17:00:00+00:00,2025-10-14 09:00:00+00:00,17,113142.49970213274,109403.07399022995,-0.03305058419026874,-0.023942492309941277,-0.9999962265483304,0.4267535169909436,-2.3432641717854947,-0.040100054001963925,0.0,0.0,0.0,0.0,0.0,0.0,0,0,,,0.0,,
buy_hold_50_50,487,high_vol_chop,2025-10-14 11:00:00+00:00,2025-10-14 12:00:00+00:00,2,109198.88597640891,108744.04265459313,-0.004165274377561423,-0.00023551223225881657,-0.643586985299116,0.5368300401759185,-1.1988654455481167,-0.004165274377561423,0.0,0.0,0.0,0.0,0.0,0.0,0,0,,,0.0,,
buy_hold_50_50,489,high_vol_chop,2025-10-14 14:00:00+00:00,2025-10-15 05:00:00+00:00,16,109151.22721315382,111250.29786727036,0.01923084795022434,0.02096662425048379,85864.9408760562,0.4174007782767103,205713.41824171966,-0.0057762533587919496,0.0,0.0,0.0,0.0,0.0,0.0,0,0,,,0.0,,
buy_hold_50_50,490,sideways,2025-10-15 06:00:00+00:00,2025-10-15 13:00:00+00:00,8,111384.04027165496,110435.48194924342,-0.00851610625811472,-0.007324168417050747,-0.9996807315906275,0.40565546219974785,-2.464359104570314,-0.01684015969048369,0.0,0.0,0.0,0.0,0.0,0.0,0,0,,,0.0,,
buy_hold_50_50,492,sideways,2025-10-15 15:00:00+00:00,2025-10-16 15:00:00+00:00,25,109331.58584534732,108221.58346240917,-0.010152623090167956,-0.014145215712504378,-0.9932070704093334,0.39221520665548554,-2.532301281428254,-0.020840604277808206,0.0,0.0,0.0,0.0,0.0,0.0,0,0,,,0.0,,
buy_hold_50_50,493,high_vol_chop,2025-10-16 16:00:00+00:00,2025-10-17 05:00:00+00:00,14,109073.93065649946,108032.73561301084,-0.009545773561306814,-0.0017450109613659226,-0.6647343467973872,0.3800757220510566,-1.7489524014061903,-0.015508639123061219,0.0,0.0,0.0,0.0,0.0,0.0,0,0,,,0.0,,
buy_hold_50_50,494,downtrend,2025-10-17 06:00:00+00:00,2025-10-17 14:00:00+00:00,9,106900.09531752652,105864.85761944478,-0.009684160664279684,-0.02006686196794738,-0.999999997300982,0.5586281051113724,-1.7900996891332819,-0.01550078716023262,0.0,0.0,0.0,0.0,0.0,0.0,0,0,,,0.0,,
buy_hold_50_50,495,high_vol_chop,2025-10-17 15:00:00+00:00,2025-10-18 05:00:00+00:00,15,106575.71786012151,107621.23197903016,0.009810059363436485,0.01659072140727824,14904.503125525196,0.3087020489699129,48281.19273992198,-0.00619058544500628,0.0,0.0,0.0,0.0,0.0,0.0,0,0,,,0.0,,
buy_hold_50_50,496,sideways,2025-10-18 06:00:00+00:00,2025-10-20 05:00:00+00:00,48,107696.74133206243,110509.501965924,0.02611741635885667,0.026837362235889284,124.61843840191,0.2643247953394125,471.4595096607972,-0.011179301083647064,0.0,0.0,0.0,0.0,0.0,0.0,0,0,,,0.0,,
buy_hold_50_50,498,sideways,2025-10-20 07:00:00+00:00,2025-10-21 03:00:00+00:00,21,110419.09924937449,108446.92005242464,-0.017860852065961885,-0.02053345278112928,-0.9998256671648684,0.22993867845834742,-4.3482274224950945,-0.017860852065961885,0.0,0.0,0.0,0.0,0.0,0.0,0,0,,,0.0,,
buy_hold_50_50,500,sideways,2025-10-21 05:00:00+00:00,2025-10-21 13:00:00+00:00,9,107565.08399857023,107603.35994280947,0.00035583985821774355,0.0021388445800680778,7.001152240587617,0.20787681612009784,33.67933168912305,-0.0038849492350083725,0.0,0.0,0.0,0.0,0.0,0.0,0,0,,,0.0,,
buy_hold_50_50,501,high_vol_chop,2025-10-21 14:00:00+00:00,2025-10-22 13:00:00+00:00,24,109914.80996068152,107729.80459907066,-0.01987908055695564,0.0011750995166730505,0.5351982320308664,0.5399210780786934,0.9912527103690169,-0.035085738859323645,0.0,0.0,0.0,0.0,0.0,0.0,0,0,,,0.0,,
buy_hold_50_50,505,downtrend,2025-10-22 17:00:00+00:00,2025-10-22 18:00:00+00:00,2,106723.6089598475,106651.376146789,-0.0006768213121959299,-0.004571935350693335,-0.9999999980801015,0.21316625268188602,-4.691174074220977,-0.0006768213121959299,0.0,0.0,0.0,0.0,0.0,0.0,0,0,,,0.0,,
buy_hold_50_50,506,sideways,2025-10-22 19:00:00+00:00,2025-10-22 20:00:00+00:00,2,106662.84403669724,106331.76456570953,-0.003103981278370971,-0.002996788158078467,-0.999998046014321,0.2125426470641096,-4.704928915808082,-0.003103981278370971,0.0,0.0,0.0,0.0,0.0,0.0,0,0,,,0.0,,
buy_hold_50_50,508,sideways,2025-10-22 22:00:00+00:00,2025-10-26 21:00:00+00:00,96,105897.920886453,110784.13558918146,0.04614079919442049,0.047348642183208334,67.12848846294318,0.24350799364446624,275.672627654902,-0.012895501081549354,0.0,0.0,0.0,0.0,0.0,0.0,0,0,,,0.0,,
buy_hold_50_50,509,uptrend,2025-10-26 22:00:00+00:00,2025-10-27 08:00:00+00:00,11,111971.8813296795,112062.58191349937,0.0008100300070230659,0.011539976527494389,9295.523820352022,0.3813715340648728,24373.931953638723,-0.009038635788941263,0.0,0.0,0.0,0.0,0.0,0.0,0,0,,,0.0,,
buy_hold_50_50,510,sideways,2025-10-27 09:00:00+00:00,2025-10-30 04:00:00+00:00,68,111965.9239842726,107673.50768497556,-0.038336809509114333,-0.03916627792773597,-0.994183193148608,0.35787474160595917,-2.778020009702896,-0.04616003694175097,0.0,0.0,0.0,0.0,0.0,0.0,0,0,,,0.0,,
buy_hold_50_50,511,high_vol_chop,2025-10-30 05:00:00+00:00,2025-10-30 12:00:00+00:00,8,108347.43238412964,106874.18086500656,-0.01359747514735632,-0.007423616422970181,-0.9997139039362044,0.41734367404939887,-2.395421246562068,-0.01668062085399613,0.0,0.0,0.0,0.0,0.0,0.0,0,0,,,0.0,,
buy_hold_50_50,513,high_vol_chop,2025-10-30 14:00:00+00:00,2025-10-30 16:00:00+00:00,3,106620.249017038,106317.16906946266,-0.002842611514881299,0.0019481576716426918,292.8549924392168,0.4069736619762826,719.5920026300956,-0.003867907265212134,0.0,0.0,0.0,0.0,0.0,0.0,0,0,,,0.0,,
buy_hold_50_50,514,downtrend,2025-10-30 17:00:00+00:00,2025-10-30 19:00:00+00:00,3,106167.19289884428,104899.61872989396,-0.011939414939208803,-0.013333221265913742,-1.0,0.2657522548922726,-3.762903161086508,-0.011939414939208803,0.0,0.0,0.0,0.0,0.0,0.0,0,0,,,0.0,,
buy_hold_50_50,515,high_vol_chop,2025-10-30 20:00:00+00:00,2025-10-31 11:00:00+00:00,16,105952.13272965568,107687.95424758727,0.01638307293313912,0.026580988105142422,1728964.4825044058,0.3210158941608855,5385915.507466712,-0.004392112757210742,0.0,0.0,0.0,0.0,0.0,0.0,0,0,,,0.0,,
buy_hold_50_50,516,sideways,2025-10-31 12:00:00+00:00,2025-10-31 18:00:00+00:00,7,107127.21911116409,107362.38532110093,0.0021952050271445422,-0.00302326224656313,-0.9773846727946965,0.34040702181426363,-2.8712235945825677,-0.006218402706638759,0.0,0.0,0.0,0.0,0.0,0.0,0,0,,,0.0,,
buy_hold_50_50,518,sideways,2025-10-31 20:00:00+00:00,2025-11-03 14:00:00+00:00,67,107480.63862742764,105621.35112593828,-0.01729881330473315,-0.020746773376193017,-0.9355004491646571,0.22488270133160457,-4.159948469247527,-0.03193233356962455,0.0,0.0,0.0,0.0,0.0,0.0,0,0,,,0.0,,
buy_hold_50_50,519,downtrend,2025-11-03 15:00:00+00:00,2025-11-03 16:00:00+00:00,2,103452.72846419636,103901.01870606458,0.004333285825548483,-0.0162877335078061,-1.0,1.6456267987790527,-0.6076711929715379,0.0,0.0,0.0,0.0,0.0,0.0,0.0,0,0,,,0.0,,
buy_hold_50_50,521,downtrend,2025-11-03 18:00:00+00:00,2025-11-04 01:00:00+00:00,8,104093.14309543668,104273.79959490053,0.0017355273756909373,-0.003174982843702212,-0.9692583543025683,0.33737937591395484,-2.872903394515045,-0.006365508074566262,0.0,0.0,0.0,0.0,0.0,0.0,0,0,,,0.0,,
buy_hold_50_50,522,high_vol_chop,2025-11-04 02:00:00+00:00,2025-11-04 04:00:00+00:00,3,103997.08090075062,103991.12355534374,-5.728377522984385e-05,-0.002710901881920136,-0.9996389818954576,0.26362033680238606,-3.791964588243443,-0.0023988558643380786,0.0,0.0,0.0,0.0,0.0,0.0,0,0,,,0.0,,
buy_hold_50_50,523,downtrend,2025-11-04 05:00:00+00:00,2025-11-04 10:00:00+00:00,6,102001.8169903491,101898.75491480996,-0.0010103945064909858,-0.02012064654172352,-0.9999999999998705,0.7431943950160159,-1.3455429786688857,-0.003932216220937534,0.0,0.0,0.0,0.0,0.0,0.0,0,0,,,0.0,,
buy_hold_50_50,525,downtrend,2025-11-04 12:00:00+00:00,2025-11-04 13:00:00+00:00,2,102284.64196354104,102222.8345049446,-0.0006042691982874882,-0.0032167649365359985,-0.9999992566808408,0.13301212293001308,-7.518106129371455,-0.0006042691982874882,0.0,0.0,0.0,0.0,0.0,0.0,0,0,,,0.0,,
buy_hold_50_50,526,high_vol_chop,2025-11-04 14:00:00+00:00,2025-11-04 15:00:00+00:00,2,102943.22649827236,102228.79185035148,-0.006940084085404696,5.827802991120734e-05,0.2907847068785594,0.9257050823352222,0.3141224051022965,-0.006940084085404696,0.0,0.0,0.0,0.0,0.0,0.0,0,0,,,0.0,,
buy_hold_50_50,527,downtrend,2025-11-04 16:00:00+00:00,2025-11-05 04:00:00+00:00,13,101066.66269510306,99585.96449422138,-0.01465070836808613,-0.025852084410806553,-0.9999999783759825,0.6877403869835592,-1.45403701353355,-0.03196424413721177,0.0,0.0,0.0,0.0,0.0,0.0,0,0,,,0.0,,
buy_hold_50_50,528,high_vol_chop,2025-11-05 05:00:00+00:00,2025-11-05 07:00:00+00:00,3,99540.53973549386,99614.7086858096,0.0007451130013240714,0.00028863697544356803,1.3226258027495121,0.1317191631366034,10.041255738755662,-0.0009499782670066015,0.0,0.0,0.0,0.0,0.0,0.0,0,0,,,0.0,,
buy_hold_50_50,529,downtrend,2025-11-05 08:00:00+00:00,2025-11-05 11:00:00+00:00,4,99163.58870487312,99485.7321577505,0.0032486062382850456,-0.0012947538547334325,-0.9414191936206389,0.517370723278316,-1.819622083861535,-0.004714022942978513,0.0,0.0,0.0,0.0,0.0,0.0,0,0,,,0.0,,
buy_hold_50_50,530,high_vol_chop,2025-11-05 12:00:00+00:00,2025-11-05 13:00:00+00:00,2,99821.13070415823,100047.6587632551,0.002269339742987153,0.005648313515083325,51766374459.28628,0.07293098659542865,709799453920.0573,0.0,0.0,0.0,0.0,0.0,0.0,0.0,0,0,,,0.0,,
buy_hold_50_50,532,high_vol_chop,2025-11-05 15:00:00+00:00,2025-11-05 18:00:00+00:00,4,100610.33003693554,101562.31383295605,0.009462087995049995,0.016972659716143257,1.016992496139578e+16,0.3106786487361172,3.2734547426314652e+16,-0.00025608383066078044,0.0,0.0,0.0,0.0,0.0,0.0,0,0,,,0.0,,
buy_hold_50_50,533,uptrend,2025-11-05 19:00:00+00:00,2025-11-05 22:00:00+00:00,4,101457.46455379482,101006.046705588,-0.004449331059002248,-0.00547710175531213,-0.9999940243746044,0.08344142693251223,-11.984383071293875,-0.004449331059002248,0.0,0.0,0.0,0.0,0.0,0.0,0,0,,,0.0,,
buy_hold_50_50,536,sideways,2025-11-06 01:00:00+00:00,2025-11-06 13:00:00+00:00,13,100720.54092696296,100492.67246514952,-0.002262383221101616,-0.0025898004434591337,-0.8257720435471891,0.38554573077730503,-2.141826449179807,-0.015255304995969388,0.0,0.0,0.0,0.0,0.0,0.0,0,0,,,0.0,,
buy_hold_50_50,538,sideways,2025-11-06 15:00:00+00:00,2025-11-06 16:00:00+00:00,2,99144.52519957109,98781.87179792684,-0.003657825794356806,-0.007909667055070124,-0.9999999999999992,0.040345942503992406,-24.78563984224795,-0.003657825794356806,0.0,0.0,0.0,0.0,0.0,0.0,0,0,,,0.0,,
buy_hold_50_50,540,sideways,2025-11-06 18:00:00+00:00,2025-11-06 19:00:00+00:00,2,99572.56046705588,99524.15703562491,-0.00048611214981242323,-0.00046518167513287523,-0.8697070349793115,0.03355754984600189,-25.916881267269574,-0.00048611214981242323,0.0,0.0,0.0,0.0,0.0,0.0,0,0,,,0.0,,
buy_hold_50_50,541,high_vol_chop,2025-11-06 20:00:00+00:00,2025-11-07 04:00:00+00:00,9,99230.31097343024,99705.11140235912,0.004784832620911672,0.0018181954223379648,4.859728778825673,0.18844710136358264,25.7882914815946,-0.0016521504893595162,0.0,0.0,0.0,0.0,0.0,0.0,0,0,,,0.0,,
buy_hold_50_50,542,sideways,2025-11-07 05:00:00+00:00,2025-11-07 17:00:00+00:00,13,100129.5722625998,100402.71654950554,0.002727908256607625,0.0069966838944821585,108.75728978569472,0.4795208565173192,226.80408642823372,-0.021490086418467835,0.0,0.0,0.0,0.0,0.0,0.0,0,0,,,0.0,,
buy_hold_50_50,543,high_vol_chop,2025-11-07 18:00:00+00:00,2025-11-07 19:00:00+00:00,2,101007.0892410342,101268.31883712618,0.0025862501142726035,0.008621303460388363,2.134220272595922e+16,0.22721689938957773,9.392876490831197e+16,0.0,0.0,0.0,0.0,0.0,0.0,0.0,0,0,,,0.0,,
buy_hold_50_50,544,sideways,2025-11-07 20:00:00+00:00,2025-11-07 21:00:00+00:00,2,101599.84510901944,101649.58894316692,0.0004896054132179639,0.0037649494967320063,14069410.23880866,0.184258475879333,76356922.91312787,0.0,0.0,0.0,0.0,0.0,0.0,0.0,0,0,,,0.0,,
buy_hold_50_50,545,high_vol_chop,2025-11-07 22:00:00+00:00,2025-11-08 07:00:00+00:00,10,101303.4671750268,101332.80710115572,0.000289624106134756,-0.003116410457777108,-0.9350565431168174,0.20918906306115492,-4.469911234525011,-0.0040426955608120485,0.0,0.0,0.0,0.0,0.0,0.0,0,0,,,0.0,,
buy_hold_50_50,546,sideways,2025-11-08 08:00:00+00:00,2025-11-08 09:00:00+00:00,2,101432.74157035624,101214.10699392352,-0.0021554635421253687,-0.001171388720276112,-0.9941052311409587,0.2079202565155332,-4.781185093751034,-0.0021554635421253687,0.0,0.0,0.0,0.0,0.0,0.0,0,0,,,0.0,,
buy_hold_50_50,550,sideways,2025-11-08 13:00:00+00:00,2025-11-09 18:00:00+00:00,30,100574.28809722388,102743.50649350647,0.021568319670188796,0.019744155245201567,300.6043779037022,0.24933281751239708,1205.6350259177407,-0.006118576233912765,0.0,0.0,0.0,0.0,0.0,0.0,0,0,,,0.0,,
buy_hold_50_50,551,uptrend,2025-11-09 19:00:00+00:00,2025-11-10 11:00:00+00:00,17,103316.15632074348,103766.38269986892,0.0043577538611454525,0.009955628742601474,163.79604044562728,0.254801684224459,642.8373538588413,-0.005867732192298192,0.0,0.0,0.0,0.0,0.0,0.0,0,0,,,0.0,,
buy_hold_50_50,552,sideways,2025-11-10 12:00:00+00:00,2025-11-12 01:00:00+00:00,38,103489.06827117836,101333.9985702371,-0.020824128934026187,-0.023440964851470292,-0.995780764865265,0.3178375416326176,-3.1329866187307385,-0.028485868932303093,0.0,0.0,0.0,0.0,0.0,0.0,0,0,,,0.0,,
buy_hold_50_50,554,sideways,2025-11-12 03:00:00+00:00,2025-11-12 14:00:00+00:00,12,101208.00071488143,102171.30346717502,0.009518049417924557,0.011244252945572963,3505.941489941613,0.4214716299007483,8318.333290350341,-0.010644649552927654,0.0,0.0,0.0,0.0,0.0,0.0,0,0,,,0.0,,
buy_hold_50_50,555,high_vol_chop,2025-11-12 15:00:00+00:00,2025-11-13 13:00:00+00:00,23,101053.25866793757,101201.00083402835,0.0014620227792581098,-0.009496821516605247,-0.9735985155969735,0.38481964195110996,-2.530012529143889,-0.014938917874367963,0.0,0.0,0.0,0.0,0.0,0.0,0,0,,,0.0,,
buy_hold_50_50,556,sideways,2025-11-13 14:00:00+00:00,2025-11-13 16:00:00+00:00,3,101286.78660788752,99549.77362087452,-0.017149453005528947,-0.01631631307541992,-1.0,0.511876391843705,-1.9535966415605612,-0.017149453005528947,0.0,0.0,0.0,0.0,0.0,0.0,0,0,,,0.0,,
buy_hold_50_50,557,downtrend,2025-11-13 17:00:00+00:00,2025-11-14 15:00:00+00:00,23,98470.1536995115,97585.48790658882,-0.008984100863925759,-0.019731694436257774,-0.9994946886085793,0.5091526103398645,-1.963055218240768,-0.020392698981197,0.0,0.0,0.0,0.0,0.0,0.0,0,0,,,0.0,,
buy_hold_50_50,558,high_vol_chop,2025-11-14 16:00:00+00:00,2025-11-15 18:00:00+00:00,27,98101.24508519004,97750.65530799476,-0.0035737546133163267,0.0016925406118177833,0.7309514098305674,0.3972343705920892,1.8401011189969876,-0.01805550705869663,0.0,0.0,0.0,0.0,0.0,0.0,0,0,,,0.0,,
buy_hold_50_50,559,sideways,2025-11-15 19:00:00+00:00,2025-11-16 14:00:00+00:00,20,97599.0408673895,97220.00476587634,-0.0038836047787412786,-0.005428613654266279,-0.9078382533215826,0.3363532997025145,-2.6990615347746383,-0.014221138629979202,0.0,0.0,0.0,0.0,0.0,0.0,0,0,,,0.0,,
buy_hold_50_50,560,high_vol_chop,2025-11-16 15:00:00+00:00,2025-11-17 10:00:00+00:00,20,96221.40474204694,97582.65816752057,0.01414709574364359,0.003730234353696238,4.10797424420532,0.3764740571396766,10.911706042685461,-0.006864591862479119,0.0,0.0,0.0,0.0,0.0,0.0,0,0,,,0.0,,
buy_hold_50_50,561,sideways,2025-11-17 11:00:00+00:00,2025-11-17 12:00:00+00:00,2,97689.443583939,97390.68271178362,-0.0030582718172478263,-0.001967311193833088,-0.9998204954762169,0.27482419984944845,-3.638036592206687,-0.0030582718172478263,0.0,0.0,0.0,0.0,0.0,0.0,0,0,,,0.0,,
buy_hold_50_50,562,high_vol_chop,2025-11-17 13:00:00+00:00,2025-11-17 14:00:00+00:00,2,96462.9750982962,96916.92481830096,0.004705947743600003,-0.004864509420112406,-0.9999999994702113,0.9418681393972427,-1.061719743604631,0.0,0.0,0.0,0.0,0.0,0.0,0.0,0,0,,,0.0,,
buy_hold_50_50,563,sideways,2025-11-17 15:00:00+00:00,2025-11-17 16:00:00+00:00,2,96449.72000476588,96648.99320862624,0.0020660837983823566,-0.0027645492278777217,-0.9999945804301772,0.4557763737094261,-2.1940465502665787,0.0,0.0,0.0,0.0,0.0,0.0,0.0,0,0,,,0.0,,
buy_hold_50_50,564,high_vol_chop,2025-11-17 17:00:00+00:00,2025-11-18 01:00:00+00:00,9,95523.05492672464,94896.78899082568,-0.00655617574604761,-0.01812956513699282,-0.999999981546803,0.4661793292188644,-2.1450972166063536,-0.012034987059153734,0.0,0.0,0.0,0.0,0.0,0.0,0,0,,,0.0,,
buy_hold_50_50,567,downtrend,2025-11-18 04:00:00+00:00,2025-11-18 07:00:00+00:00,4,94728.49398308112,94998.80853091864,0.002853571681249445,-6.113820526421065e-05,-0.1253196403964072,0.3866800667864123,-0.32409128672678417,-0.003509019940468927,0.0,0.0,0.0,0.0,0.0,0.0,0,0,,,0.0,,
buy_hold_50_50,568,high_vol_chop,2025-11-18 08:00:00+00:00,2025-11-18 17:00:00+00:00,10,95540.92696294532,96679.37567020136,0.011915822291504341,0.01769040228263208,4691746.06668922,0.3479861921084507,13482563.886405662,-0.0027395894820947397,0.0,0.0,0.0,0.0,0.0,0.0,0,0,,,0.0,,
buy_hold_50_50,571,sideways,2025-11-18 20:00:00+00:00,2025-11-18 23:00:00+00:00,4,96500.05957345408,96506.91052067198,7.099422786049914e-05,-0.003406638870134371,-0.9994319355862268,0.35037434761810804,-2.8524689161192867,-0.0038784455350807656,0.0,0.0,0.0,0.0,0.0,0.0,0,0,,,0.0,,
buy_hold_50_50,573,sideways,2025-11-19 01:00:00+00:00,2025-11-19 04:00:00+00:00,4,96229.00035744072,95374.568092458,-0.008879155574815778,-0.008173032246073575,-0.9999999843451636,0.3425970275186583,-2.9188810877546283,-0.010167537146752337,0.0,0.0,0.0,0.0,0.0,0.0,0,0,,,0.0,,
buy_hold_50_50,574,high_vol_chop,2025-11-19 05:00:00+00:00,2025-11-19 07:00:00+00:00,3,94920.02263791257,95931.1330870964,0.010652235651490205,0.005835570275913193,23922717.305008493,0.5658739850335351,42275697.30669059,0.0,0.0,0.0,0.0,0.0,0.0,0.0,0,0,,,0.0,,
buy_hold_50_50,575,sideways,2025-11-19 08:00:00+00:00,2025-11-19 12:00:00+00:00,5,95856.36840223995,96157.36327892292,0.0031400613407333022,0.002358256225547972,60.979320596128765,0.14624486752050797,416.96725245812553,-0.0012206660152311866,0.0,0.0,0.0,0.0,0.0,0.0,0,0,,,0.0,,
buy_hold_50_50,576,high_vol_chop,2025-11-19 13:00:00+00:00,2025-11-19 15:00:00+00:00,3,95658.43560109616,94257.2679613964,-0.014647611900562074,-0.019760268509182333,-1.0,0.6023356163696891,-1.6602040005986307,-0.014647611900562074,0.0,0.0,0.0,0.0,0.0,0.0,0,0,,,0.0,,
buy_hold_50_50,577,downtrend,2025-11-19 16:00:00+00:00,2025-11-19 20:00:00+00:00,5,93911.29512689146,93826.25402120817,-0.0009055471503016665,-0.004572739582954566,-0.9996743908736727,0.583561823624426,-1.7130565270099851,-0.011009296527837331,0.0,0.0,0.0,0.0,0.0,0.0,0,0,,,0.0,,
buy_hold_50_50,578,high_vol_chop,2025-11-19 21:00:00+00:00,2025-11-20 22:00:00+00:00,26,94519.24222566425,92946.50303824616,-0.01663935459473087,-0.009376383957129697,-0.9581650820519905,0.4458779861741646,-2.1489400951894524,-0.03751347623735646,0.0,0.0,0.0,0.0,0.0,0.0,0,0,,,0.0,,
buy_hold_50_50,579,downtrend,2025-11-20 23:00:00+00:00,2025-11-21 15:00:00+00:00,17,92172.19706898606,90250.80424162991,-0.02084568762007577,-0.029002691962569327,-0.9999997408662817,0.5978652459889042,-1.6726172788522327,-0.029034022359848866,0.0,0.0,0.0,0.0,0.0,0.0,0,0,,,0.0,,
buy_hold_50_50,580,high_vol_chop,2025-11-21 16:00:00+00:00,2025-11-21 21:00:00+00:00,6,91114.172524723,91188.04360776838,0.0008107529377532341,0.010384831182547405,3554295.508231913,0.4780339681734166,7435236.290452314,-0.006947296372347811,0.0,0.0,0.0,0.0,0.0,0.0,0,0,,,0.0,,
buy_hold_50_50,582,high_vol_chop,2025-11-21 23:00:00+00:00,2025-11-22 15:00:00+00:00,17,91174.93744787324,90778.47611104492,-0.0043483587477642915,0.0028711141239070592,3.3813128397988796,0.2819106727141466,11.994270409291962,-0.010047808647966172,0.0,0.0,0.0,0.0,0.0,0.0,0,0,,,0.0,,
buy_hold_50_50,583,sideways,2025-11-22 16:00:00+00:00,2025-11-24 08:00:00+00:00,41,91020.79113547003,92268.40819730728,0.013706945921623026,0.016412834298295875,31.40379112269916,0.2988279618889368,105.08986817763319,-0.00898285677423527,0.0,0.0,0.0,0.0,0.0,0.0,0,0,,,0.0,,
buy_hold_50_50,584,high_vol_chop,2025-11-24 09:00:00+00:00,2025-11-24 11:00:00+00:00,3,91655.24842130346,91737.16192064816,0.0008937131343331739,-0.005757618312034807,-0.9999999524189517,0.3838649641874252,-2.605082635076572,0.0,0.0,0.0,0.0,0.0,0.0,0.0,0,0,,,0.0,,
buy_hold_50_50,585,sideways,2025-11-24 12:00:00+00:00,2025-11-24 16:00:00+00:00,5,91744.16180150124,92568.36053854402,0.008983664146673842,0.009060653289174603,7295587.655961878,0.09487489932874527,76896921.18336146,0.0,0.0,0.0,0.0,0.0,0.0,0.0,0,0,,,0.0,,
buy_hold_50_50,586,uptrend,2025-11-24 17:00:00+00:00,2025-11-24 18:00:00+00:00,2,93782.31859883235,94045.18646491124,0.002802957636431902,0.015953895237804216,1.2826821124217851e+30,0.682412809751906,1.8796278353686087e+30,0.0,0.0,0.0,0.0,0.0,0.0,0.0,0,0,,,0.0,,
buy_hold_50_50,589,high_vol_chop,2025-11-24 21:00:00+00:00,2025-11-24 22:00:00+00:00,2,94074.37745740496,94090.3133563684,0.00016939680489147513,-0.0019904584373322542,-0.9998378349803941,0.15412934382951524,-6.487005070795147,0.0,0.0,0.0,0.0,0.0,0.0,0.0,0,0,,,0.0,,
buy_hold_50_50,590,uptrend,2025-11-24 23:00:00+00:00,2025-11-25 00:00:00+00:00,2,93984.421541761,93829.97736208746,-0.0016432955285563544,-0.002766873496264255,-0.9999946354745758,0.03427332647841463,-29.1770521925957,-0.0016432955285563544,0.0,0.0,0.0,0.0,0.0,0.0,0,0,,,0.0,,
buy_hold_50_50,591,high_vol_chop,2025-11-25 01:00:00+00:00,2025-11-25 04:00:00+00:00,4,93472.98343857976,93747.17026093174,0.0029333269599995937,-0.0008825228725801715,-0.8553702759829173,0.3570437786922177,-2.3957013874208175,-0.003020086197299654,0.0,0.0,0.0,0.0,0.0,0.0,0,0,,,0.0,,
buy_hold_50_50,592,sideways,2025-11-25 05:00:00+00:00,2025-11-25 07:00:00+00:00,3,93613.5767901823,93232.0088168712,-0.004075989684341641,-0.005495221270430561,-0.9999998971810932,0.1057035262379717,-9.460421357465224,-0.004075989684341641,0.0,0.0,0.0,0.0,0.0,0.0,0,0,,,0.0,,
buy_hold_50_50,594,sideways,2025-11-25 09:00:00+00:00,2025-11-25 12:00:00+00:00,4,93073.09662814248,93596.44942213748,0.005623029779335376,0.008892206676780035,263051234.51229575,0.2798807283553749,939869050.8561556,-0.0011877149036637613,0.0,0.0,0.0,0.0,0.0,0.0,0,0,,,0.0,,
buy_hold_50_50,595,high_vol_chop,2025-11-25 13:00:00+00:00,2025-11-25 16:00:00+00:00,4,93300.36935541524,93611.9385201954,0.003339420486035527,0.00016548809440486423,0.4367576487603959,0.424135611765571,1.029759436945845,-0.004239723140970764,0.0,0.0,0.0,0.0,0.0,0.0,0,0,,,0.0,,
buy_hold_50_50,596,sideways,2025-11-25 17:00:00+00:00,2025-11-30 23:00:00+00:00,127,93724.53234838556,94564.66698439176,0.008963871197386286,0.010177424794923784,1.0106411830356672,0.24741669681970102,4.0847735663213856,-0.016123916754508083,0.0,0.0,0.0,0.0,0.0,0.0,0,0,,,0.0,,
buy_hold_50_50,597,downtrend,2025-12-01 00:00:00+00:00,2025-12-01 23:00:00+00:00,24,92255.0041701418,91686.52448468962,-0.00616204714926627,-0.03043570702974252,-0.999987397296195,0.5450665310752439,-1.8346152997571434,-0.019341372240484378,0.0,0.0,0.0,0.0,0.0,0.0,0,0,,,0.0,,
buy_hold_50_50,598,sideways,2025-12-02 00:00:00+00:00,2025-12-02 14:00:00+00:00,15,91646.31240319317,93124.62766591206,0.016130657349475497,0.01568500048731325,8855.838231942194,0.22434923290355416,39473.45001954718,-0.0024470759063498493,0.0,0.0,0.0,0.0,0.0,0.0,0,0,,,0.0,,
buy_hold_50_50,599,uptrend,2025-12-02 15:00:00+00:00,2025-12-03 14:00:00+00:00,24,94786.72703443344,95831.4964851662,0.011022318033549361,0.029067163940403873,34829.36759739901,0.3947691253249387,88227.18232772278,-0.005588283744243916,0.0,0.0,0.0,0.0,0.0,0.0,0,0,,,0.0,,
buy_hold_50_50,600,sideways,2025-12-03 15:00:00+00:00,2025-12-03 19:00:00+00:00,5,95983.25985940664,96610.27046348149,0.00653249957329316,0.008126492926423756,1439887.4233682093,0.27705161630816577,5197181.097715077,-0.001930198354089474,0.0,0.0,0.0,0.0,0.0,0.0,0,0,,,0.0,,
buy_hold_50_50,601,uptrend,2025-12-03 20:00:00+00:00,2025-12-04 03:00:00+00:00,8,96756.82116049089,97825.41999285118,0.01104417052507145,0.012577850403896695,879271.317046561,0.18155871737972162,4842903.330318235,-0.001711337229183929,0.0,0.0,0.0,0.0,0.0,0.0,0,0,,,0.0,,
buy_hold_50_50,602,sideways,2025-12-04 04:00:00+00:00,2025-12-07 14:00:00+00:00,83,97551.82890503992,93844.1260574288,-0.03800751753429776,-0.04069794881241806,-0.9875396298927139,0.28240487899236616,-3.4968929482249087,-0.040385303636017555,0.0,0.0,0.0,0.0,0.0,0.0,0,0,,,0.0,,
buy_hold_50_50,603,high_vol_chop,2025-12-07 15:00:00+00:00,2025-12-08 13:00:00+00:00,23,95096.3600619564,96858.84070058382,0.0185336288105995,0.032124702629871216,169888.50891505522,0.44455569434780745,382153.48734716553,-0.016542774095963608,0.0,0.0,0.0,0.0,0.0,0.0,0,0,,,0.0,,
buy_hold_50_50,605,high_vol_chop,2025-12-08 15:00:00+00:00,2025-12-08 16:00:00+00:00,2,96201.00083402835,96297.50982961991,0.0010032015753980161,-0.003135917510260544,-0.9999989396380423,0.3400523117268787,-2.940720898381117,0.0,0.0,0.0,0.0,0.0,0.0,0.0,0,0,,,0.0,,
buy_hold_50_50,606,sideways,2025-12-08 17:00:00+00:00,2025-12-09 14:00:00+00:00,22,96487.99594900513,96432.14583581557,-0.0005788296527484693,0.001398125521976823,0.7442407327678573,0.22851751782876503,3.256821358113731,-0.007379506495503119,0.0,0.0,0.0,0.0,0.0,0.0,0,0,,,0.0,,
buy_hold_50_50,608,uptrend,2025-12-09 16:00:00+00:00,2025-12-09 20:00:00+00:00,5,100140.7422852377,99566.30525437865,-0.005736296913226857,0.012378209263516293,2293854160.6658688,0.8509993466416196,2695482869.3092723,-0.007245246930905003,0.0,0.0,0.0,0.0,0.0,0.0,0,0,,,0.0,,
buy_hold_50_50,610,uptrend,2025-12-09 22:00:00+00:00,2025-12-10 14:00:00+00:00,17,99583.7304896938,99445.96687715956,-0.0013833947760020227,0.002627745994563835,2.866254073388397,0.2094534422293248,13.684444824020675,-0.0053445871887978225,0.0,0.0,0.0,0.0,0.0,0.0,0,0,,,0.0,,
buy_hold_50_50,612,sideways,2025-12-10 16:00:00+00:00,2025-12-11 15:00:00+00:00,24,99921.95877516978,97360.8959847492,-0.025630630362072138,-0.02222767323630248,-0.9997266143795809,0.2825024264673114,-3.538824876236099,-0.034172075516433975,0.0,0.0,0.0,0.0,0.0,0.0,0,0,,,0.0,,
buy_hold_50_50,613,downtrend,2025-12-11 16:00:00+00:00,2025-12-11 19:00:00+00:00,4,97301.47146431552,97588.3176456571,0.0029480148349738666,0.002335862448754611,164.59970374082374,0.19837743924927484,829.7299549975183,-0.001409691361411447,0.0,0.0,0.0,0.0,0.0,0.0,0,0,,,0.0,,
buy_hold_50_50,614,sideways,2025-12-11 20:00:00+00:00,2025-12-12 14:00:00+00:00,19,97994.31073513645,98138.18062671274,0.001468145349428962,0.0056345164495219535,12.336669076220673,0.2804813215157143,43.98392381194445,-0.009063462396997624,0.0,0.0,0.0,0.0,0.0,0.0,0,0,,,0.0,,
buy_hold_50_50,615,high_vol_chop,2025-12-12 15:00:00+00:00,2025-12-12 20:00:00+00:00,6,95748.98725128084,95905.9633027523,0.0016394539094131133,-0.022745656274708148,-0.9999999999999974,0.9489896068942696,-1.053752320083534,-0.0010173730031142192,0.0,0.0,0.0,0.0,0.0,0.0,0,0,,,0.0,,
buy_hold_50_50,617,high_vol_chop,2025-12-12 22:00:00+00:00,2025-12-13 01:00:00+00:00,4,96087.51340402717,95947.96258787085,-0.001452330393539647,0.00046899434877323287,1.7922754798521505,0.12978385925603375,13.809694750380343,-0.001452330393539647,0.0,0.0,0.0,0.0,0.0,0.0,0,0,,,0.0,,
buy_hold_50_50,619,high_vol_chop,2025-12-13 03:00:00+00:00,2025-12-13 14:00:00+00:00,12,96031.06755629693,96347.25366376742,0.003292539753191104,0.004103869495708512,18.879603606344006,0.1124581698004273,167.88112095233714,-0.002758371866765752,0.0,0.0,0.0,0.0,0.0,0.0,0,0,,,0.0,,
buy_hold_50_50,620,sideways,2025-12-13 15:00:00+00:00,2025-12-15 17:00:00+00:00,51,96330.2752293578,93747.61706183726,-0.026810451453308404,-0.026981948141484358,-0.9908885087144811,0.26220764339627795,-3.7790222126245876,-0.034157306818879185,0.0,0.0,0.0,0.0,0.0,0.0,0,0,,,0.0,,
buy_hold_50_50,624,sideways,2025-12-15 21:00:00+00:00,2025-12-15 22:00:00+00:00,2,93877.04039080183,93969.3792446086,0.0009836148798723077,0.0036857870515454305,9959813.265381193,0.11356108608559354,87704455.88970731,0.0,0.0,0.0,0.0,0.0,0.0,0.0,0,0,,,0.0,,
buy_hold_50_50,625,high_vol_chop,2025-12-15 23:00:00+00:00,2025-12-16 00:00:00+00:00,2,94156.29095674968,93821.63707851782,-0.00355423811655442,-0.0015722373317611504,-0.9989839357780513,0.366864852894421,-2.7230298239159643,-0.00355423811655442,0.0,0.0,0.0,0.0,0.0,0.0,0,0,,,0.0,,
buy_hold_50_50,626,downtrend,2025-12-16 01:00:00+00:00,2025-12-16 13:00:00+00:00,13,93889.252948886,93345.64518050756,-0.005789882774702493,-0.005073370203633298,-0.9675278517427861,0.263047601845619,-3.67814739596304,-0.007538941697900814,0.0,0.0,0.0,0.0,0.0,0.0,0,0,,,0.0,,
buy_hold_50_50,627,sideways,2025-12-16 14:00:00+00:00,2025-12-17 14:00:00+00:00,25,93810.16918860957,94606.36840223995,0.008487344394716878,0.013505967196375313,109.03707357807617,0.26572591287620695,410.33662241616986,-0.006958464391268904,0.0,0.0,0.0,0.0,0.0,0.0,0,0,,,0.0,,
buy_hold_50_50,628,high_vol_chop,2025-12-17 15:00:00+00:00,2025-12-18 15:00:00+00:00,25,93252.71059216012,94145.71666865246,0.009576194309223851,-0.004869140855601972,-0.8191910307503234,0.4452049963452632,-1.8400310811315073,-0.014559137312021186,0.0,0.0,0.0,0.0,0.0,0.0,0,0,,,0.0,,
buy_hold_50_50,630,high_vol_chop,2025-12-18 17:00:00+00:00,2025-12-19 16:00:00+00:00,24,92365.66186107472,94172.6736566186,0.019563675062078456,0.003668242323039861,2.8055431083556805,0.458516283211494,6.118742585771165,-0.010401818826792364,0.0,0.0,0.0,0.0,0.0,0.0,0,0,,,0.0,,
buy_hold_50_50,631,sideways,2025-12-19 17:00:00+00:00,2025-12-19 18:00:00+00:00,2,93767.42523531514,94161.80150125104,0.004205898423105925,-0.00011544915255556898,-0.3969146077162208,0.5631486926494088,-0.70481315662633,0.0,0.0,0.0,0.0,0.0,0.0,0.0,0,0,,,0.0,,
buy_hold_50_50,632,uptrend,2025-12-19 19:00:00+00:00,2025-12-20 02:00:00+00:00,8,94441.05206719883,94406.0526629334,-0.0003705952390335998,0.002593951663925065,16.059368582246236,0.17366140088645274,92.47517583223079,-0.003269959822159607,0.0,0.0,0.0,0.0,0.0,0.0,0,0,,,0.0,,
buy_hold_50_50,633,sideways,2025-12-20 03:00:00+00:00,2025-12-31 00:00:00+00:00,262,94505.83819849876,94137.82318598832,-0.0038940981798126773,-0.002841231778889508,-0.09074720408243009,0.18224561949087448,-0.4979390140401923,-0.024694243203240762,0.0,0.0,0.0,0.0,0.0,0.0,0,0,,,0.0,,
fractal_dynamic_aave_hedged_lp,1,warmup,2025-01-01 00:00:00+00:00,2025-01-01 23:00:00+00:00,24,99925.0,99955.78284460024,0.00030805949062040483,0.00030805949062107096,0.11898765630570951,0.062072621568606476,1.916910439720949,-0.0015441189057988636,7.307572109220294,2.4395755248316213,5.7765748637056635,0.0,0.0,0.0,0,0,1.8939346826182806,1.882862728245672,0.21231800650992114,0.002323798086260146,0.0060636693369978
fractal_dynamic_aave_hedged_lp,2,sideways,2025-01-02 00:00:00+00:00,2025-01-03 21:00:00+00:00,46,99971.99753633268,100106.85612382728,0.001348963617993082,0.0015114010908390263,0.33323197235483004,0.06213477958482333,5.363050687255086,-0.0015358154848796879,23.325860653642295,5.013989981155394,11.442099750261601,0.0,0.0,0.0,0,0,1.8260163644433312,1.7484709119756787,0.2120583512531563,0.014090043689757489,0.0337207735108535
fractal_dynamic_aave_hedged_lp,4,sideways,2025-01-03 23:00:00+00:00,2025-01-07 14:00:00+00:00,88,100172.0923586245,100181.54431775068,9.43572097140688e-05,6.429391047135802e-05,0.006420484314338948,0.06423074982211709,0.09995966623649988,-0.0016127016535136818,45.491512365529346,9.92222801810789,21.571488804691107,0.0,0.0,0.0,0,0,1.7393342534575722,1.7049587173921272,0.21157298863136723,0.03498522728176398,0.0447771386220116
fractal_dynamic_aave_hedged_lp,5,downtrend,2025-01-07 15:00:00+00:00,2025-01-08 14:00:00+00:00,24,100138.46114778084,99946.70216455944,-0.0019149383865446623,-0.002344165832045886,-0.575407314602971,0.07610400148776435,-7.560802367211695,-0.0025655706459567496,21.591316427602237,2.505317421444116,5.871348512184401,0.0,0.0,0.0,0,0,1.8750453759960422,1.82999554935883,0.21194436530661498,0.0038865747989237955,0.0116769108228603
fractal_dynamic_aave_hedged_lp,6,sideways,2025-01-08 15:00:00+00:00,2025-01-08 16:00:00+00:00,2,99978.48634197412,100007.41295568782,0.0002893283822558157,0.000607431659209956,13.292614610665833,0.0018982783172824273,7002.458222088067,0.0,1.6651131963950405,0.20609135386125,0.4901670760550504,0.0,0.0,0.0,0,0,1.9027751467347307,1.8932003024424644,0.21199204129249136,0.0048093484072328,0.0075081776594431
fractal_dynamic_aave_hedged_lp,8,sideways,2025-01-08 18:00:00+00:00,2025-01-09 14:00:00+00:00,21,99857.39480721232,99823.3225278166,-0.0003412093762459323,-0.00033204930430907886,-0.12936721880782487,0.06437202288252859,-2.009680805649139,-0.002218514534102378,15.55339941679486,2.1522098162683303,5.1556396715939545,0.0,0.0,0.0,0,0,1.91658857814443,1.8935364012467464,0.21208762254069863,0.007392192230917643,0.0203640338673438
fractal_dynamic_aave_hedged_lp,9,high_vol_chop,2025-01-09 15:00:00+00:00,2025-01-10 14:00:00+00:00,24,100035.87801734835,99861.2849554142,-0.0017453044387122363,0.000380296173642769,0.14887329194351917,0.07805206204282987,1.9073588582685648,-0.0022072306870440928,18.053173461583143,2.4278012625080003,5.896728301094996,0.0,0.0,0.0,0,0,1.9433485415922656,1.908503942065622,0.21211212275395794,0.01364442615312235,0.0239872457786658
fractal_dynamic_aave_hedged_lp,10,sideways,2025-01-10 15:00:00+00:00,2025-01-13 10:00:00+00:00,68,99991.12852997998,99771.2530343536,-0.0021989500354568925,-0.0009015698235878,-0.1096991092259616,0.06137443422808613,-1.7873746716472567,-0.003370773610914979,37.50726705254843,6.8709097540132795,16.70488212736769,0.0,0.0,0.0,0,0,1.9452337929256576,1.911678740939168,0.21199531757984855,0.014462213627026141,0.0329714569933562
fractal_dynamic_aave_hedged_lp,11,downtrend,2025-01-13 11:00:00+00:00,2025-01-13 20:00:00+00:00,10,99780.22166561498,99787.94113586872,7.736473345998363e-05,0.00016726362561958474,0.15778729989225315,0.06610176375204461,2.3870361535908726,-0.001995380662848878,18.31915364565873,0.9403875379238716,2.452278773135441,0.0,0.0,0.0,0,0,2.0863307522720733,2.0509384658023366,0.2124241985698761,0.044442050299121315,0.0490587466789016
fractal_dynamic_aave_hedged_lp,12,high_vol_chop,2025-01-13 21:00:00+00:00,2025-01-13 23:00:00+00:00,3,99784.95419629784,99793.68692762931,8.751551175034677e-05,5.758002114486516e-05,0.1830890079653058,0.041391524758934435,4.423345335346355,-0.0003963310763390737,2.013266130643956,0.2903457832134822,0.7357070506115815,0.0,0.0,0.0,0,0,2.02715032144938,2.020761045191952,0.21226584658042838,0.03175639399827817,0.0335586889937344
fractal_dynamic_aave_hedged_lp,14,high_vol_chop,2025-01-14 01:00:00+00:00,2025-01-14 10:00:00+00:00,10,99891.23986263864,99909.0830731602,0.00017862637951138183,0.0006127348818607548,0.710167603006326,0.06667732798197222,10.650810770316658,-0.0012947686369891853,3.399167831746581,0.9818374757621031,2.4467300976664936,0.0,0.0,0.0,0,0,1.9938034192995233,1.954518831344531,0.21203252367660969,0.02546670050443401,0.0314342827998856
fractal_dynamic_aave_hedged_lp,20,uptrend,2025-01-14 16:00:00+00:00,2025-01-14 19:00:00+00:00,4,99919.16210761436,100021.98672195364,0.0010290780283819245,0.0003956398738980127,1.3780479633577989,0.061798075348167045,22.299205203300435,-0.0002642404687394073,2.625281155584929,0.3963851414181929,0.978749421375113,0.0,0.0,0.0,0,0,1.9753889809299237,1.9666779882058416,0.21194875042074823,0.02150606138606545,0.0240598226871262
fractal_dynamic_aave_hedged_lp,21,sideways,2025-01-14 20:00:00+00:00,2025-01-15 18:00:00+00:00,23,99931.361464347,100094.7446196716,0.0016349537615665266,0.0007274190415771375,0.3191018080852963,0.0711102797217045,4.487421640501564,-0.0018796861706902313,13.086111356458531,2.308200267149572,5.628180391239761,0.0,0.0,0.0,0,0,1.9511734546646116,1.8796928711731684,0.21178829817007633,0.01657968407238646,0.0236416623980793
fractal_dynamic_aave_hedged_lp,22,uptrend,2025-01-15 19:00:00+00:00,2025-01-16 02:00:00+00:00,8,100225.64072337544,100218.07814455609,-7.545552979038028e-05,0.0012321678361149058,2.8512325027623877,0.06315919055001204,45.143588414178055,-0.0014047244191537356,5.766803430256374,0.8459693894387237,1.9594915895100797,0.0,0.0,0.0,0,0,1.853084110403897,1.83677784511062,0.21132273002023888,0.005050994557537762,0.0094076695553361
fractal_dynamic_aave_hedged_lp,23,high_vol_chop,2025-01-16 03:00:00+00:00,2025-01-16 18:00:00+00:00,16,100128.92154304932,100138.23341483978,9.299882238766877e-05,-0.000796709847110777,-0.353623091413953,0.06125981738067295,-5.772512987045218,-0.0014317515600426045,7.882928023586089,1.6561043353752392,3.9249315078344544,0.0,0.0,0.0,0,0,1.896112104785412,1.873729458809246,0.2115291733134868,0.004622413019234618,0.0148739582476277
fractal_dynamic_aave_hedged_lp,24,sideways,2025-01-16 19:00:00+00:00,2025-01-17 00:00:00+00:00,6,100069.75822862863,100069.20209195698,-5.557489910046343e-06,-0.0006893603025411865,-0.634618443118544,0.05092059479116332,-12.462903187232106,-0.0009083267560999753,3.155163425039035,0.6165383182620352,1.4719286053768306,0.0,0.0,0.0,0,0,1.9099815982183115,1.8961074320999405,0.21162369727075023,0.007046460535954635,0.0095827644959615
fractal_dynamic_aave_hedged_lp,25,high_vol_chop,2025-01-17 01:00:00+00:00,2025-01-17 07:00:00+00:00,7,100136.24950932268,100201.7336533676,0.000653950436188655,0.0013243991022218182,4.239857593120203,0.06644282377475054,63.81212224654764,-0.0012987925144597456,3.549070466349292,0.7302938843313276,1.7173047041973968,0.0,0.0,0.0,0,0,1.8812384211922077,1.872931564189436,0.21142114516591876,0.0016018382254109572,0.0040918148682756
fractal_dynamic_aave_hedged_lp,26,sideways,2025-01-17 08:00:00+00:00,2025-01-17 19:00:00+00:00,12,100197.29169854237,100181.94347529596,-0.0001531800209987333,-0.00019750334999280028,-0.13427821384302885,0.04943635660266198,-2.7161834542596215,-0.0010314924256128455,9.448674678965375,1.2697624754035721,2.9440878889034785,0.0,0.0,0.0,0,0,1.854923012323863,1.8437754725071585,0.2112693849033217,0.0046123762780323,0.0078867007316231
fractal_dynamic_aave_hedged_lp,29,uptrend,2025-01-17 22:00:00+00:00,2025-01-18 00:00:00+00:00,3,100341.26376905551,100269.13998016385,-0.0007187849363514687,-0.00017573764672162984,-0.4014223515335066,0.05003067552879071,-8.023524513525778,-0.0007187849363514687,1.157868374809226,0.3230030138413001,0.7360562155053566,0.0,0.0,0.0,0,0,1.8230503479580022,1.817432143532805,0.21111453156120122,0.0119860144662765,0.014046140750729
fractal_dynamic_aave_hedged_lp,30,sideways,2025-01-18 01:00:00+00:00,2025-01-18 03:00:00+00:00,3,100271.1875964394,100227.7639121044,-0.00043306243175023074,-0.00041265007426649625,-0.700364005947742,0.11769471224642115,-5.95068370175686,-0.0014658482627507574,2.3344579288595355,0.318915598308745,0.7360670295349064,0.0,0.0,0.0,0,0,1.8466440768410466,1.8286138157966336,0.21113235213175888,0.006095869350350966,0.0110074025123546
fractal_dynamic_aave_hedged_lp,31,high_vol_chop,2025-01-18 04:00:00+00:00,2025-01-18 15:00:00+00:00,12,100173.22093958396,100219.7086074971,0.00046407280785332183,-8.036999223470787e-05,-0.05698439865875471,0.08079647490408626,-0.7052832283388732,-0.0014397449812357799,15.766505045815876,1.2258123897764501,2.944376261612721,0.0,0.0,0.0,0,0,1.9217030840942735,1.8849882451076636,0.21148633236696993,0.01064434242754591,0.0156488817347894
fractal_dynamic_aave_hedged_lp,33,high_vol_chop,2025-01-18 17:00:00+00:00,2025-01-18 19:00:00+00:00,3,100220.64659893228,100174.00054709733,-0.00046543355504002903,-0.00026898572371414353,-0.5441283452830007,0.06880527593671722,-7.908235783887501,-0.000924653420192767,3.3325868890153174,0.3034957102402987,0.7361247070425037,0.0,0.0,0.0,0,0,1.940431288522184,1.9294402036499076,0.21136274528394394,0.0162521745542106,0.0189314222118439
fractal_dynamic_aave_hedged_lp,34,downtrend,2025-01-18 20:00:00+00:00,2025-01-18 22:00:00+00:00,3,100130.31843803532,100182.20842024052,0.0005182244800041591,8.19361620618686e-05,0.270288184928799,0.04050138628227661,6.673553913562633,0.0,2.8134838731572813,0.3037077259634397,0.7361355220783211,0.0,0.0,0.0,0,0,1.9390789799633972,1.9349488415683929,0.21138616631508422,0.015691987226437002,0.0163004227715311
fractal_dynamic_aave_hedged_lp,37,high_vol_chop,2025-01-19 01:00:00+00:00,2025-01-19 04:00:00+00:00,4,100205.444948046,100229.65349208975,0.00024158910782046128,0.0008250489447307885,5.086737512099401,0.06332730129381908,80.32455841594312,-0.0007241425856647776,2.8687707898726558,0.4119932863756939,0.9815404667490901,0.0,0.0,0.0,0,0,1.9060890750919441,1.8931422948438767,0.21118934705869424,0.008817176436351801,0.0155281723188096
fractal_dynamic_aave_hedged_lp,38,sideways,2025-01-19 05:00:00+00:00,2025-01-19 07:00:00+00:00,3,100095.95230066332,100202.75297245847,0.001066982923288995,-0.00026838883198765373,-0.5433328889699436,0.1126745632922124,-4.822143286775859,-2.062477015285502e-06,3.7050747181303905,0.3047300441145854,0.7361679681391401,0.0,0.0,0.0,0,0,1.9326717905669664,1.9245697560619,0.21136527752304776,0.014129536910257501,0.0164051006429362
fractal_dynamic_aave_hedged_lp,39,high_vol_chop,2025-01-19 08:00:00+00:00,2025-01-19 10:00:00+00:00,3,100121.14799523896,100103.63849831012,-0.00017488310191648981,-0.000989139232288383,-0.9444079992633416,0.07714431703849232,-12.242094239969937,-0.0007964824368513757,5.2964600389501015,0.2973874908298053,0.736178783810543,0.0,0.0,0.0,0,0,1.980510545732212,1.9685711777402684,0.21152800735262386,0.024655666223158863,0.030027537386726
fractal_dynamic_aave_hedged_lp,41,high_vol_chop,2025-01-19 12:00:00+00:00,2025-01-19 16:00:00+00:00,5,100113.22661069749,100343.51648919606,0.0023002942397820636,0.0034182083592335655,393.8433073905317,0.14200531416058373,2773.4406259272964,-0.0008554226327722736,9.725647506475468,0.5148190550270608,1.2269946838240602,0.0,0.0,0.0,0,0,1.9077594389428856,1.86212969890656,0.21122013011139082,0.00915008072288248,0.0254367359511449
fractal_dynamic_aave_hedged_lp,42,uptrend,2025-01-19 17:00:00+00:00,2025-01-19 18:00:00+00:00,2,100364.03816184228,100286.75015627744,-0.0007700766826481686,-0.0005657199877456831,-0.9161356525156764,0.06449995229943423,-14.203664031604447,-0.0007700766826481686,2.280293654873219,0.2125332272126867,0.4908062860480722,0.0,0.0,0.0,0,0,1.8474657959681011,1.8446416667201635,0.21102035203550154,0.0052632998537313,0.0053579142430415
fractal_dynamic_aave_hedged_lp,43,high_vol_chop,2025-01-19 19:00:00+00:00,2025-01-20 07:00:00+00:00,13,100334.37142090753,100327.2346335474,-7.113003509218174e-05,0.00040368719902561523,0.3125452289963333,0.10541909129109847,2.9647877359641446,-0.003882788053298225,31.8883931601506,1.3217898958143603,3.19035803750219,0.0,0.0,0.0,0,0,1.9320687475703466,1.857516388026058,0.21130636471773917,0.01467907528679416,0.0302150663941323
fractal_dynamic_aave_hedged_lp,46,uptrend,2025-01-20 10:00:00+00:00,2025-01-20 11:00:00+00:00,2,100293.93670276697,100300.28941073566,6.334089754123085e-05,-0.00035182943866118865,-0.7858940069166123,0.03166688367725843,-24.817535407849494,0.0,1.36966048287303,0.2080394224181108,0.4908471489531359,0.0,0.0,0.0,0,0,1.887541966044509,1.8819105247767265,0.21106247913205495,0.00466704946551705,0.0060720539217003
fractal_dynamic_aave_hedged_lp,47,high_vol_chop,2025-01-20 12:00:00+00:00,2025-01-21 05:00:00+00:00,18,100203.9650486818,100115.6548732077,-0.0008813042021958983,-0.0018408175949706784,-0.5920824212371967,0.04925233051357621,-12.021409242228476,-0.0027857449005888046,23.199986775721527,1.8352768111736855,4.417840689320566,0.0,0.0,0.0,0,0,1.9261175207400614,1.8792749542657,0.21121610676908636,0.01311964622095776,0.0241636874118457
fractal_dynamic_aave_hedged_lp,49,high_vol_chop,2025-01-21 07:00:00+00:00,2025-01-21 16:00:00+00:00,10,100211.90677684725,100313.23579760564,0.0010111475174705564,0.001855673624174159,4.073666309868321,0.0479041022589187,85.03794284360882,-0.0006207868419731977,5.991016127524347,1.0175448570109602,2.4545362384403036,0.0,0.0,0.0,0,0,1.9298616004774742,1.9154660536687131,0.21119390412304626,0.01409010821916631,0.0194073339628205
fractal_dynamic_aave_hedged_lp,50,sideways,2025-01-21 17:00:00+00:00,2025-01-23 23:00:00+00:00,55,100242.2916943214,100312.07438451558,0.0006961402120273519,-1.1577864883038913e-05,-0.0018423495776772603,0.05699604382724295,-0.03232416592389268,-0.0028124265355677913,32.461062956053865,5.614047612703017,13.598247982263995,0.0,0.0,0.0,0,0,1.9380501663191076,1.8874085216095184,0.21115132018315985,0.016019666003967207,0.0268542785781724
fractal_dynamic_aave_hedged_lp,51,high_vol_chop,2025-01-24 00:00:00+00:00,2025-01-24 04:00:00+00:00,5,100335.4774487096,100300.7967199242,-0.00034564771770917435,-0.0001124257938099893,-0.17879381634192382,0.03611516799207159,-4.9506571970307505,-0.0005120675554790566,2.35668402253134,0.5167609369511961,1.241954542995088,0.0,0.0,0.0,0,0,1.9227390839875327,1.9038589571136724,0.2109343510037071,0.013555010069134541,0.016065313319408
fractal_dynamic_aave_hedged_lp,52,uptrend,2025-01-24 05:00:00+00:00,2025-01-24 06:00:00+00:00,2,100318.40983120308,100439.69414157372,0.0012089935493866388,0.0013848087571763923,427.9183081715615,0.06839141364684187,6256.901054586135,0.0,1.4016081499281654,0.2127724403112049,0.49679043152815994,0.0,0.0,0.0,0,0,1.8679067764151234,1.861434124425042,0.21079766018924911,0.002709923488641,0.0032052003304048
fractal_dynamic_aave_hedged_lp,54,uptrend,2025-01-24 08:00:00+00:00,2025-01-24 13:00:00+00:00,6,100363.4343224939,100427.68093858888,0.000640139673663942,0.00023581775840764152,0.410936034434219,0.07568976295444624,5.429215502782592,-0.0008602753214099756,2.7685179390396684,0.6392789105207466,1.4904082140140227,0.0,0.0,0.0,0,0,1.8651264054643073,1.858917632799372,0.21078910742456833,0.0012004062656983834,0.002868245698663
fractal_dynamic_aave_hedged_lp,55,high_vol_chop,2025-01-24 14:00:00+00:00,2025-01-24 18:00:00+00:00,5,100472.80011609224,100425.48467658056,-0.0004709278477061929,-2.1869090153003867e-05,-0.03759032839510601,0.10209876541011614,-0.3681761306722078,-0.0014709845928799758,2.704526736569676,0.5306790929746432,1.242040688643685,0.0,0.0,0.0,0,0,1.8723999357365184,1.8666856491890784,0.21073278565765524,0.00210741765661206,0.0038722294639687
fractal_dynamic_aave_hedged_lp,57,high_vol_chop,2025-01-24 20:00:00+00:00,2025-01-24 21:00:00+00:00,2,100401.15097941188,100378.67400941432,-0.00022387163671233612,-0.000234167230441229,-0.6414806247882961,0.014134644928465395,-45.38356839063109,-0.00022387163671233612,1.6188376951050145,0.2085434500917971,0.49682735182349813,0.0,0.0,0.0,0,0,1.905904265074791,1.9058488919439316,0.21075893512219085,0.01043603140809505,0.0106407862808474
fractal_dynamic_aave_hedged_lp,58,sideways,2025-01-24 22:00:00+00:00,2025-01-27 03:00:00+00:00,54,100390.76802330396,100187.83192369012,-0.0020214617699382265,-0.0019012214258408155,-0.2656091687826523,0.039906912933059493,-6.655718251827432,-0.0023578963255370677,17.342693899892083,5.590381891227021,13.41619952029369,0.0,0.0,0.0,0,0,1.9201945350046787,1.894196953701938,0.21085417848006052,0.012905129697592825,0.0312416565472486
fractal_dynamic_aave_hedged_lp,59,downtrend,2025-01-27 04:00:00+00:00,2025-01-27 20:00:00+00:00,17,100222.73147651389,100076.655681856,-0.0014575116094507345,-0.0011096780886402646,-0.4356767702789599,0.07649860799180996,-5.695224811484204,-0.002739600652643559,16.50970530330585,1.6465413415266168,4.224361265394719,0.0,0.0,0.0,0,0,2.0527506918680603,2.012179614355837,0.21136219556127936,0.04074112192048562,0.0488869540596704
fractal_dynamic_aave_hedged_lp,60,high_vol_chop,2025-01-27 21:00:00+00:00,2025-01-28 09:00:00+00:00,13,100139.16669069568,100196.51012489338,0.0005726374214278795,0.0011976263817043975,1.240128129189169,0.05803250600655634,21.369542942864864,-0.0008375019060726796,5.390721008235516,1.300221200417374,3.2363601981401326,0.0,0.0,0.0,0,0,1.9913418680858503,1.9762805740524008,0.21106746049594938,0.028250541109761385,0.0319892496917933
fractal_dynamic_aave_hedged_lp,62,sideways,2025-01-28 11:00:00+00:00,2025-01-30 12:00:00+00:00,50,100193.4580705953,100300.52447752203,0.001068596782549447,0.0008079910494125375,0.15200381399166596,0.05512291685396817,2.7575430087336454,-0.0020630363761777737,27.23257366252534,4.93725670577963,12.463602057351936,0.0,0.0,0.0,0,0,2.0198887469418487,1.9708543518060928,0.2111223409711687,0.03424371525171055,0.047191049211938
fractal_dynamic_aave_hedged_lp,63,uptrend,2025-01-30 13:00:00+00:00,2025-01-30 14:00:00+00:00,2,100296.1206576231,100354.78965530434,0.0005849577959402552,0.0005410258626761255,9.687261059025154,0.041619208887669165,232.7593752483669,0.0,1.0428292648196589,0.20548657534049541,0.49945619329365976,0.0,0.0,0.0,0,0,1.9444939683858187,1.9424032358235348,0.21075699779375634,0.018436870392614352,0.0184703469120574
fractal_dynamic_aave_hedged_lp,65,uptrend,2025-01-30 16:00:00+00:00,2025-01-30 17:00:00+00:00,2,100274.23723769466,100334.8914243054,0.0006048830515357206,-0.0007204692714529726,-0.957437969741497,0.1276929799521314,-7.497968722324549,0.0,0.6538732802617915,0.2060987136094058,0.4994636509643488,0.0,0.0,0.0,0,0,1.9387471873960496,1.936824896991108,0.2107978190322668,0.0166336049348279,0.017621778746132
fractal_dynamic_aave_hedged_lp,66,sideways,2025-01-30 18:00:00+00:00,2025-01-31 14:00:00+00:00,21,100356.0883237977,100385.57034011083,0.0002937740679769263,0.0005050976294085352,0.23447363738435212,0.060139359978593925,3.8988382561405865,-0.0011820365983093994,6.289832404489346,2.1674630938082666,5.261853743674674,0.0,0.0,0.0,0,0,1.9424417351044017,1.8933152007715053,0.21068652888607522,0.01825439191529213,0.0261818764960217
fractal_dynamic_aave_hedged_lp,68,high_vol_chop,2025-01-31 16:00:00+00:00,2025-02-01 10:00:00+00:00,19,100506.75384841574,100376.79040699886,-0.0012930816730275518,-0.0006693753257527302,-0.2656140653004133,0.07591388894729609,-3.4988862905550566,-0.002550954132109595,8.757871792019671,1.9841850408322972,4.767444132338073,0.0,0.0,0.0,0,0,1.9224526724806579,1.8663078349198992,0.21054223770770894,0.014102921923833273,0.0240288018280437
fractal_dynamic_aave_hedged_lp,69,sideways,2025-02-01 11:00:00+00:00,2025-02-01 14:00:00+00:00,4,100277.26064880476,100382.51062740215,0.0010495896867985799,5.6987480672399116e-05,0.13292074338267046,0.07271753624378598,1.8279049352972145,-0.00020152669286355174,0.8919974053608823,0.4108422350392564,1.0037301612333196,0.0,0.0,0.0,0,0,1.9545125352064494,1.9447171866672308,0.21070460899710658,0.02073013199162715,0.0233981439072218
fractal_dynamic_aave_hedged_lp,71,sideways,2025-02-01 16:00:00+00:00,2025-02-01 20:00:00+00:00,5,100412.26317268946,100258.11781620947,-0.0015351248105511806,-0.0006222544389004048,-0.6639613532152565,0.1104606733696714,-6.0108392694042445,-0.001755513620400051,1.9862619371696724,0.5088809719846266,1.254697205165868,0.0,0.0,0.0,0,0,1.972741455096309,1.9479919742862868,0.21070100591983515,0.025157549833717863,0.0328608091337974
fractal_dynamic_aave_hedged_lp,74,downtrend,2025-02-01 23:00:00+00:00,2025-02-02 00:00:00+00:00,2,100220.61372790152,100215.1608528312,-5.4408717602982826e-05,-6.667430701801091e-05,-0.2532637242802508,0.002789054153071722,-90.8063129578603,-5.4408717602982826e-05,1.39143830020231,0.1980379705450158,0.5018926838798949,0.0,0.0,0.0,0,0,2.027529509111309,2.0165993021678825,0.2109234308917991,0.0365948409840232,0.0392444626552596
fractal_dynamic_aave_hedged_lp,76,downtrend,2025-02-02 02:00:00+00:00,2025-02-02 07:00:00+00:00,6,100236.02845161223,100091.4898000776,-0.0014419830251395371,-0.0015021675241141397,-0.8886206667392741,0.06251298018612823,-14.214978458769126,-0.0014419830251395371,2.5391655207960184,0.5884643695355732,1.5057156940175873,0.0,0.0,0.0,0,0,2.0470320584269586,2.036919600934371,0.21103555782724118,0.040259785042852464,0.0439202768397488
fractal_dynamic_aave_hedged_lp,77,sideways,2025-02-02 08:00:00+00:00,2025-02-02 10:00:00+00:00,3,100215.57142155874,100102.86100550074,-0.0011246796726216424,0.00011360811439486973,0.39335826538684904,0.09747394833466427,4.035522025190813,-0.0011246796726216424,0.7641009611211871,0.2946215032523236,0.7528747864373966,0.0,0.0,0.0,0,0,2.0443294503385863,2.0426580208774627,0.21104085359729216,0.03952956318452083,0.0402321009440559
fractal_dynamic_aave_hedged_lp,78,downtrend,2025-02-02 11:00:00+00:00,2025-02-02 12:00:00+00:00,2,100097.23511848976,100118.53923991958,0.00021283426464879796,0.00015662124200388483,0.9856520014599557,0.017805179823634023,55.357598812432826,0.0,1.1392249783834814,0.1932150982146558,0.5019227982690645,0.0,0.0,0.0,0,0,2.0782119808444266,2.073951316366697,0.21114343711904499,0.0465965067872414,0.0477573883533133
fractal_dynamic_aave_hedged_lp,79,sideways,2025-02-02 13:00:00+00:00,2025-02-02 14:00:00+00:00,2,100070.9774353368,100218.77311686851,0.00147690854351068,0.0010011520115043027,79.06607454757008,0.12918400349147524,612.0422994383171,0.0,0.7327642755041665,0.1950615169688357,0.5019278175095951,0.0,0.0,0.0,0,0,2.0585519276124264,2.0585337295863906,0.21106362281479613,0.0426313750599555,0.0438593333176485
fractal_dynamic_aave_hedged_lp,80,downtrend,2025-02-02 15:00:00+00:00,2025-02-03 20:00:00+00:00,30,100094.32432159212,99712.88306879786,-0.0038108179997172753,-0.005047857126336153,-0.7718397517367563,0.27601678336484164,-2.7963507955113407,-0.015584312394510746,178.65096151573948,2.7248965167023136,7.493416564202165,15.0,1.6236706236339968,1623.670623633997,1,1,2.1976421145461584,2.028899356153361,0.22451838067929017,0.04317175082642918,0.0693695971431543
fractal_dynamic_aave_hedged_lp,81,high_vol_chop,2025-02-03 21:00:00+00:00,2025-02-04 00:00:00+00:00,4,99822.23568800787,99982.1779473764,0.0016022708594549684,0.002700702961248469,366.44260468758904,0.11981077868886705,3058.5111681745484,-0.0010310882993580517,8.431196684031079,0.38999024764645457,0.9959975073338383,0.0,0.0,0.0,0,0,2.04329821698985,2.023176165327853,0.22755189081746882,0.007313853179665,0.011238740522987
fractal_dynamic_aave_hedged_lp,82,uptrend,2025-02-04 01:00:00+00:00,2025-02-04 06:00:00+00:00,6,99911.13512543314,99743.85861526776,-0.0016742529244150317,-0.0023836181307640425,-0.9693228336251207,0.04972072300591471,-19.495348720287343,-0.0019848630307386372,8.301484085731545,0.5683444089672023,1.4888754816476337,0.0,0.0,0.0,0,0,2.096563242425093,2.0425291342051395,0.22778254288469,0.017860885808563567,0.03265329492343
fractal_dynamic_aave_hedged_lp,83,high_vol_chop,2025-02-04 07:00:00+00:00,2025-02-04 09:00:00+00:00,3,99702.0249079424,99780.18862319343,0.000783973197366894,0.00036423303078536584,1.8961052149424407,0.06293610644553763,30.12746294661958,-9.035002338608766e-05,1.8670493406110609,0.2757752422724211,0.7444542995874339,0.0,0.0,0.0,0,0,2.1596114569874785,2.156058529195556,0.2280275323476855,0.030339356788522103,0.0320578531619494
fractal_dynamic_aave_hedged_lp,84,uptrend,2025-02-04 10:00:00+00:00,2025-02-04 14:00:00+00:00,5,99803.04087195249,99949.92891818106,0.0014717792658947015,0.001701142254086463,18.645907703124923,0.02429416068186203,767.5057371727157,0.0,5.656454453266747,0.4743831028754945,1.2407816980465838,0.0,0.0,0.0,0,0,2.092659406265267,2.0680044663029227,0.22763773241380408,0.01807785144916264,0.0226597268711482
fractal_dynamic_aave_hedged_lp,85,high_vol_chop,2025-02-04 15:00:00+00:00,2025-02-04 20:00:00+00:00,6,99904.7614433314,99871.0425236796,-0.00033751063677711635,-0.0007892591356017942,-0.6842401479814257,0.04998086186135618,-13.690042998447398,-0.0008000211420242653,7.5490192264279585,0.5692261682721049,1.4889785165010327,0.0,0.0,0.0,0,0,2.0929115003128285,2.060456237490761,0.22762211924382617,0.01817948451042588,0.0270346393713329
fractal_dynamic_aave_hedged_lp,86,downtrend,2025-02-04 21:00:00+00:00,2025-02-04 23:00:00+00:00,3,99731.9407590648,99885.62250948332,0.0015409481581210027,0.00014598812063337796,0.5315100339477143,0.1428330480703869,3.7211978679177298,-0.0001062786259672377,4.986013733382492,0.2742036620060992,0.7445058181600519,0.0,0.0,0.0,0,0,2.172559612163477,2.135400686282279,0.22788974309420115,0.0340864525703809,0.0414674037599466
fractal_dynamic_aave_hedged_lp,87,high_vol_chop,2025-02-05 00:00:00+00:00,2025-02-05 20:00:00+00:00,21,99874.0290996322,99871.95277896068,-2.078939530369972e-05,-0.0001368538352084503,-0.05549236318997186,0.037492682513183676,-1.480085165164133,-0.0011556577457595418,13.43594211233858,1.973859892760481,5.211849860711603,0.0,0.0,0.0,0,0,2.112564424847961,2.0694133453811103,0.2276748896943361,0.02210115645941975,0.0290676337829324
fractal_dynamic_aave_hedged_lp,89,high_vol_chop,2025-02-05 22:00:00+00:00,2025-02-06 05:00:00+00:00,8,99867.6982326568,100033.48946372868,0.0016601086638208251,0.001611007193594638,4.827764331998336,0.025737211335142517,187.5791541333902,-0.0002859857221905182,4.456255588072395,0.7654763645305145,1.995936795058007,0.0,0.0,0.0,0,0,2.086142306546794,2.0597219265439684,0.22751379184880713,0.017074848606964024,0.0223532520156935
fractal_dynamic_aave_hedged_lp,91,high_vol_chop,2025-02-06 07:00:00+00:00,2025-02-06 18:00:00+00:00,12,100008.78812045128,99845.79810299884,-0.001629756949520611,-0.0009178696378301376,-0.4884717834638649,0.061603382409538304,-7.929301352586653,-0.0026906789913737628,8.518836874696603,1.140255819123392,2.9992282173697977,0.0,0.0,0.0,0,0,2.105139806477797,2.0453082537920477,0.22757745324630455,0.020736899673128032,0.0334744264626705
fractal_dynamic_aave_hedged_lp,93,high_vol_chop,2025-02-06 20:00:00+00:00,2025-02-06 21:00:00+00:00,2,99794.48163975234,99759.9587506316,-0.00034593986113740094,-0.00041278484093831835,-0.8360790308989364,0.018469406053033842,-45.268322570752055,-0.00034593986113740094,1.5586122095267,0.1861645370611008,0.49989127339019757,0.0,0.0,0.0,0,0,2.1481941115224146,2.1427636136184343,0.22785107106089508,0.0284014091576237,0.0293110142898005
fractal_dynamic_aave_hedged_lp,94,sideways,2025-02-06 22:00:00+00:00,2025-02-07 05:00:00+00:00,8,99754.2909869987,99844.90039044897,0.0009083258730400168,0.0008514602540050653,1.539462067763159,0.06371398652147076,24.162074166311676,-0.0010593981063071745,4.077191791034693,0.7413093235430477,1.9961750907720126,0.0,0.0,0.0,0,0,2.1542768530213983,2.1413649407490047,0.22774664544409495,0.030525721434411086,0.0332008254133903
fractal_dynamic_aave_hedged_lp,96,sideways,2025-02-07 07:00:00+00:00,2025-02-07 19:00:00+00:00,13,99863.15300632545,99794.79705222044,-0.0006844962535949017,0.000561232546673951,0.45947722712173356,0.06454690025396198,7.118501822921081,-0.0014693489172133978,7.34275125364934,1.2119588235459362,3.242106529829229,0.0,0.0,0.0,0,0,2.140502839345264,2.095786350385531,0.2276461949254786,0.02802275695620201,0.0388175177569922
fractal_dynamic_aave_hedged_lp,97,high_vol_chop,2025-02-07 20:00:00+00:00,2025-02-08 10:00:00+00:00,15,99661.74421442609,99730.04972325184,0.0006853734034475423,-0.0006488046559651739,-0.3154714247364555,0.05744756816284665,-5.491466998954395,-0.0010151838340640706,6.561346661460789,1.3432230030764118,3.7411522272847813,0.0,0.0,0.0,0,0,2.2282989430744844,2.204104889906501,0.22800602939363743,0.04445278382307875,0.0495491320505066
fractal_dynamic_aave_hedged_lp,98,downtrend,2025-02-08 11:00:00+00:00,2025-02-08 14:00:00+00:00,4,99642.79694011583,99641.37074538978,-1.4313073998795112e-05,-0.0008891901498909727,-0.8574685659203005,0.0833925517809892,-10.282315957571832,-0.001102629515377318,1.1465921495497466,0.3574382081738509,0.9976876580749896,0.0,0.0,0.0,0,0,2.2329968198189962,2.226751940991125,0.22802674880278262,0.04519934234047038,0.0472476416691867
fractal_dynamic_aave_hedged_lp,99,sideways,2025-02-08 15:00:00+00:00,2025-02-09 20:00:00+00:00,30,99613.67336957248,99744.17390121931,0.001310066452048897,0.0010317316498200668,0.3513584366782936,0.04254741199578697,8.258044853893464,-0.0014975015373517309,7.210391275934512,2.7118585494591834,7.483289136993889,0.0,0.0,0.0,0,0,2.2076900506863817,2.1785568085926394,0.22787972529520156,0.04064822459899016,0.0456054723024597
fractal_dynamic_aave_hedged_lp,100,high_vol_chop,2025-02-09 21:00:00+00:00,2025-02-10 21:00:00+00:00,25,99613.7357666865,99820.64003832683,0.0020770656782207464,0.0007666225917437597,0.30802928498222903,0.05646658558507346,5.455071911832657,-0.0012788659238994748,13.487223749375744,2.258266361335733,6.236925922298069,0.0,0.0,0.0,0,0,2.209792775831659,2.174536397342376,0.22781881984129154,0.041218123002707115,0.0551177602863036
fractal_dynamic_aave_hedged_lp,101,sideways,2025-02-10 22:00:00+00:00,2025-02-10 23:00:00+00:00,2,99817.12763260824,99794.105936205,-0.00023063873855377892,-0.00026581779190804067,-0.6879015822510313,0.012935291433428881,-53.180215211330776,-0.00023063873855377892,0.4803285646834183,0.1819190058638106,0.49898752322276274,0.0,0.0,0.0,0,0,2.1943397819651764,2.193186409853336,0.2276970750222041,0.03866803356290725,0.03913092858541
fractal_dynamic_aave_hedged_lp,103,sideways,2025-02-11 01:00:00+00:00,2025-02-11 21:00:00+00:00,21,99919.83194584808,99776.95238816246,-0.0014299419334797836,-0.0006785759397631708,-0.24660015516477396,0.05287983338411029,-4.663406432722878,-0.0025185774580580578,7.092255020892026,1.9130967145046989,5.227648292635547,0.0,0.0,0.0,0,0,2.186564291920295,2.1439625523234827,0.22765165536376705,0.03709321064192796,0.0496663102942303
fractal_dynamic_aave_hedged_lp,104,high_vol_chop,2025-02-11 22:00:00+00:00,2025-02-11 23:00:00+00:00,2,99685.30871553332,99740.97582962277,0.0005584284666089179,-0.00036056982778687185,-0.7939385054243148,0.09774447520393603,-8.12259213390655,0.0,1.1341068994227044,0.1769665302194022,0.4978996326391309,0.0,0.0,0.0,0,0,2.250854966576903,2.2434503629880567,0.22788635977049296,0.0491149685099687,0.0501974266234884
fractal_dynamic_aave_hedged_lp,105,sideways,2025-02-12 00:00:00+00:00,2025-02-12 21:00:00+00:00,22,99692.7454521422,99896.58317739711,0.002044659562041584,0.0015601145515178327,0.8602765757507234,0.04825147582586595,17.829020999385865,-0.001631547045160886,11.550595646633496,1.9620778185511765,5.451979623853098,0.0,0.0,0.0,0,0,2.223240826359789,2.176798484981827,0.2277649216658233,0.04395651954054564,0.0512203139510646
fractal_dynamic_aave_hedged_lp,106,uptrend,2025-02-12 22:00:00+00:00,2025-02-12 23:00:00+00:00,2,99976.59657633756,99948.8188039538,-0.0002778427485530255,0.0005228970290598323,8.871880906110508,0.07139701141432776,124.26123629497079,-0.0002778427485530255,2.9019616774033925,0.1862034887272885,0.49566384251368767,0.0,0.0,0.0,0,0,2.1295728025119463,2.1264416229842964,0.2272959386754145,0.0267581079631052,0.027218429372673
fractal_dynamic_aave_hedged_lp,108,uptrend,2025-02-13 01:00:00+00:00,2025-02-13 04:00:00+00:00,4,99955.01131949403,99931.9710369682,-0.00023050652710332464,0.00019159440872318356,0.5212792070641441,0.030783101512414503,16.9339404235768,-0.0004463502861248303,0.9326100542702986,0.37282151482454684,0.9936420537765568,0.0,0.0,0.0,0,0,2.132196901798393,2.1240830448472714,0.22736472754396495,0.026757784328450926,0.0297621366193302
fractal_dynamic_aave_hedged_lp,109,sideways,2025-02-13 05:00:00+00:00,2025-02-13 10:00:00+00:00,6,99929.60132050262,99872.87689306463,-0.0005676438881814239,-0.0005913437240391284,-0.5783658185851852,0.03461990270487296,-16.706165338349628,-0.0011257719598196658,1.5642413017034187,0.5484889999030423,1.4904999172758895,0.0,0.0,0.0,0,0,2.1740662381203717,2.1462969666369194,0.22749017831552984,0.0351037969501598,0.0382938295996356
fractal_dynamic_aave_hedged_lp,110,high_vol_chop,2025-02-13 11:00:00+00:00,2025-02-13 12:00:00+00:00,2,99857.8581644806,99877.2739842384,0.00019443457044543422,4.402688007565381e-05,0.21268085301692752,0.022820266614443436,9.31982332241102,0.0,0.9060690814585541,0.1807970713397063,0.4968431290491316,0.0,0.0,0.0,0,0,2.198467417317742,2.198288179582664,0.2275004980672859,0.04036757811817385,0.0405782311689425
fractal_dynamic_aave_hedged_lp,111,sideways,2025-02-13 13:00:00+00:00,2025-02-14 16:00:00+00:00,28,99864.89440880311,99904.35190647436,0.00039510879078008543,0.00027111194725071286,0.08850785010796702,0.0489316130373056,1.8088071210832226,-0.0012115387270609235,9.36465577245633,2.5562093347939343,6.956319560030417,0.0,0.0,0.0,0,0,2.1773747775683807,2.1290306586960703,0.22745465763819508,0.03585631338542281,0.0446977801495832
fractal_dynamic_aave_hedged_lp,113,sideways,2025-02-14 18:00:00+00:00,2025-02-17 15:00:00+00:00,70,100072.77215612738,100045.73580742686,-0.00027016688074099626,0.00011195751293779921,0.014108497351644544,0.047891103637869414,0.29459536907577943,-0.002473979415142602,16.528585482337572,6.448225141810698,17.39509756195785,0.0,0.0,0.0,0,0,2.158371676589873,2.0669964719612035,0.22729905760242133,0.032232302522372615,0.0398730214356419
fractal_dynamic_aave_hedged_lp,114,high_vol_chop,2025-02-17 16:00:00+00:00,2025-02-18 14:00:00+00:00,23,100012.17173331528,99935.15017427334,-0.0007701218532412124,-0.001105350790426285,-0.3437590921319422,0.046390824667896124,-7.4100664213851335,-0.0017317429738339385,9.262888014359419,2.1329545945064448,5.7512900422666,0.0,0.0,0.0,0,0,2.1572813726352327,2.104328355655636,0.2271729500770502,0.03240427578895204,0.039719013605041
fractal_dynamic_aave_hedged_lp,115,sideways,2025-02-18 15:00:00+00:00,2025-02-21 14:00:00+00:00,72,99891.1647461418,100076.00789154477,0.0018504453909684582,0.001409491225315751,0.1869266948177235,0.05381683597174412,3.4733869325923785,-0.0013114661840737396,25.60472430591426,6.686543810324746,17.957280983169674,0.0,0.0,0.0,0,0,2.148930537963407,2.060194222002714,0.22703773150260384,0.030962632041774893,0.0464041029033552
fractal_dynamic_aave_hedged_lp,116,high_vol_chop,2025-02-21 15:00:00+00:00,2025-02-22 14:00:00+00:00,24,100034.4464706055,100043.0219499834,8.572526445105311e-05,-0.00032960888684818723,-0.11336960554955222,0.051674891329198495,-2.1939011894059584,-0.0017505889520793572,12.954349719090487,2.2021927349775927,5.98201607113312,0.0,0.0,0.0,0,0,2.173443403887748,2.134531342966066,0.22705555140119285,0.03572807784399928,0.0452234647794573
fractal_dynamic_aave_hedged_lp,117,sideways,2025-02-22 15:00:00+00:00,2025-02-22 19:00:00+00:00,5,100123.78262252056,100071.1528132256,-0.0005256474327720584,0.0002811876600072871,0.6365191735109552,0.05533506107060402,11.502999385846836,-0.0010110674882082282,1.3617763936284746,0.4730582149231284,1.2463428786672692,0.0,0.0,0.0,0,0,2.107745353777208,2.099098637410383,0.22670010637432902,0.02353863018552984,0.0251233296861004
fractal_dynamic_aave_hedged_lp,119,sideways,2025-02-22 21:00:00+00:00,2025-02-23 06:00:00+00:00,10,100138.03751067122,100081.35445569547,-0.0005660491895470576,-0.0002902765914021277,-0.22455576493280616,0.05874151171695292,-3.8227781064748956,-0.001137454213785083,1.0790608053999902,0.9441956835746778,2.4927907311399236,0.0,0.0,0.0,0,0,2.1121484015405056,2.0918506841689704,0.22675619253351448,0.02399625613591547,0.0278396964390948
fractal_dynamic_aave_hedged_lp,121,sideways,2025-02-23 08:00:00+00:00,2025-02-24 15:00:00+00:00,32,100210.34339148512,99899.69102295034,-0.0031000030338302897,-0.0024820823296751726,-0.4935424078187446,0.05108933449430756,-9.660380443470755,-0.003416389695583444,12.472313543497194,3.011150621263722,7.977799841400131,0.0,0.0,0.0,0,0,2.120429148658173,2.0733698545195938,0.22671041128309724,0.025865901529373493,0.0416854231532946
fractal_dynamic_aave_hedged_lp,122,downtrend,2025-02-24 16:00:00+00:00,2025-02-25 20:00:00+00:00,29,99968.0740247173,99731.71763396656,-0.0023643187393236342,-0.001681420505546316,-0.3985022191059009,0.08760689840988717,-4.5487538805611525,-0.0055757899433206415,44.06666815382084,2.5626501400409865,7.218907808757508,15.0,1.5329256013048014,1532.9256013048014,1,0,2.248511504034451,2.154351777923428,0.23542981949864195,0.03243561820368556,0.0675555196990137
fractal_dynamic_aave_hedged_lp,123,high_vol_chop,2025-02-25 21:00:00+00:00,2025-02-26 14:00:00+00:00,18,99674.31870046847,99582.84716671536,-0.0009177041282618648,-0.0014927093484697895,-0.5166405087346156,0.05451056573615383,-9.47780493116322,-0.002037813806476829,8.616307472150197,1.6531857565513484,4.47836896335717,0.0,0.0,0.0,0,0,2.167398979954668,2.1371439993414443,0.2427928243299601,0.0036875165206797056,0.0114520299063255
fractal_dynamic_aave_hedged_lp,125,high_vol_chop,2025-02-26 16:00:00+00:00,2025-02-26 17:00:00+00:00,2,99626.81015142331,99523.57277756854,-0.0010362408843348492,-0.0015301813640729023,-0.9987780745150981,0.03585638173720618,-27.8549598739552,-0.0010362408843348492,4.471422129745179,0.17654949071261689,0.49762360738310063,0.0,0.0,0.0,0,0,2.2549926102519544,2.240278988299668,0.2431036891113159,0.0172186794709129,0.0193849065339504
fractal_dynamic_aave_hedged_lp,126,downtrend,2025-02-26 18:00:00+00:00,2025-02-27 07:00:00+00:00,14,99342.34114291558,99627.73702343844,0.0028728523733125844,0.0010466288836186166,0.9242728758103504,0.08467622414339997,10.915376602587827,-0.0010401780535841398,21.260077497509315,1.214816012393295,3.497294943371596,0.0,0.0,0.0,0,0,2.303274039330991,2.279813379384814,0.24323814381727935,0.026323675400770557,0.0333400301450831
fractal_dynamic_aave_hedged_lp,129,high_vol_chop,2025-02-27 10:00:00+00:00,2025-02-27 13:00:00+00:00,4,99539.46442121684,99505.00413189529,-0.0003461972547463832,-0.000861432281919261,-0.8485272784704988,0.054661408409105904,-15.523333612625041,-0.0008784995382485894,2.4569385244686828,0.35132970265064845,1.0022372076760786,0.0,0.0,0.0,0,0,2.2822632105799348,2.2591025189470137,0.24313938969346535,0.022533627448892823,0.0251156693049491
fractal_dynamic_aave_hedged_lp,131,high_vol_chop,2025-02-27 15:00:00+00:00,2025-02-27 17:00:00+00:00,3,99552.2605379629,99470.9010660294,-0.000817253887494318,-0.0002863267689834359,-0.5666432050576984,0.051032045364664144,-11.103674191551338,-0.000817253887494318,2.0563740716072516,0.2590269965824999,0.7516947414239639,0.0,0.0,0.0,0,0,2.3216762773214206,2.31154753849603,0.2432342844140031,0.030022186680915202,0.0338261825141001
fractal_dynamic_aave_hedged_lp,135,high_vol_chop,2025-02-27 21:00:00+00:00,2025-02-28 00:00:00+00:00,4,99434.91400633412,99540.09584715863,0.0010577958645170416,0.0010077410148039423,8.07788785533021,0.07884729349439136,102.449779787366,-0.00033168527651494806,3.530295774038109,0.3429572773981975,1.0040162195415887,0.0,0.0,0.0,0,0,2.3420734505894516,2.328242887142768,0.24330515998299457,0.033612319987188125,0.0353987788710802
fractal_dynamic_aave_hedged_lp,136,downtrend,2025-02-28 01:00:00+00:00,2025-02-28 14:00:00+00:00,14,99371.94242972502,99295.33694436222,-0.0007708965276287394,-0.0024588976001412854,-0.7857179308773545,0.08480601459825189,-9.264884508480964,-0.002745353709333931,27.532150081838154,1.1247674278328947,3.5323191818382544,0.0,0.0,0.0,0,0,2.5127310106648943,2.448704223554504,0.24396937179289582,0.062011738076652625,0.067481811427174
fractal_dynamic_aave_hedged_lp,137,high_vol_chop,2025-02-28 15:00:00+00:00,2025-03-01 02:00:00+00:00,12,99343.58083568818,99508.45765127068,0.001659662498528336,0.002146331474033758,3.7833585174578364,0.04753805735049029,79.58588819824409,-0.0010126887090631254,8.787566358132835,1.0049333570175443,3.02789941158438,0.0,0.0,0.0,0,0,2.410531882185725,2.3806076922600528,0.24347382478992455,0.045890125682926,0.049070062641801
fractal_dynamic_aave_hedged_lp,138,uptrend,2025-03-01 03:00:00+00:00,2025-03-01 08:00:00+00:00,6,99458.0580200965,99385.94913792556,-0.0007250179986056926,-0.0012311366916615274,-0.834464058409909,0.03839276760711488,-21.73492848833507,-0.0012165414397401486,1.5261914122763756,0.5070838086842544,1.5140179902694237,0.0,0.0,0.0,0,0,2.388716156053561,2.365224868940125,0.24336287375598628,0.04227835868682644,0.0462748488583261
fractal_dynamic_aave_hedged_lp,139,high_vol_chop,2025-03-01 09:00:00+00:00,2025-03-01 14:00:00+00:00,6,99396.02886124214,99265.51962694513,-0.0013130226206442552,-0.0012117357838310472,-0.8297022618036658,0.03465414474676906,-23.94236729449288,-0.0015640808332850753,3.483362867721098,0.4931314613230732,1.5140635150793498,0.0,0.0,0.0,0,0,2.4566214630946104,2.404553347583844,0.24366751017367483,0.05323826599701695,0.0592176982351733
fractal_dynamic_aave_hedged_lp,141,high_vol_chop,2025-03-01 16:00:00+00:00,2025-03-01 17:00:00+00:00,2,99304.47944375388,99355.47038543424,0.0005134807811890685,0.0006312437741016197,14.862779470013797,0.026193223765853493,567.4284159473907,0.0,0.6890422932899583,0.1656241054177709,0.5047004844719749,0.0,0.0,0.0,0,0,2.43784410584903,2.4308313941426056,0.24364271923253075,0.049730552250625795,0.0516026638503683
fractal_dynamic_aave_hedged_lp,144,sideways,2025-03-01 20:00:00+00:00,2025-03-02 15:00:00+00:00,20,99374.66585402034,99463.78609860213,0.0008968105081501587,0.0004130120109322455,0.19824970670398145,0.06193704619827885,3.200825981744841,-0.0019010485843604652,9.014203747668262,1.6712879465888373,5.047333660997756,0.0,0.0,0.0,0,0,2.4160984948082924,2.3914451686986133,0.24343961214827092,0.046866024089273955,0.0508847146783532
fractal_dynamic_aave_hedged_lp,145,uptrend,2025-03-02 16:00:00+00:00,2025-03-03 08:00:00+00:00,17,99846.71654241763,99587.62699190652,-0.0025948730161902134,0.001245085253256173,0.8987314857465349,0.1077628888317483,8.339897858062592,-0.003216852145500382,28.384026995286376,1.5602253439608502,4.2595844405167504,0.0,0.0,0.0,0,0,2.185297629758456,2.115386748919099,0.24251282738119748,0.008048924508958824,0.0243539971781049
fractal_dynamic_aave_hedged_lp,147,uptrend,2025-03-03 10:00:00+00:00,2025-03-03 13:00:00+00:00,4,99662.6989572629,99714.08929782444,0.0005156426737307207,0.0007721162520635261,4.421009912476237,0.016310310990922453,271.05613834934,-3.0455788624372815e-07,1.9125416345182202,0.3507662461467596,0.9958188379439397,0.0,0.0,0.0,0,0,2.2712225949787253,2.259782933095139,0.24274658638308455,0.022115080132477,0.0237683502890937
fractal_dynamic_aave_hedged_lp,148,high_vol_chop,2025-03-03 14:00:00+00:00,2025-03-03 15:00:00+00:00,2,99634.23653165168,99632.08455106035,-2.159880645691281e-05,-0.0008223987938069666,-0.9727741588272029,0.05156990099744162,-18.863215558150134,-2.159880645691281e-05,3.6580739132625695,0.1691166321353228,0.4979168023852052,0.0,0.0,0.0,0,0,2.355406905858243,2.3488683088088744,0.24286110605672123,0.03877740286743575,0.0401393990462183
fractal_dynamic_aave_hedged_lp,149,downtrend,2025-03-03 16:00:00+00:00,2025-03-04 17:00:00+00:00,26,99600.5946782947,99253.33964795189,-0.003486475472003314,-0.003801435098092276,-0.722859815470791,0.07948432454778916,-9.09436948207541,-0.004826003139513313,53.55938943307706,2.165207690651762,6.473366381694789,15.0,1.5782922372831296,1578.2922372831297,1,0,2.385771933801867,2.3004142884946246,0.2540490660498223,0.023581218077394724,0.0694061418951455
fractal_dynamic_aave_hedged_lp,150,high_vol_chop,2025-03-04 18:00:00+00:00,2025-03-05 00:00:00+00:00,7,99268.63717536634,99335.7378786512,0.0006759506848705854,0.0008301809389141823,1.8249230983543212,0.05344001483629402,34.14900059337028,-0.0010137012033388793,6.86793222751362,0.6190959201134003,1.743546613731977,0.0,0.0,0.0,0,0,2.25311727075814,2.237949632550849,0.25934540689989766,0.021077483365667983,0.0245885553541088
fractal_dynamic_aave_hedged_lp,151,uptrend,2025-03-05 01:00:00+00:00,2025-03-05 02:00:00+00:00,2,99288.2331443183,99358.46786698877,0.0007073821383081214,0.00022881984694511637,1.7240405706242248,0.07846527405566583,21.972019997038867,0.0,1.2396292417561199,0.1789864858898807,0.4991530812019165,0.0,0.0,0.0,0,0,2.2310437655084305,2.225756803573668,0.2593123930074301,0.0257033530631398,0.0276123893610501
fractal_dynamic_aave_hedged_lp,152,high_vol_chop,2025-03-05 03:00:00+00:00,2025-03-05 06:00:00+00:00,4,99380.79280968136,99317.75305623432,-0.0006343253224772027,-0.00040977695840649364,-0.5924515503171226,0.06475350080317617,-9.149336220723107,-0.0011356154232152749,0.865697760844796,0.3566006412503923,0.9983210003277638,0.0,0.0,0.0,0,0,2.239704689693573,2.225049637224283,0.25933694388753514,0.024040868095780727,0.0271707152957098
fractal_dynamic_aave_hedged_lp,153,uptrend,2025-03-05 07:00:00+00:00,2025-03-05 13:00:00+00:00,7,99337.47432317804,99324.3034825556,-0.00013258682800409982,6.595423395827638e-05,0.08603591413302847,0.05183491872451984,1.659806096933847,-0.0010352225416042637,4.4977673321157,0.6365827045012744,1.7471093566015652,0.0,0.0,0.0,0,0,2.195699203594021,2.176268248979582,0.2591743361175896,0.03256822572458406,0.0362464303988932
fractal_dynamic_aave_hedged_lp,155,uptrend,2025-03-05 15:00:00+00:00,2025-03-05 16:00:00+00:00,2,99326.4621495122,99351.21922470628,0.0002492495419479379,8.474057692997583e-05,0.44939757056769203,0.02738047392417568,16.413067641276104,0.0,2.071688197815547,0.179365935895911,0.4991877039392555,0.0,0.0,0.0,0,0,2.226467428117232,2.224631626591737,0.25925923233804904,0.02646488009461545,0.026611123006248
fractal_dynamic_aave_hedged_lp,156,high_vol_chop,2025-03-05 17:00:00+00:00,2025-03-05 18:00:00+00:00,2,99332.32282664988,99317.885617317,-0.00014534251210518434,-0.00033551281654498055,-0.7700268503220373,0.002968603119203435,-259.39029887183386,-0.00014534251210518434,1.8098992534553417,0.18027604222786942,0.49919265024062953,0.0,0.0,0.0,0,0,2.2152626465055665,2.209522784818425,0.2592932727145534,0.02925485834722005,0.0306877701327391
fractal_dynamic_aave_hedged_lp,157,sideways,2025-03-05 19:00:00+00:00,2025-03-06 02:00:00+00:00,8,99340.95862278252,99431.2413945255,0.0009088171988131943,0.001141343037096787,2.4870564607044954,0.024460946847813633,101.67457850989906,-0.0001463526373418622,5.685791393201953,0.7361910956372462,1.998545457853725,0.0,0.0,0.0,0,0,2.1719566502382355,2.1328517192863954,0.2591136866533976,0.037614877130599376,0.0457631893412907
fractal_dynamic_aave_hedged_lp,158,uptrend,2025-03-06 03:00:00+00:00,2025-03-06 05:00:00+00:00,3,99431.27505947264,99458.96152491872,0.0002784482591571269,0.0002787869285794109,1.2567920955507916,0.009967998329194198,126.08269524583571,0.0,1.232319494915373,0.2835461517925098,0.7505533729399021,0.0,0.0,0.0,0,0,2.117670489432695,2.1056047612515174,0.2589645461295315,0.048970038753531335,0.0515545214038547
fractal_dynamic_aave_hedged_lp,159,sideways,2025-03-06 06:00:00+00:00,2025-03-06 16:00:00+00:00,11,99506.17974131928,99472.3186234986,-0.0003402916071012507,0.00013429758741789755,0.11287030062573944,0.02852892154129336,3.9563465608879955,-0.0008703406627508237,5.842488852408906,1.0254262282463222,2.752124697137981,0.0,0.0,0.0,0,0,2.1474163254938228,2.121239642767664,0.25893171138130866,0.041931595191292276,0.0475107494753045
fractal_dynamic_aave_hedged_lp,161,sideways,2025-03-06 18:00:00+00:00,2025-03-06 23:00:00+00:00,6,99327.21074188151,99424.36877848668,0.0009781613304096215,0.0008141600596578424,2.281137182400684,0.0680125146707653,33.5399623649148,-0.001013224363158538,2.5790427839847325,0.5433191588881997,1.50122974373331,0.0,0.0,0.0,0,0,2.21048364279619,2.201414175930152,0.2591112946647349,0.029200165188342966,0.0323542587309786
fractal_dynamic_aave_hedged_lp,164,downtrend,2025-03-07 02:00:00+00:00,2025-03-07 05:00:00+00:00,4,99390.2992652058,99379.59901447,-0.00010765890448971582,0.000273881710781243,0.8216065369745542,0.024162516653280685,34.00335108979635,-0.00025811095819672225,1.6915668021879355,0.3538002510331013,0.9985537633134963,0.0,0.0,0.0,0,0,2.2579516264374013,2.2410106776238394,0.2591298486023871,0.01899110118777985,0.0226142518962896
fractal_dynamic_aave_hedged_lp,165,high_vol_chop,2025-03-07 06:00:00+00:00,2025-03-08 14:00:00+00:00,33,99327.98577491876,99390.31085977418,0.0006274675195432344,0.000107787165679607,0.0290242788160211,0.06534504051598976,0.4441695741074479,-0.002230599113490439,21.188895020701466,2.927006865523635,8.238823651352288,0.0,0.0,0.0,0,0,2.2521514289158757,2.1934059411561178,0.259184031667908,0.020972506500395716,0.0311579253160281
fractal_dynamic_aave_hedged_lp,166,sideways,2025-03-08 15:00:00+00:00,2025-03-09 15:00:00+00:00,25,99416.186883623,99258.81834957017,-0.0015829266740742254,-0.0013229912359318252,-0.3711629094630049,0.055892970383396696,-6.640600900560848,-0.002273344070032546,9.77197683929694,2.2300588282055593,6.242429885697731,0.0,0.0,0.0,0,0,2.2399453918057883,2.1916301721812834,0.2590315026809055,0.022814882506248493,0.0316276499897131
fractal_dynamic_aave_hedged_lp,167,downtrend,2025-03-09 16:00:00+00:00,2025-03-10 08:00:00+00:00,17,99270.304122539,99294.09855263126,0.00023969333329421083,0.0003554364604345661,0.20096064629015342,0.051834422954965244,3.87697276894067,-0.0014575446582505425,15.311644234007872,1.4231436139972633,4.240115185571712,0.0,0.0,0.0,0,0,2.3837326475837766,2.34924866949727,0.2594543202905655,0.004811231730246505,0.0122815204629413
fractal_dynamic_aave_hedged_lp,168,high_vol_chop,2025-03-10 09:00:00+00:00,2025-03-10 16:00:00+00:00,8,99280.48929537338,99226.14549845627,-0.0005473764009706894,-0.0006843614591957037,-0.5274597435430275,0.10514214596015788,-5.016634754087109,-0.00290396594840292,11.882337349822137,0.6778733099271411,1.9933053658720876,0.0,0.0,0.0,0,0,2.3536968843981088,2.2907503838755505,0.259318105797794,0.009486758935899413,0.0137217793887429
fractal_dynamic_aave_hedged_lp,169,downtrend,2025-03-10 17:00:00+00:00,2025-03-11 15:00:00+00:00,23,99075.19936471732,99146.75221649894,0.0007222074973396442,-0.0008001246199627055,-0.2627771790639133,0.08273882511035145,-3.175983931527174,-0.0026878751983365756,71.74797056750072,1.766320193932604,5.721983850192972,0.0,0.0,0.0,0,0,2.592219068775385,2.5378169323700077,0.2599196177945077,0.040552616999141505,0.0546243505766945
fractal_dynamic_aave_hedged_lp,170,high_vol_chop,2025-03-11 16:00:00+00:00,2025-03-11 17:00:00+00:00,2,99172.30432720824,99095.46867875518,-0.0007747692158039943,-0.0005172487912843415,-0.896287832230229,0.0683317621837034,-13.116708885988407,-0.0007747692158039943,2.009873539250748,0.1559127674368706,0.4972441932155025,0.0,0.0,0.0,0,0,2.551440366085932,2.542563202857554,0.2596684252344152,0.0348292709732767,0.0356990360615189
fractal_dynamic_aave_hedged_lp,172,high_vol_chop,2025-03-11 19:00:00+00:00,2025-03-11 23:00:00+00:00,5,99207.95118636874,99139.54448821492,-0.0006895283829146948,-0.0008077335857344936,-0.7572494926840578,0.015344528231211484,-49.34980608551895,-0.0007807832121183855,2.690366672725304,0.39539747352311666,1.2431380701386656,0.0,0.0,0.0,0,0,2.5152877819144814,2.499015163418339,0.2595298149782142,0.028984083299443318,0.0319602800833815
fractal_dynamic_aave_hedged_lp,174,high_vol_chop,2025-03-12 01:00:00+00:00,2025-03-13 07:00:00+00:00,31,99185.43189273088,99088.03596060396,-0.000981958038275721,-0.00040820097371463415,-0.10896649093951827,0.048232832737445615,-2.2591766801812163,-0.0019916590657467204,17.473273908453848,2.3817325312888484,7.685728857109955,0.0,0.0,0.0,0,0,2.5818478526727056,2.5277751750701816,0.25977175625006876,0.039402815901472085,0.0460949088112096
fractal_dynamic_aave_hedged_lp,175,sideways,2025-03-13 08:00:00+00:00,2025-03-14 16:00:00+00:00,33,99027.41924830484,99161.20114878996,0.0013509581639168378,0.0007383856938600886,0.21644845361092968,0.0379356705775665,5.705670950731206,-0.0014625557760219454,12.46197402453845,2.5257680482460807,8.16877402414354,0.0,0.0,0.0,0,0,2.5877391407253687,2.518928898431008,0.25973378830759597,0.040404613916363075,0.053583166982297
fractal_dynamic_aave_hedged_lp,177,sideways,2025-03-14 18:00:00+00:00,2025-03-19 10:00:00+00:00,113,99224.27119847613,99320.82616730122,0.0009730982919688991,0.0013950040826766763,0.11412385858062435,0.037196451264948874,3.068138349213062,-0.001928167259795055,32.958215783306514,8.80198139775775,28.017163641066578,0.0,0.0,0.0,0,0,2.5467013436563866,2.4729267568147866,0.2594200750026798,0.03431651477972107,0.0446116994957451
fractal_dynamic_aave_hedged_lp,178,uptrend,2025-03-19 11:00:00+00:00,2025-03-19 23:00:00+00:00,13,99403.21287923926,99525.72353597565,0.0012324617402983407,0.0020629849406339495,3.009644257330801,0.05100795943988945,59.00342398283016,-0.00118566578004764,9.938074180194917,1.0719969278471833,3.2126799347293344,0.0,0.0,0.0,0,0,2.3976589449301313,2.373153224585095,0.258763664617833,0.009578049277165284,0.0154819613756606
fractal_dynamic_aave_hedged_lp,179,high_vol_chop,2025-03-20 00:00:00+00:00,2025-03-20 01:00:00+00:00,2,99451.54120030432,99439.0327517482,-0.0001257743058091787,-0.0008710389751259706,-0.9780022092039643,0.04100504820423945,-23.850775746749402,-0.0001257743058091787,1.0023586546515162,0.1644909431265919,0.4942766055463606,0.0,0.0,0.0,0,0,2.4039260814354737,2.400403969761564,0.2586986480085598,0.0112924872634272,0.0118721045825692
fractal_dynamic_aave_hedged_lp,181,high_vol_chop,2025-03-20 03:00:00+00:00,2025-03-20 10:00:00+00:00,8,99450.99857376472,99345.9742955383,-0.001056040459448293,-0.0003803521373376695,-0.34069222232641827,0.0575051307112968,-5.924553480920786,-0.001056040459448293,2.329354574860645,0.6517498646355947,1.9771645174436845,0.0,0.0,0.0,0,0,2.4270070061266855,2.412731535330885,0.2587759527242578,0.0152353662003884,0.0209592600102712
fractal_dynamic_aave_hedged_lp,182,sideways,2025-03-20 11:00:00+00:00,2025-03-24 17:00:00+00:00,103,99377.62721448444,99562.04532524772,0.0018557306702970955,0.0021749349305952848,0.20294676640278952,0.036084735617161134,5.624172186154867,-0.0013077945473977115,27.974751748708513,8.358397462371974,25.525164201114414,0.0,0.0,0.0,0,0,2.4438613987326727,2.331828580414656,0.25877667964779155,0.018012250924985648,0.0295462638312405
fractal_dynamic_aave_hedged_lp,184,sideways,2025-03-24 19:00:00+00:00,2025-03-28 04:00:00+00:00,82,99573.48772044052,99326.2300378386,-0.002483167841786482,-0.002413113895053942,-0.22748413465612505,0.036955698033427464,-6.155590254319084,-0.002744460677356342,31.896796638163096,6.860305988513823,20.536203985121112,0.0,0.0,0.0,0,0,2.3952644207163463,2.337422859036141,0.25840552460070515,0.009900853258612799,0.0309715514714684
fractal_dynamic_aave_hedged_lp,185,downtrend,2025-03-28 05:00:00+00:00,2025-03-29 00:00:00+00:00,20,99344.5332963673,99349.25280267055,4.7506452007572975e-05,0.00023178937550705214,0.10684318075877042,0.029570261958605133,3.613196964854022,-0.0012345419479677933,9.000323728345393,1.5511867073734573,5.00545545419381,0.0,0.0,0.0,0,0,2.58165761145463,2.5510873246869954,0.25890964250281967,0.04155587560012762,0.0470292023871691
fractal_dynamic_aave_hedged_lp,187,downtrend,2025-03-29 02:00:00+00:00,2025-03-29 03:00:00+00:00,2,99356.27530545856,99295.77762644488,-0.0006088964066707225,-3.0254392626716253e-06,-0.01316403017784562,0.08041964018897396,-0.16369173185694622,-0.0006088964066707225,0.9425394729159962,0.15545402914440332,0.5005753044887398,0.0,0.0,0.0,0,0,2.5760857958828574,2.5727105069787,0.2588298281893226,0.041023743306858554,0.042288834452499
fractal_dynamic_aave_hedged_lp,188,sideways,2025-03-29 04:00:00+00:00,2025-04-01 08:00:00+00:00,77,99307.3435899772,99327.40813122406,0.00020204488934583154,0.00031854833644784364,0.03689873607217087,0.045662714540959576,0.8080714526744266,-0.0023921850467585326,29.539665179282565,5.811880384496895,19.39880553439319,0.0,0.0,0.0,0,0,2.670612595981196,2.580235785907663,0.2591460395136371,0.055281064164554694,0.0650609159676499
fractal_dynamic_aave_hedged_lp,190,sideways,2025-04-01 10:00:00+00:00,2025-04-01 19:00:00+00:00,10,99286.38159703225,99361.12882361784,0.0007528447042108866,0.0007436613643778678,0.9178509208868644,0.06083356009621165,15.08790410153922,-0.0009752445138891952,6.253397691742066,0.7842891833891785,2.532772284004611,0.0,0.0,0.0,0,0,2.583872890990164,2.548190327091859,0.25873416663709703,0.04218331228294114,0.0481241902893903
fractal_dynamic_aave_hedged_lp,192,sideways,2025-04-01 21:00:00+00:00,2025-04-02 21:00:00+00:00,25,99393.88876965072,99297.69770015674,-0.00096777649697255,-0.000935595631458952,-0.2796270135788237,0.053672295417420614,-5.209894814524071,-0.0017770890343610235,17.161187682544096,1.943913814367164,6.307128488764414,0.0,0.0,0.0,0,0,2.5958937808922484,2.5527646257530034,0.25869806794522965,0.044491863414680505,0.0513101472049663
fractal_dynamic_aave_hedged_lp,193,downtrend,2025-04-02 22:00:00+00:00,2025-04-02 23:00:00+00:00,2,99171.65695522008,99198.77886442366,0.000273484481718711,-0.0009961845845789519,-0.9872912334642974,0.10210534787805113,-9.669339108892341,0.0,4.00678445018093,0.1482257304885313,0.5043273024521033,0.0,0.0,0.0,0,0,2.721957114395052,2.719912132349155,0.2591080545286747,0.0637990264077173,0.0644365543250062
fractal_dynamic_aave_hedged_lp,194,high_vol_chop,2025-04-03 00:00:00+00:00,2025-04-03 11:00:00+00:00,12,99203.16537168446,99183.36222730692,-0.00019962210180834994,-0.0001554115614450513,-0.10725943097528834,0.03837514136808182,-2.7950237354565264,-0.0010651163287300758,4.654236151080568,0.9040812983862928,3.0399191536480337,0.0,0.0,0.0,0,0,2.6900877956080165,2.663916396356956,0.25898616246008815,0.059046913565500216,0.0648314939903459
fractal_dynamic_aave_hedged_lp,197,downtrend,2025-04-03 14:00:00+00:00,2025-04-03 19:00:00+00:00,6,99074.85690977664,99149.09417930168,0.0007493048371762789,0.00021917481807887107,0.37707291727943915,0.04662243007047254,8.087800586744864,-0.00022555755863440385,3.0899759437440935,0.4831963863152645,1.52004336739099,0.0,0.0,0.0,0,0,2.516743007088315,2.50161189816558,0.2728196164778271,0.004904950775758084,0.0074961312360163
fractal_dynamic_aave_hedged_lp,198,high_vol_chop,2025-04-03 20:00:00+00:00,2025-04-03 23:00:00+00:00,4,99117.21472883118,99157.67964063272,0.000408253116396029,8.659142478428805e-05,0.20879864419034488,0.027029729502026287,7.724777422381984,-9.455408932534937e-05,1.679393245812662,0.3279869051975422,1.013387637057052,0.0,0.0,0.0,0,0,2.471823570993514,2.461710585198912,0.2727369617757561,0.01310736677062,0.0149055184423121
fractal_dynamic_aave_hedged_lp,200,high_vol_chop,2025-04-04 01:00:00+00:00,2025-04-04 14:00:00+00:00,14,99089.12846065004,99117.7405788721,0.0002887513359592919,-0.0008908787616669356,-0.4274664939070062,0.05706774715539384,-7.490509354487521,-0.0011647638633505153,7.484002643342592,1.1306636944712738,3.5147140576350253,0.0,0.0,0.0,0,0,2.4870312856087535,2.4445142690066715,0.2727521772339687,0.0103727495115799,0.017949863476715
fractal_dynamic_aave_hedged_lp,201,sideways,2025-04-04 15:00:00+00:00,2025-04-04 16:00:00+00:00,2,99188.97660876103,99138.2324556495,-0.0005115906509620682,0.00020674277538734742,1.4730192259613641,0.08142263817749704,18.091027985979284,-0.0005115906509620682,1.5909205097161705,0.1612987726203273,0.5021219549993341,0.0,0.0,0.0,0,0,2.490407583181579,2.489006180737302,0.27267949376739875,0.0091907247864407,0.0100462627485414
fractal_dynamic_aave_hedged_lp,202,high_vol_chop,2025-04-04 17:00:00+00:00,2025-04-05 00:00:00+00:00,8,99205.1023454326,99157.5586782834,-0.0004792461882017207,0.00019494217473092768,0.2379303068073575,0.04497502434272098,5.2902763319096575,-0.0007912317129858959,2.337791986954471,0.6524879652166843,2.008537688892778,0.0,0.0,0.0,0,0,2.4626528098623424,2.454611568299819,0.2726033029849124,0.0141247840594001,0.0164839455002093
fractal_dynamic_aave_hedged_lp,203,sideways,2025-04-05 01:00:00+00:00,2025-04-06 16:00:00+00:00,40,99238.66056421852,99076.03039241952,-0.001638778384093209,-0.0008222094911428668,-0.16484500138699165,0.03816212137474677,-4.319597429300025,-0.001638778384093209,8.579546178290684,3.2252452218307885,10.043885397014554,0.0,0.0,0.0,0,0,2.4916133468289474,2.4570811524653813,0.2726347958547778,0.009486921969543325,0.0150818811496998
fractal_dynamic_aave_hedged_lp,204,downtrend,2025-04-06 17:00:00+00:00,2025-04-07 17:00:00+00:00,25,98947.3043232463,98699.32097961468,-0.002506216266604744,-0.0038022255364165147,-0.7367994839497785,0.07554049513619242,-9.75370207226466,-0.004558305992086842,113.77583536919815,1.8181941746340669,6.257656500374664,15.0,1.4495415390162816,1449.5415390162816,1,0,2.746597679677447,2.5634195338839527,0.2807688520395452,0.03360173769734877,0.0559717178070617
fractal_dynamic_aave_hedged_lp,205,high_vol_chop,2025-04-07 18:00:00+00:00,2025-04-08 05:00:00+00:00,12,98740.45475826006,98720.81730497742,-0.00019887951023445094,0.00021779608156791141,0.17230726492837634,0.028070895268716714,6.138288903111764,-0.0006538072130354289,7.893128902534954,0.9452994410325242,3.0243207032696384,0.0,0.0,0.0,0,0,2.5599927852572284,2.517194435471636,0.28824853368961567,0.04007495804075218,0.0483843056984907
fractal_dynamic_aave_hedged_lp,206,uptrend,2025-04-08 06:00:00+00:00,2025-04-08 07:00:00+00:00,2,98778.67961671832,98708.70074458388,-0.0007084410563693577,-0.0001227356167048388,-0.41586023087535595,0.0856761255886931,-4.853863640750792,-0.0007084410563693577,0.5079945010922983,0.1589370785740575,0.5081128490929329,0.0,0.0,0.0,0,0,2.557576234327949,2.5528710443004177,0.2882834779584429,0.040898870767085205,0.0409267204606661
fractal_dynamic_aave_hedged_lp,208,uptrend,2025-04-08 09:00:00+00:00,2025-04-08 11:00:00+00:00,3,98756.41684084792,98719.11969329408,-0.0003776680923320841,0.0002183106387521061,0.8915516902366918,0.05919280655445343,15.061824943484032,-0.0006298772720571,1.462373380356894,0.23853797701873042,0.7621826725937568,0.0,0.0,0.0,0,0,2.5562966731709573,2.5334353228294773,0.2882555400965632,0.0409647229848951,0.0462333682891571
fractal_dynamic_aave_hedged_lp,209,high_vol_chop,2025-04-08 12:00:00+00:00,2025-04-08 16:00:00+00:00,5,98753.13355233432,98614.07781230749,-0.001408114710133579,-0.0010640479910370981,-0.8451354770846315,0.0437507076110907,-19.3170698996967,-0.001408114710133579,5.6499992606509295,0.3883200454598645,1.2703299766352103,0.0,0.0,0.0,0,0,2.618167661408114,2.56105722100927,0.2884066634726825,0.030616619600022165,0.0401643003314632
fractal_dynamic_aave_hedged_lp,212,downtrend,2025-04-08 19:00:00+00:00,2025-04-09 13:00:00+00:00,19,98634.55032034316,98730.39102355776,0.0009716747620720501,0.0007912471849089719,0.4400276961233178,0.05285182419520173,8.325686063325449,-0.0012127773336033654,22.919810904751102,1.408280908344962,4.843763081093084,0.0,0.0,0.0,0,0,2.7521478444406164,2.7075506789003767,0.2886185594522659,0.009136897873142695,0.0148413360822045
fractal_dynamic_aave_hedged_lp,213,high_vol_chop,2025-04-09 14:00:00+00:00,2025-04-09 16:00:00+00:00,3,98695.093617844,98706.59345430369,0.00011651882619623244,-0.00024103590604018788,-0.5053523968637692,0.023952174491500715,-21.098393260415268,-3.044434761934056e-05,6.976956499489916,0.2261125107973877,0.7657589351455922,0.0,0.0,0.0,0,0,2.7095213777332936,2.67987577468296,0.28839225844359345,0.013870135629270267,0.0190420961896259
fractal_dynamic_aave_hedged_lp,214,uptrend,2025-04-09 17:00:00+00:00,2025-04-10 14:00:00+00:00,22,98874.13664574652,98913.72269815869,0.00040036812209032213,0.0020984337176110923,1.304082837178334,0.05740246598420909,22.718237184044945,-0.0015500942357685732,51.796360886717366,1.7965083988393853,5.572602549260653,0.0,0.0,0.0,0,0,2.4826588659085584,2.4050812785942286,0.2878630916761251,0.052709989964660364,0.0673157588756822
fractal_dynamic_aave_hedged_lp,215,high_vol_chop,2025-04-10 15:00:00+00:00,2025-04-10 16:00:00+00:00,2,98778.67843637944,98753.58723253748,-0.0002540143707037146,-0.001618940843121086,-0.9991721735430228,0.0735448569842942,-13.585887776712926,-0.0002540143707037146,11.07501407928362,0.1507718136647829,0.5047929538095717,0.0,0.0,0.0,0,0,2.678523207034174,2.665587234080149,0.2881729981522846,0.0179692477861809,0.0206580598909719
fractal_dynamic_aave_hedged_lp,216,downtrend,2025-04-10 17:00:00+00:00,2025-04-11 02:00:00+00:00,10,98766.47839619184,98857.8399488735,0.0009250259213977596,0.0010556853604772876,1.5200848724536584,0.030936050949422474,49.136357932007996,-0.0005497316998797075,6.820875881883012,0.7617779876732844,2.5171091578774583,0.0,0.0,0.0,0,0,2.6435126985363278,2.6096838756646137,0.288028407871625,0.02328886909981226,0.0294493897974516
fractal_dynamic_aave_hedged_lp,217,high_vol_chop,2025-04-11 03:00:00+00:00,2025-04-11 14:00:00+00:00,12,98807.73667000454,98896.87657253008,0.0009021550895680353,0.0003948763565619906,0.3340278732832802,0.03112450572526149,10.731989649306275,-0.00044712679473113415,8.2053738776101,0.9279305049405404,3.0012878912898113,0.0,0.0,0.0,0,0,2.587589227818462,2.563592113392017,0.2878728133204958,0.03263227446005604,0.0366723747037832
fractal_dynamic_aave_hedged_lp,218,sideways,2025-04-11 15:00:00+00:00,2025-04-12 13:00:00+00:00,23,98877.05644151777,99018.00783265378,0.0014255217156406985,0.001224823920852991,0.5939459927695478,0.03865848544606496,15.363922976191128,-0.000844661186460538,7.294969540399052,1.8013941900611425,5.752966075940655,0.0,0.0,0.0,0,0,2.555304818314486,2.457291582557109,0.2877649015654549,0.03817494592208541,0.0545418828598527
fractal_dynamic_aave_hedged_lp,219,uptrend,2025-04-12 14:00:00+00:00,2025-04-12 15:00:00+00:00,2,98974.58278772388,99018.65163651203,0.00044525420109797764,6.501886599785678e-06,0.02888755072137128,0.058492014472510505,0.49387170166531985,0.0,1.6343633145406784,0.1644822590538955,0.5002888294589408,0.0,0.0,0.0,0,0,2.4332910114361805,2.4317525454921443,0.28746518888670725,0.059949217088372794,0.060180603570372
fractal_dynamic_aave_hedged_lp,220,sideways,2025-04-12 16:00:00+00:00,2025-04-12 17:00:00+00:00,2,98987.558723695,99001.4168989634,0.00013999916198659257,-0.00017405546595294918,-0.5334682939952315,0.030047082546229918,-17.754412368470266,0.0,1.4387759193039071,0.16289436020118842,0.5002937752488616,0.0,0.0,0.0,0,0,2.457054864752725,2.449909853198744,0.287469708493041,0.055199581274162746,0.0568094474834279
fractal_dynamic_aave_hedged_lp,222,sideways,2025-04-12 19:00:00+00:00,2025-04-12 21:00:00+00:00,3,98935.05392083243,99005.65093446684,0.0007135692642459279,0.00021262208388916903,0.8603980875901294,0.046639961297850197,18.447658695415516,0.0,0.8838377747840696,0.24554066742536723,0.7504536457521302,0.0,0.0,0.0,0,0,2.44508405491064,2.4409405514302995,0.28753142413228217,0.05819571012704677,0.0589407847416048
fractal_dynamic_aave_hedged_lp,228,sideways,2025-04-13 03:00:00+00:00,2025-04-13 16:00:00+00:00,14,98978.85351124137,98937.62791365868,-0.00041650914432955766,6.71866372068397e-05,0.04293434574116772,0.039508155090792176,1.0867210995426628,-0.0009958183114676666,4.3072412142230405,1.1177570018191558,3.5023507157457408,0.0,0.0,0.0,0,0,2.506940745189213,2.4744074000639618,0.2876381977048595,0.04694589492693081,0.0536760768001244
fractal_dynamic_aave_hedged_lp,229,high_vol_chop,2025-04-13 17:00:00+00:00,2025-04-14 12:00:00+00:00,20,99037.80948950804,98990.71081007064,-0.0004755626127049828,0.0005365288973597782,0.26482862352852576,0.056247627908448235,4.7082629681659744,-0.0016034135421949536,11.541136087369978,1.6179724837020717,5.003778613603263,0.0,0.0,0.0,0,0,2.4748047317525828,2.398336609540195,0.2874929720622473,0.05236980740539902,0.0673387068381227
fractal_dynamic_aave_hedged_lp,230,uptrend,2025-04-14 13:00:00+00:00,2025-04-14 14:00:00+00:00,2,99023.2109763732,99082.51701917542,0.0005989105202452993,0.0009274224657396246,56.98752594677325,0.017908415159329893,3182.164666150483,0.0,1.6438843447274394,0.1656306768215077,0.5004050684491994,0.0,0.0,0.0,0,0,2.417030153146595,2.4060232445880176,0.28726362200907424,0.062195704999176954,0.0637220634389936
fractal_dynamic_aave_hedged_lp,231,high_vol_chop,2025-04-14 15:00:00+00:00,2025-04-15 09:00:00+00:00,19,99008.08035570044,98954.96160362149,-0.0005365092615483569,-0.001287365515040717,-0.44784453909786714,0.04648210777682728,-9.634772615047613,-0.0009946647849650159,5.980427070669293,1.5502453441109965,4.771431607944989,0.0,0.0,0.0,0,0,2.4623674158334308,2.442966289596733,0.2874566713213496,0.05478004813142022,0.0594624833887866
fractal_dynamic_aave_hedged_lp,232,sideways,2025-04-15 10:00:00+00:00,2025-04-16 16:00:00+00:00,31,98968.51060471348,98944.8070051582,-0.00023950647948967063,-0.00010261838616942853,-0.028583008766542517,0.03668368103975594,-0.779175043408694,-0.0011606109546132837,12.953782755540033,2.46275811519618,7.762266199343129,0.0,0.0,0.0,0,0,2.5220918371867374,2.452451065900492,0.28748160529491534,0.04351672825094915,0.0573771254374104
fractal_dynamic_aave_hedged_lp,233,high_vol_chop,2025-04-16 17:00:00+00:00,2025-04-17 16:00:00+00:00,24,98926.89652697556,98999.0230475211,0.000729089085756085,0.0005479422720988669,0.22133455130391555,0.03001104447622729,7.37510323838418,-0.0006960805082703025,14.136978139217945,1.8888685340800495,5.98881416959269,0.0,0.0,0.0,0,0,2.5366686442007396,2.5092912752215866,0.28743260592660924,0.04059145247949747,0.045468205721744
fractal_dynamic_aave_hedged_lp,234,sideways,2025-04-17 17:00:00+00:00,2025-04-22 06:00:00+00:00,110,99040.30198802803,98979.76793018446,-0.0006112063132732715,-0.00019449805406068776,-0.015371261665264258,0.03874039146947919,-0.3967761058215993,-0.001832836726877951,32.429506993341874,8.714281167802975,27.468255344250696,0.0,0.0,0.0,0,0,2.5220682300722252,2.443134197294171,0.28725790353455727,0.042875218195115215,0.057203809726417
fractal_dynamic_aave_hedged_lp,235,high_vol_chop,2025-04-22 07:00:00+00:00,2025-04-22 15:00:00+00:00,9,99030.94999810604,99055.78496724975,0.00025077987380917044,0.000768005812247452,1.1111625178970077,0.022324249021095827,49.77379157735557,-0.000336039797314891,8.538093591748748,0.7301972281415431,2.238313576694667,15.0,1.3688846438005131,1368.8846438005132,1,0,2.475727735260888,2.4054289440662697,0.2855371053029473,0.047795307741723504,0.065651665903052
fractal_dynamic_aave_hedged_lp,236,uptrend,2025-04-22 16:00:00+00:00,2025-04-23 20:00:00+00:00,29,99148.38145162178,99291.15240913889,0.0014399726493443676,0.0023761100067700713,1.0480696485449066,0.06071592361613264,17.261857946379443,-0.0016286199951381919,28.338379720808234,2.3268959378650997,7.188720735489389,0.0,0.0,0.0,0,0,2.4725740634715603,2.409308017065924,0.27253436404191705,0.015574166969198562,0.0286736898107035
fractal_dynamic_aave_hedged_lp,237,sideways,2025-04-23 21:00:00+00:00,2025-05-01 13:00:00+00:00,185,99333.66100246842,99555.06057289844,0.002228847383612731,0.00265792225546968,0.13392974299426008,0.04132473634054372,3.2409098001397663,-0.0015645833883609628,102.13146226231288,15.248881431739107,46.53847779938094,0.0,0.0,0.0,0,0,2.4419805690820167,2.3708147213301616,0.2721099288913097,0.018411679568907477,0.0311521050502373
fractal_dynamic_aave_hedged_lp,238,uptrend,2025-05-01 14:00:00+00:00,2025-05-01 16:00:00+00:00,3,99472.65435962495,99557.97699114952,0.0008577496204746904,2.929452540456623e-05,0.08930378333335276,0.07850084116832753,1.1376156230206595,0.0,2.4165526727817905,0.2580155334663286,0.7625509315163987,0.0,0.0,0.0,0,0,2.364383233826201,2.356856475265847,0.27163765333717965,0.0315959322395816,0.0325221696376806
fractal_dynamic_aave_hedged_lp,239,sideways,2025-05-01 17:00:00+00:00,2025-05-08 05:00:00+00:00,157,99508.65415596588,99668.6157208542,0.0016075141026186124,0.0011112994965176703,0.06393238039558802,0.038434163979093036,1.6634258112226716,-0.0017837595021750197,57.22498668322214,13.126309585367519,39.456947989452196,0.0,0.0,0.0,0,0,2.4052028124214395,2.3080970059265558,0.27158272339689293,0.023811752290009536,0.0405198514207047
fractal_dynamic_aave_hedged_lp,240,high_vol_chop,2025-05-08 06:00:00+00:00,2025-05-08 07:00:00+00:00,2,99615.4271313247,99726.42803623276,0.0011142943227229196,0.0005800453328304034,11.677921441949394,0.10906382731794977,107.07419434222842,0.0,1.7427021963667357,0.17402290001072612,0.4971798257458906,0.0,0.0,0.0,0,0,2.285642205224172,2.275218853098328,0.27111775802390103,0.046116396093082296,0.047120814596195
fractal_dynamic_aave_hedged_lp,241,uptrend,2025-05-08 08:00:00+00:00,2025-05-10 05:00:00+00:00,46,99759.96627167836,100126.80065028807,0.0036771702349087665,0.004014709259513527,1.144721435089513,0.0676147199101136,16.93006251613991,-0.0020400196355211397,68.29175685089376,4.143684330991954,11.419092245818229,30.0,3.147364865191106,3147.364865191106,2,0,2.214174530733343,2.0228335872485004,0.24914040452192912,0.023911948129884283,0.0603876011411668
fractal_dynamic_aave_hedged_lp,242,high_vol_chop,2025-05-10 06:00:00+00:00,2025-05-10 13:00:00+00:00,8,100122.99024320752,100306.88235173692,0.0018366621700240948,0.0017985364585635377,6.153691564724133,0.09144935985596746,67.29070137195257,-0.0012096469089860618,8.539520578453448,0.7343557508452518,1.9845784407690463,0.0,0.0,0.0,0,0,2.1621355634014803,2.125820156256925,0.23778327859310078,0.004928262557648288,0.0079206259565241
fractal_dynamic_aave_hedged_lp,243,uptrend,2025-05-10 14:00:00+00:00,2025-05-10 16:00:00+00:00,3,100310.86444817498,100378.73094613312,0.0006765617895079235,0.0007162877831676795,7.09147958381336,0.021622854027906077,327.9622373004609,0.0,4.381972606871841,0.2806699288598517,0.7442369141732205,0.0,0.0,0.0,0,0,2.1213816557241802,2.106107769887204,0.237562425686256,0.003402727345550633,0.0061946745046254
fractal_dynamic_aave_hedged_lp,245,uptrend,2025-05-10 18:00:00+00:00,2025-05-11 06:00:00+00:00,13,100384.95220442089,100375.98238498214,-8.935422333500309e-05,0.00025098135779821895,0.1842404550193495,0.058427863841560804,3.15329780871256,-0.0017293603038069927,14.077300693759298,1.2618979296115522,3.225168444183492,0.0,0.0,0.0,0,0,2.0448946772706753,2.0068099306816864,0.23735479469715906,0.019882733173294885,0.0272387829154833
fractal_dynamic_aave_hedged_lp,246,high_vol_chop,2025-05-11 07:00:00+00:00,2025-05-11 10:00:00+00:00,4,100335.7198006315,100359.90901996678,0.00024108283055479518,-0.00016013158360650426,-0.29581646186333643,0.0501719029025778,-5.896058246739084,-0.0005777249133009921,2.99691317437464,0.3821452767606575,0.992400734265029,0.0,0.0,0.0,0,0,2.077656791838937,2.060778978120482,0.23747585994651338,0.013145838771681599,0.0163882667286157
fractal_dynamic_aave_hedged_lp,248,high_vol_chop,2025-05-11 12:00:00+00:00,2025-05-12 06:00:00+00:00,19,100469.13209089362,100404.11830800778,-0.0006471020654087445,-2.9543477596871703e-05,-0.013528949190978357,0.05569980647241278,-0.24289041646273993,-0.0016906807613988883,12.580480476974117,1.8214560404338584,4.714191389972171,0.0,0.0,0.0,0,0,2.0706427071720266,2.0476952352074544,0.23738808573853534,0.014261937387552137,0.0186446639563577
fractal_dynamic_aave_hedged_lp,249,sideways,2025-05-12 07:00:00+00:00,2025-05-12 10:00:00+00:00,4,100414.07884362932,100464.63148081502,0.0005034417261788882,0.0006026961226990313,2.741576017765801,0.06521342825029405,42.04005357981527,-0.0005942289482157026,7.765516595344707,0.3921634875064876,0.9925171099857137,0.0,0.0,0.0,0,0,2.0247436331654027,2.011415961015103,0.23718707228691327,0.0237972634798215,0.0262460076251932
fractal_dynamic_aave_hedged_lp,250,high_vol_chop,2025-05-12 11:00:00+00:00,2025-05-12 12:00:00+00:00,2,100426.30755984012,100495.5316135518,0.0006893019906206721,0.0003075722498686595,2.8457141536755666,0.07086515765486393,40.156746246654926,0.0,1.411656082889749,0.19450941145680828,0.4962658289492379,0.0,0.0,0.0,0,0,2.041136946276368,2.033376189593424,0.23723298407748689,0.0202397186037605,0.021453021431651
fractal_dynamic_aave_hedged_lp,252,high_vol_chop,2025-05-12 14:00:00+00:00,2025-05-13 13:00:00+00:00,24,100481.530807769,100518.36854287292,0.00036661200130794214,-0.0002771191156748509,-0.09621383968800767,0.04385948852531142,-2.193683577328596,-0.0013928024699156882,17.273086903991498,2.2812512290071103,5.9718323289737825,0.0,0.0,0.0,0,0,2.0945193001794915,2.033744855229553,0.2373282526359497,0.00859893432181723,0.0210632589878634
fractal_dynamic_aave_hedged_lp,253,sideways,2025-05-13 14:00:00+00:00,2025-05-13 15:00:00+00:00,2,100509.53056703888,100517.77269314522,8.200342852915377e-05,-5.927769584079812e-06,-0.025629548919176237,0.011246062948308839,-2.2789796782197773,0.0,1.460575461812823,0.1965964587876809,0.49865076962306243,0.0,0.0,0.0,0,0,2.0291800653887524,2.0206575109423377,0.23708287671607525,0.0222706447547312,0.0242607369269848
fractal_dynamic_aave_hedged_lp,255,uptrend,2025-05-13 17:00:00+00:00,2025-05-14 08:00:00+00:00,16,100586.42402611102,100642.20038185905,0.0005545117672494104,0.0014117476845865173,1.164927292783517,0.05193214802129359,22.431717869745448,-0.0012889717739742457,14.068138513466238,1.6374623089752836,3.9841830931765143,0.0,0.0,0.0,0,0,1.9467552870669516,1.923521025956885,0.23679405852409832,0.040544346890810753,0.0466060932669619
fractal_dynamic_aave_hedged_lp,256,high_vol_chop,2025-05-14 09:00:00+00:00,2025-05-14 17:00:00+00:00,9,100560.3604063732,100517.96977260004,-0.00042154417110140674,-0.001234378906538658,-0.6994689721440583,0.04895184242078547,-14.288920243930521,-0.0011068405483922739,6.268064976084133,0.8984339190379783,2.2389569607619424,0.0,0.0,0.0,0,0,1.993707111654847,1.9756444088463203,0.23692820906645926,0.03000888928845663,0.0333451345289498
fractal_dynamic_aave_hedged_lp,257,sideways,2025-05-14 18:00:00+00:00,2025-05-15 00:00:00+00:00,7,100520.4275018278,100656.81478538424,0.001356811614773079,0.0013812954350180817,4.626006259585637,0.046684406269916705,99.0910376548287,-0.0005533032628677326,2.8914991109277253,0.7014003190333431,1.7426390390814621,0.0,0.0,0.0,0,0,1.9876674202202376,1.970051718549256,0.23686992298391157,0.031138976993472383,0.0342908214434721
fractal_dynamic_aave_hedged_lp,259,sideways,2025-05-15 02:00:00+00:00,2025-05-15 06:00:00+00:00,5,100573.23495810929,100496.35820900562,-0.0007643857646191243,-0.00038110989829898134,-0.48718073640118453,0.05738698722712585,-8.489393849393482,-0.0009651993524549818,1.4403841395364905,0.49744126736538385,1.2497557986774097,0.0,0.0,0.0,0,0,2.0099357973528744,1.9998827990907029,0.2369373783529186,0.026286680162149478,0.0290551453311273
fractal_dynamic_aave_hedged_lp,260,high_vol_chop,2025-05-15 07:00:00+00:00,2025-05-15 11:00:00+00:00,5,100499.56791161186,100565.33552905456,0.0006544069672074215,0.0006863663646945461,2.3271010761565867,0.04213501804176481,55.22962097346041,-0.00037646388043910406,3.2464111966496603,0.4909887267103901,1.2497865435432554,0.0,0.0,0.0,0,0,2.0364123680788984,2.0222142961839,0.23704149519166878,0.02075414074879828,0.0243171821475759
fractal_dynamic_aave_hedged_lp,262,high_vol_chop,2025-05-15 13:00:00+00:00,2025-05-16 14:00:00+00:00,26,100451.86154862423,100572.93408259487,0.0012052791466889978,0.0001511334950943244,0.05223504345244212,0.05305130390882854,0.9846137531739237,-0.0011688866383733343,20.626122758116708,2.5741015066547717,6.490717189599316,0.0,0.0,0.0,0,0,2.017548970657873,1.975242747013398,0.23689972515170096,0.024444810186883176,0.0337927261352698
fractal_dynamic_aave_hedged_lp,263,sideways,2025-05-16 15:00:00+00:00,2025-05-17 08:00:00+00:00,18,100606.74290157034,100530.12712711362,-0.0007615371718342479,-0.00042563096992009886,-0.18713033875586282,0.05900697548657031,-3.1713257155241377,-0.0018588107273365129,8.435526618192853,1.7536828756519165,4.489641662663271,0.0,0.0,0.0,0,0,2.048722447403553,1.998377583602284,0.23694964501806773,0.01763698459972382,0.0290896821164993
fractal_dynamic_aave_hedged_lp,264,downtrend,2025-05-17 09:00:00+00:00,2025-05-17 11:00:00+00:00,3,100485.3268248768,100481.2615247893,-4.045665388130448e-05,-0.0004860791856210467,-0.7582125615658923,0.027853486925414256,-27.221459330970845,-0.00018824541901429903,0.49135435529615273,0.28649934667161436,0.7483121779483803,0.0,0.0,0.0,0,0,2.0895460697231836,2.0862938850261306,0.23707730322547335,0.009037687213649866,0.0100141838699385
fractal_dynamic_aave_hedged_lp,267,sideways,2025-05-17 14:00:00+00:00,2025-05-18 16:00:00+00:00,27,100464.86367328452,100632.7970052547,0.0016715628313228592,0.0022589295456767466,1.0793817302908786,0.05593420552339094,19.29734623368335,-0.0012962425250437892,7.959287890293581,2.596008294033333,6.735371631421487,0.0,0.0,0.0,0,0,2.0759376367131734,2.011182468350249,0.23696250681387449,0.011579928718653222,0.0253356536737196
fractal_dynamic_aave_hedged_lp,268,high_vol_chop,2025-05-18 17:00:00+00:00,2025-05-19 04:00:00+00:00,12,100568.24683947382,100310.00074886078,-0.002567869071291029,-0.0032076645586734953,-0.904187172481755,0.0699760758524567,-12.921375791180651,-0.002799277363060515,15.509423282590433,1.1201436346368006,2.9908840165640367,0.0,0.0,0.0,0,0,2.136682836827802,2.0767016988569797,0.2370987687149266,0.006201268415548401,0.01113666010885
fractal_dynamic_aave_hedged_lp,269,downtrend,2025-05-19 05:00:00+00:00,2025-05-19 06:00:00+00:00,2,100395.97263325576,100365.98280221217,-0.00029871547888826733,0.0005580904489428384,10.516195071869065,0.07649116270331004,137.48248425322987,-0.00029871547888826733,2.107792439861896,0.18164591233921668,0.4978208669132403,0.0,0.0,0.0,0,0,2.1925610324250915,2.1809805445738224,0.2372644408504172,0.01239930408411535,0.0146842106747508
fractal_dynamic_aave_hedged_lp,270,high_vol_chop,2025-05-19 07:00:00+00:00,2025-05-19 19:00:00+00:00,13,100425.08778556604,100577.6650131172,0.0015193138578775134,0.0021091031542253003,3.1359390977860118,0.06713998582280971,46.707473338795786,-0.000942301233374021,8.661160673644645,1.2209330145619015,3.2359544878310795,0.0,0.0,0.0,0,0,2.1209959214826313,2.0595546389890984,0.23701401427445937,0.006718144459575339,0.0145369647881797
fractal_dynamic_aave_hedged_lp,272,high_vol_chop,2025-05-19 21:00:00+00:00,2025-05-20 01:00:00+00:00,5,100531.38104923206,100649.09048368098,0.0011708725496497596,0.0001741387882172596,0.3567126383011454,0.055332684885180346,6.446689493585068,0.0,3.0922439908822525,0.48322293495989194,1.2423377674782035,0.0,0.0,0.0,0,0,2.0568010612922762,2.04218988856904,0.23676921106313764,0.015102222330778719,0.0173754656776133
fractal_dynamic_aave_hedged_lp,273,uptrend,2025-05-20 02:00:00+00:00,2025-05-20 09:00:00+00:00,8,100675.01119825852,100654.63069748342,-0.00020243852503742943,5.504484715990188e-05,0.06212588206318315,0.04169637320968902,1.4899588928455512,-0.0009651148487723749,2.957540018272539,0.7789537814842402,1.9822328120596522,0.0,0.0,0.0,0,0,2.0358750546079474,2.0179683976499505,0.23663318391062005,0.01911967359833071,0.0234187275149972
fractal_dynamic_aave_hedged_lp,274,sideways,2025-05-20 10:00:00+00:00,2025-05-20 18:00:00+00:00,9,100577.29576441142,100515.39369614188,-0.0006154676142271498,-0.001383314412627401,-0.7400739608571725,0.0466178133538533,-15.875346946018865,-0.0008893012081110374,3.6140430495488545,0.8546733571707937,2.2301043105931098,0.0,0.0,0.0,0,0,2.087584476475154,2.0621524225010406,0.236795475531023,0.008232712809640198,0.0140041193317975
fractal_dynamic_aave_hedged_lp,275,high_vol_chop,2025-05-20 19:00:00+00:00,2025-05-20 21:00:00+00:00,3,100588.31288682498,100592.1184099397,3.783265675227909e-05,0.0007633130705309021,8.281507077386587,0.04710286554775081,175.81747906592136,-0.0002758222517575959,2.4647930375740543,0.2875557125410265,0.7433898447142335,0.0,0.0,0.0,0,0,2.068181423784796,2.063819200543993,0.23671114598041199,0.012194512757236799,0.0128554437022191
fractal_dynamic_aave_hedged_lp,276,sideways,2025-05-20 22:00:00+00:00,2025-05-21 06:00:00+00:00,9,100546.20897847136,100736.6755203142,0.001894318480805346,0.0014370619951098451,3.0460304531420386,0.0485163031411023,62.78364706154798,-0.0008811557036608741,4.93112607736839,0.8746264756315937,2.226172322453035,0.0,0.0,0.0,0,0,2.0364564410021524,1.9973326174705064,0.23661220353950607,0.01909624038780679,0.0268888355656699
fractal_dynamic_aave_hedged_lp,277,high_vol_chop,2025-05-21 07:00:00+00:00,2025-05-22 08:00:00+00:00,26,100676.40410296766,100765.04514067849,0.0008804549437440023,0.00028162156650268777,0.09951749912766994,0.08162278996533567,1.2192366760549835,-0.002878296098537847,24.139461438632225,2.538659750089304,6.428358561110984,0.0,0.0,0.0,0,0,2.0264756609107164,1.948539698712504,0.2365296069920205,0.021139867360756712,0.0385927163030482
fractal_dynamic_aave_hedged_lp,278,uptrend,2025-05-22 09:00:00+00:00,2025-05-22 10:00:00+00:00,2,100822.71405055343,100820.73242465,-1.965455822217077e-05,0.0005526448570907228,10.244913112383124,0.03917718685182631,261.50201011447916,-1.965455822217077e-05,1.0925250888230948,0.20283188059271612,0.4945227867252973,0.0,0.0,0.0,0,0,1.9504879205202026,1.947416148313852,0.23615449627025076,0.037037204625977205,0.0377933234406489
fractal_dynamic_aave_hedged_lp,279,high_vol_chop,2025-05-22 11:00:00+00:00,2025-05-22 16:00:00+00:00,6,100851.94198413768,100827.8919151756,-0.00023846907148172836,7.101208604032294e-05,0.10923874486707219,0.042903231640008935,2.546165887541273,-0.0008095567723530595,4.10158647051685,0.6070994633379065,1.483597218886215,0.0,0.0,0.0,0,0,1.9550275907179122,1.9467477976541432,0.23617778075966434,0.036132768417072816,0.0389787078254476
fractal_dynamic_aave_hedged_lp,280,uptrend,2025-05-22 17:00:00+00:00,2025-05-22 18:00:00+00:00,2,100811.00482157712,100832.1686719926,0.00020993591377171938,4.241640617252962e-05,0.20415721909484885,0.024978264790386475,8.173394781747369,0.0,0.6618626376857719,0.20272670994601671,0.49454202602144726,0.0,0.0,0.0,0,0,1.9515709008790578,1.9513937479232035,0.23614678682507806,0.0368064023250124,0.0370482525057899
fractal_dynamic_aave_hedged_lp,282,uptrend,2025-05-22 20:00:00+00:00,2025-05-22 21:00:00+00:00,2,100763.08542312648,100797.1798884189,0.0003383626568127518,0.00041687726866213026,5.206157533089068,0.017198908781582957,302.7027818569489,0.0,0.4032569015607804,0.201158295519151,0.4945492409504748,0.0,0.0,0.0,0,0,1.9668177345297069,1.9648718457583385,0.2362409286883606,0.0337647299104594,0.0345720123866522
fractal_dynamic_aave_hedged_lp,283,sideways,2025-05-22 22:00:00+00:00,2025-05-23 10:00:00+00:00,13,100831.7166623542,100767.99383173922,-0.0006319720889842451,-0.0002895523139835321,-0.17728214851237756,0.03569767174634376,-4.966210395234956,-0.0009899906604601272,5.670573928430258,1.326064675775658,3.214687312290779,0.0,0.0,0.0,0,0,1.939532065771314,1.9069670390706372,0.23612401024067603,0.039837062133096984,0.0477706158102173
fractal_dynamic_aave_hedged_lp,284,high_vol_chop,2025-05-23 11:00:00+00:00,2025-05-23 22:00:00+00:00,12,100651.95150732924,100679.52220484776,0.00027392114216984176,-0.000877973486692829,-0.47334108797614693,0.056794939071340776,-8.334212444203484,-0.0012467908302187247,9.624963339988426,1.171001226703218,2.9675840594135496,0.0,0.0,0.0,0,0,2.0274618572905996,2.009924799332802,0.23639109760532862,0.02029249868889742,0.0248211274152606
fractal_dynamic_aave_hedged_lp,285,downtrend,2025-05-23 23:00:00+00:00,2025-05-24 05:00:00+00:00,7,100613.52794916814,100700.25437950892,0.0008619758407097944,0.00020592245778616736,0.293912686297908,0.05777547397754709,5.087153182198547,-0.0006252488622365826,1.7408793963536482,0.677243712049626,1.731170676834468,0.0,0.0,0.0,0,0,2.0450429148972935,2.0280507310551306,0.2364220150133867,0.016422635219331645,0.0207849751189235
fractal_dynamic_aave_hedged_lp,286,high_vol_chop,2025-05-24 06:00:00+00:00,2025-05-24 10:00:00+00:00,5,100673.8354641737,100713.81943983436,0.00039716352790497567,0.0001347073094208895,0.2661633091666984,0.05259955935461982,5.060181348141299,-0.0007057486948010006,0.8124342398646147,0.4869221847242633,1.2365865640342368,0.0,0.0,0.0,0,0,2.031711031401828,2.0195040205900527,0.23638219269721322,0.019386585767622637,0.0221906376180879
fractal_dynamic_aave_hedged_lp,287,sideways,2025-05-24 11:00:00+00:00,2025-05-27 15:00:00+00:00,77,100777.98495834703,100838.76114204116,0.0006030700427206437,0.0012405616518345042,0.15147825551974892,0.04163208583286251,3.6384978674351873,-0.001941258411846447,23.540586300679024,7.510116802618452,19.093692945809135,0.0,0.0,0.0,0,0,2.034570965284122,1.9458085169249284,0.23632382481571607,0.01882640212440539,0.0385565313387449
fractal_dynamic_aave_hedged_lp,288,uptrend,2025-05-27 16:00:00+00:00,2025-05-27 19:00:00+00:00,4,100892.80918095856,100832.6718115388,-0.0005960520864464192,-6.0386803977019454e-05,-0.12387902114050575,0.06971591725545968,-1.7769115865832545,-0.0012648508963254423,2.6227968204834724,0.41402549578264325,1.0012781549979262,0.0,0.0,0.0,0,0,1.9347509599726975,1.925879817508012,0.23584185188636003,0.04019586763452421,0.0422816719398061
fractal_dynamic_aave_hedged_lp,289,sideways,2025-05-27 20:00:00+00:00,2025-05-29 12:00:00+00:00,41,100915.8677957896,100951.69280637102,0.0003549987862554449,0.001180381246414397,0.28666011334448926,0.05242046290718979,5.468477335883504,-0.001374831871972737,20.059223720785212,4.243651780133229,10.307224614626955,0.0,0.0,0.0,0,0,1.9435676330215177,1.87431060432249,0.23588396300973366,0.03865399071412587,0.0553172867677461
fractal_dynamic_aave_hedged_lp,290,high_vol_chop,2025-05-29 13:00:00+00:00,2025-05-29 22:00:00+00:00,10,100926.03501564972,100950.20058522144,0.00023943841217954898,-1.4781536674446372e-05,-0.01286524781194498,0.06063091206227374,-0.21218958076584996,-0.00085786036015989,8.192739318238182,1.027601150111486,2.5154075043733664,0.0,0.0,0.0,0,0,1.958311441388311,1.943697291039265,0.23580769829125464,0.034593029259252,0.0390780491870169
fractal_dynamic_aave_hedged_lp,295,sideways,2025-05-30 03:00:00+00:00,2025-05-30 15:00:00+00:00,13,100888.54597730916,100922.30649406736,0.0003346318100947432,0.0008559874292815017,0.7798998689668877,0.04255481455013934,18.326947895589736,-0.0011900648620856158,8.624192581764873,1.3236358918243107,3.285386195056412,0.0,0.0,0.0,0,0,1.985768425517714,1.964693960979765,0.23585614852521836,0.028335198881903625,0.0331522158629312
fractal_dynamic_aave_hedged_lp,296,high_vol_chop,2025-05-30 16:00:00+00:00,2025-05-30 23:00:00+00:00,8,100848.27919253267,100731.26562316768,-0.0011602931681322648,-0.0018929499090560853,-0.8744114842455935,0.058814772837393996,-14.867208391046427,-0.0015483665928690549,6.047818776356053,0.7958279097589473,2.02188153854088,0.0,0.0,0.0,0,0,2.0326146845906257,2.014907002112526,0.23593995445966431,0.01768333415170454,0.0229455862592708
fractal_dynamic_aave_hedged_lp,297,sideways,2025-05-31 00:00:00+00:00,2025-05-31 01:00:00+00:00,2,100810.6769202922,100730.06558413673,-0.0007996309380920996,-1.191327264205011e-05,-0.05084241934325473,0.10509494026234366,-0.4837760906123467,-0.0007996309380920996,1.9768633791468346,0.195138899496354,0.5054829349351697,0.0,0.0,0.0,0,0,2.072368959145664,2.061343058479074,0.23606955522326228,0.009276012125192,0.0111235834066506
fractal_dynamic_aave_hedged_lp,299,sideways,2025-05-31 03:00:00+00:00,2025-06-03 08:00:00+00:00,78,100716.11256367188,100854.42179466553,0.0013732582351826395,0.000896940166170701,0.10593168253601948,0.05355065215962712,1.9781585893716422,-0.0019295013255785642,29.494146539630037,7.685291499124393,19.70215504645102,0.0,0.0,0.0,0,0,2.0512797529360833,1.9630900806448333,0.23598971581873038,0.014240151978199004,0.0338679483651008
fractal_dynamic_aave_hedged_lp,300,uptrend,2025-06-03 09:00:00+00:00,2025-06-03 10:00:00+00:00,2,100888.30824906864,100919.82838295837,0.0003124260326767825,0.0006485247461534005,16.109223541253705,0.001559747853861655,10328.094699005462,0.0,0.6792381888881208,0.202074094847629,0.5021986386518478,0.0,0.0,0.0,0,0,1.988186526707142,1.9871893160936307,0.23567762503855177,0.027562623846353648,0.028103214211079
fractal_dynamic_aave_hedged_lp,301,sideways,2025-06-03 11:00:00+00:00,2025-06-05 19:00:00+00:00,57,100976.95735970442,100859.12414048352,-0.0011669317664341206,-0.0006015095690065086,-0.08832374631277351,0.043030548134302606,-2.052582412780482,-0.0017164243530175538,29.636561544741653,5.7243655017197295,14.224043202310758,0.0,0.0,0.0,0,0,1.9880194775660802,1.9477306046099767,0.23558512015479038,0.02727285608322601,0.0363288720640804
fractal_dynamic_aave_hedged_lp,302,downtrend,2025-06-05 20:00:00+00:00,2025-06-06 09:00:00+00:00,14,100763.68584668376,100836.246443667,0.0007201066175133164,-0.0002268282320659898,-0.13233168633852976,0.063598500440718,-2.080735951657853,-0.0009733109978281584,11.394987248153484,1.312350954236872,3.4920902437432915,0.0,0.0,0.0,0,0,2.1289155711266607,2.1053166641743903,0.2359858675848436,0.003305250097913785,0.011755442018482
fractal_dynamic_aave_hedged_lp,304,downtrend,2025-06-06 11:00:00+00:00,2025-06-06 12:00:00+00:00,2,100854.62843626906,100816.77616329324,-0.00037531517950850635,0.00029057232262363897,2.569844017362218,0.06892497268020166,37.2846577580203,-0.00037531517950850635,0.8659701271717495,0.19014874659386027,0.4988920230231074,0.0,0.0,0.0,0,0,2.0989651019607924,2.098625326894939,0.23576477135719776,0.0026163856086719502,0.0028941865151357
fractal_dynamic_aave_hedged_lp,305,high_vol_chop,2025-06-06 13:00:00+00:00,2025-06-06 19:00:00+00:00,7,100884.24274098984,100883.56629628791,-6.705157153841235e-06,0.0006624902673588728,1.290533473403534,0.06799437098405949,18.980004590469484,-0.001133487701951874,3.29922826081156,0.6723893052773101,1.7461605614535292,0.0,0.0,0.0,0,0,2.077604133119471,2.062753449617869,0.23575482302909387,0.0076071197014335856,0.0114993991540634
fractal_dynamic_aave_hedged_lp,306,sideways,2025-06-06 20:00:00+00:00,2025-06-09 21:00:00+00:00,74,100830.10444736596,101002.24326504851,0.0017072164967597558,0.0011763756290303906,0.14932589699509635,0.047404858597622244,3.1500124968748735,-0.001506645718533095,19.7132615674127,7.144862781841753,18.463073325924586,0.0,0.0,0.0,0,0,2.0675493586876375,1.9670156452892935,0.2356502383363327,0.009697058352220482,0.0318128817443692
fractal_dynamic_aave_hedged_lp,307,uptrend,2025-06-09 22:00:00+00:00,2025-06-10 20:00:00+00:00,23,100997.59040230064,101102.14310702893,0.001035199991522795,0.0009890853782155151,0.4572139223644489,0.0647534474373339,7.060842942870716,-0.0011750634196999732,14.774037753233642,2.3916941921442887,5.727669025008463,0.0,0.0,0.0,0,0,1.9161934732967736,1.8750648051303136,0.23504735924104944,0.04292293634562814,0.053703729006836
fractal_dynamic_aave_hedged_lp,309,uptrend,2025-06-10 22:00:00+00:00,2025-06-10 23:00:00+00:00,2,101205.00026789022,101156.25445607385,-0.0004816541839568478,-0.0003116800213819326,-0.7447141252174534,0.04313120682196829,-17.266248271034776,-0.0004816541839568478,2.558117240111187,0.21518824190717822,0.49798985781364946,0.0,0.0,0.0,0,0,1.8513832480206163,1.847161823430884,0.23485704252817913,0.05855763587040255,0.0601475062050136
fractal_dynamic_aave_hedged_lp,310,sideways,2025-06-11 00:00:00+00:00,2025-06-11 15:00:00+00:00,16,101259.7669686464,101297.65399155332,0.00037415672622120866,0.0013978328501758064,1.1485196997062501,0.04043748768028881,28.402350531437545,-0.0012331484667886805,10.717743053668983,1.7119088507658144,3.9840940502130064,0.0,0.0,0.0,0,0,1.8619890700437358,1.8154801230727864,0.23476905048586333,0.05515930019722627,0.0661659520202896
fractal_dynamic_aave_hedged_lp,312,sideways,2025-06-11 17:00:00+00:00,2025-06-12 14:00:00+00:00,22,101300.40967692978,101184.33695452088,-0.0011458267817383572,-0.0008367481857551873,-0.2834572616962495,0.05195793952482711,-5.455513907760043,-0.0016300746164439328,14.082616681359923,2.3339743486598574,5.478664650919892,0.0,0.0,0.0,0,0,1.8780670384861233,1.8382661448215547,0.23478172172148035,0.051277897402329624,0.0599353188634381
fractal_dynamic_aave_hedged_lp,314,sideways,2025-06-12 16:00:00+00:00,2025-06-12 19:00:00+00:00,4,101126.41441213056,101184.2737354714,0.0005721484705771829,-0.00028572049787234377,-0.4651758613959134,0.08221054115310436,-5.6583481250852685,-0.0007409235690161164,3.0357852056663432,0.4188173338201323,0.9961889838072406,0.0,0.0,0.0,0,0,1.9030230566974917,1.8834538558527083,0.23483455073497242,0.04535762415850578,0.0494557869352185
fractal_dynamic_aave_hedged_lp,315,downtrend,2025-06-12 20:00:00+00:00,2025-06-12 21:00:00+00:00,2,101019.79275215456,101140.33090097856,0.0011932131866447815,-0.0004342852191411284,-0.8508171316892024,0.18655074898340862,-4.560781108227403,0.0,2.31959191938995,0.2019962705727307,0.4981017927704191,0.0,0.0,0.0,0,0,1.9727287916086462,1.9705666280248828,0.23504245472805024,0.02929220642244485,0.0309567011989951
fractal_dynamic_aave_hedged_lp,316,sideways,2025-06-12 22:00:00+00:00,2025-06-12 23:00:00+00:00,2,101108.36151634164,101167.5512025742,0.0005854084206775578,0.00026913399781447467,2.2499782706809683,0.059662538483811034,37.711742206401134,0.0,0.8114570905854634,0.20234274262733848,0.4981066600783667,0.0,0.0,0.0,0,0,1.9693682184575745,1.9684265904287024,0.23490584649943919,0.0290596018743702,0.0293736449312708
fractal_dynamic_aave_hedged_lp,317,downtrend,2025-06-13 00:00:00+00:00,2025-06-13 19:00:00+00:00,20,100938.08233586022,101016.72027276078,0.0007790710411843538,-0.0014909022509739245,-0.47977947002903576,0.08035034914034109,-5.9710937807008895,-0.0011091884503459104,20.94130146250336,1.9364342274131354,4.981334313184643,0.0,0.0,0.0,0,0,2.058071406459,2.03009389657515,0.2352890945928343,0.010640109479734339,0.0176245115727981
fractal_dynamic_aave_hedged_lp,318,high_vol_chop,2025-06-13 20:00:00+00:00,2025-06-13 23:00:00+00:00,4,100988.466826897,101026.61762336944,0.0003777737960695138,9.797735050121048e-05,0.23931633739802294,0.02726514072134415,8.777374004553636,-7.701291864226079e-05,1.4745487822988252,0.3926987006913957,0.9963252750886831,0.0,0.0,0.0,0,0,2.029760453557123,2.017118747029272,0.23520893435473256,0.016940114290631126,0.0194779205787013
fractal_dynamic_aave_hedged_lp,319,sideways,2025-06-14 00:00:00+00:00,2025-06-16 19:00:00+00:00,68,101078.2836762072,101169.28901591002,0.0009003451225424453,0.0014122158684204411,0.19937224822531907,0.04534509816446232,4.396776196232172,-0.0016756247621910747,25.604461654393162,6.677090440505127,16.9870822459088,0.0,0.0,0.0,0,0,2.035942737768241,1.956364243746168,0.23507871030582428,0.014934102925211327,0.0322590334223309
fractal_dynamic_aave_hedged_lp,320,uptrend,2025-06-16 20:00:00+00:00,2025-06-16 21:00:00+00:00,2,101199.5313054462,101207.18126533816,7.559283914937431e-05,0.00037454300407491203,4.156155357101676,0.01478064264986483,281.18908328655687,0.0,1.1722020167562732,0.2056125429008813,0.5029932889542773,0.0,0.0,0.0,0,0,1.9570923416703148,1.949459175454584,0.23466300789971106,0.03141825041722885,0.0334096265721864
fractal_dynamic_aave_hedged_lp,322,high_vol_chop,2025-06-16 23:00:00+00:00,2025-06-17 14:00:00+00:00,16,101039.848125166,101139.45479549067,0.0009858157169959636,0.0009436498037413976,0.6759910354620702,0.037715830094332894,17.923270779704865,-0.0012327444461035508,9.556537380392456,1.5870438099046797,4.015411482914503,0.0,0.0,0.0,0,0,2.0242458147321707,1.995258667542352,0.2348967068283812,0.016840670023793393,0.0241137093937105
fractal_dynamic_aave_hedged_lp,323,downtrend,2025-06-17 15:00:00+00:00,2025-06-17 18:00:00+00:00,4,101021.77557099971,100930.70875494234,-0.0009014572901994145,-0.0020639427112832953,-0.9891620944010681,0.05648554530111036,-17.51177383750288,-0.0010424450382832129,4.2507494903561565,0.3827424128580564,1.0037567117782698,0.0,0.0,0.0,0,0,2.0981396792985927,2.0832133026138666,0.2351118838552786,0.0038041343173576747,0.0056308095342921
fractal_dynamic_aave_hedged_lp,327,sideways,2025-06-17 22:00:00+00:00,2025-06-20 21:00:00+00:00,72,101083.784932679,100982.9514245804,-0.0009975240654646056,-0.0003159709910948161,-0.037719424183426886,0.04377192775802818,-0.8617263647134845,-0.0019494814700848906,35.03014392173691,6.930007536485743,17.961766453875523,0.0,0.0,0.0,0,0,2.073822210168227,2.039539303132861,0.2349259173812267,0.007366999847026138,0.0137957068386072
fractal_dynamic_aave_hedged_lp,329,sideways,2025-06-20 23:00:00+00:00,2025-06-21 20:00:00+00:00,22,100869.69539231938,100945.19565484716,0.000748493016005769,0.00043118162844346664,0.18726421439573016,0.04217725911113884,4.4399332327945045,-0.0008591209369144259,7.433516040890935,2.0439960885571273,5.497437490645177,0.0,0.0,0.0,0,0,2.151750478312508,2.1300450009273577,0.23512023859552322,0.00998687998916033,0.0172717621545042
fractal_dynamic_aave_hedged_lp,331,high_vol_chop,2025-06-21 22:00:00+00:00,2025-06-22 00:00:00+00:00,3,100752.69445870628,100813.21584628086,0.0006006924966099891,0.000771176025146536,8.496906930927127,0.04643670173027716,182.97826103758493,-0.0001900109041185205,7.058692358788903,0.2640107395610983,0.7497001297255093,0.0,0.0,0.0,0,0,2.2717449750228957,2.2681208200674314,0.23556388914374693,0.0326290561937936,0.0336230566175568
fractal_dynamic_aave_hedged_lp,332,downtrend,2025-06-22 01:00:00+00:00,2025-06-22 20:00:00+00:00,20,100779.02692159831,100619.67758946597,-0.001581175538203139,-0.0019197706886964205,-0.569008850938735,0.04698007143443549,-12.111706805998221,-0.0021565493790249857,17.865431217252535,1.7186611800021625,4.998282353904283,0.0,0.0,0.0,0,0,2.3274063533243656,2.2757866651819394,0.23574066508032487,0.04266591580895766,0.0545006754292829
fractal_dynamic_aave_hedged_lp,333,high_vol_chop,2025-06-22 21:00:00+00:00,2025-06-23 12:00:00+00:00,16,100601.13139974052,100696.23068659236,0.0009453103114114292,0.000760816362766592,0.5164750278832642,0.0406296306498026,12.711782500188036,-0.0008378368829227156,8.886013234814527,1.3770420276332227,3.9989783788313966,0.0,0.0,0.0,0,0,2.3234153216769835,2.298501545426256,0.23569417347343613,0.04206454066768561,0.0539016352141154
fractal_dynamic_aave_hedged_lp,334,sideways,2025-06-23 13:00:00+00:00,2025-06-23 16:00:00+00:00,4,100756.27657806006,100642.0238413156,-0.0011339515574093628,-0.0005383205002525981,-0.6924874342648064,0.09453308902331684,-7.325344399715982,-0.0020012826835908992,5.63355293808263,0.34702369779914066,0.9997935556419264,0.0,0.0,0.0,0,0,2.305194353416541,2.269491453579532,0.23557206842467873,0.039097821064024,0.045251643411366
fractal_dynamic_aave_hedged_lp,336,uptrend,2025-06-23 18:00:00+00:00,2025-06-24 19:00:00+00:00,26,100836.55578186022,101017.41235262444,0.0017935615646715863,0.0026921079413060323,1.4739462852699234,0.058423589330374136,25.228615738328592,-0.0010750532156320602,19.692616267438098,2.405406145274822,6.510821577878965,0.0,0.0,0.0,0,0,2.166003784054056,2.1008310282540266,0.2349402594988346,0.013755098487401921,0.0309498512607153
fractal_dynamic_aave_hedged_lp,337,high_vol_chop,2025-06-24 20:00:00+00:00,2025-06-24 21:00:00+00:00,2,101023.30380138045,101048.85148884924,0.00025288905141152007,0.00031122492145274627,2.9077160562097903,0.012876810783281411,225.81026506850745,0.0,0.6366263223749229,0.18835266190392058,0.5011357758077735,0.0,0.0,0.0,0,0,2.128512009570498,2.126624712094852,0.23487430309089274,0.00563825632024865,0.0063055361927216
fractal_dynamic_aave_hedged_lp,338,sideways,2025-06-24 22:00:00+00:00,2025-06-30 14:00:00+00:00,137,101079.78418314354,101208.48621384066,0.001273271720326763,0.0015797777276966851,0.1062034299721597,0.04291057340114173,2.47499442571732,-0.0017997764652175618,41.056296237835795,13.148636890092956,35.07248808616167,0.0,0.0,0.0,0,0,2.1341733456439727,2.0697292082823,0.23463897658432703,0.008201688406756785,0.0161986848220623
fractal_dynamic_aave_hedged_lp,339,high_vol_chop,2025-06-30 15:00:00+00:00,2025-06-30 21:00:00+00:00,7,101226.64082860076,101246.451154125,0.00019570268619073516,0.0003751161755758403,0.5989434640074889,0.06141141953025075,9.752965630642269,-0.0008094980482548086,2.9348643316484413,0.6939575672572587,1.81644859956611,0.0,0.0,0.0,0,0,2.0940897945345163,2.072643612685172,0.23429944672747247,0.0019982106258413287,0.0049020942914173
fractal_dynamic_aave_hedged_lp,340,sideways,2025-06-30 22:00:00+00:00,2025-07-02 15:00:00+00:00,42,101239.74874455848,101188.45160691752,-0.0005066896972492074,-0.000572855112907944,-0.11264969745645126,0.05393611904532901,-2.088576253730421,-0.002286533159819082,12.639814198242675,4.066520119405533,10.839388820064329,0.0,0.0,0.0,0,0,2.1327026317429185,2.0866879948843056,0.23442937634404334,0.008128024857520053,0.0173334022064651
fractal_dynamic_aave_hedged_lp,341,uptrend,2025-07-02 16:00:00+00:00,2025-07-03 14:00:00+00:00,23,101272.85979241913,101384.76426807916,0.0011049799115914194,0.0019400698206577527,1.0921614179512389,0.0654830673447258,16.678531752364602,-0.0012341071425937544,12.352365631069006,2.3252726521118574,5.859219782733676,0.0,0.0,0.0,0,0,2.0159141656408694,1.9868019423431635,0.23395993075047936,0.016251161578724308,0.0221239496978902
fractal_dynamic_aave_hedged_lp,342,sideways,2025-07-03 15:00:00+00:00,2025-07-09 18:00:00+00:00,148,101378.03461483726,101528.22192502342,0.0014814580964876978,0.0014149823987836818,0.08729445929891999,0.051050347181109325,1.7099679849233707,-0.0021126348069072654,39.79869539017045,14.695847717397594,37.49332215072125,0.0,0.0,0.0,0,0,2.041563270560448,1.9202388659687852,0.2338416576131912,0.010375772087884635,0.037708814292658
fractal_dynamic_aave_hedged_lp,343,uptrend,2025-07-09 19:00:00+00:00,2025-07-10 11:00:00+00:00,17,101655.01651197184,101654.45534864426,-5.520271864956072e-06,0.0012433333434527238,0.8970203097034652,0.06186287581939011,14.500139183996778,-0.0012186282340245214,6.561460454744065,1.8204904054466553,4.280297237009558,0.0,0.0,0.0,0,0,1.8809957935231656,1.8669911102755457,0.23313787126657437,0.04600337543859053,0.0503431616116244
fractal_dynamic_aave_hedged_lp,344,sideways,2025-07-10 12:00:00+00:00,2025-07-10 13:00:00+00:00,2,101613.53115230084,101624.52231885504,0.00010816636750599073,-0.0002944586116423453,-0.7247068205577494,0.03380209053517097,-21.43970414503488,0.0,0.34119979681554463,0.2145596027393726,0.5032445155776564,0.0,0.0,0.0,0,0,1.8763929589928114,1.874233043042565,0.2331632189591531,0.0475411405296068,0.0480116798793805
fractal_dynamic_aave_hedged_lp,347,uptrend,2025-07-10 16:00:00+00:00,2025-07-10 17:00:00+00:00,2,101638.56361251566,101643.89884001312,5.2492157581074395e-05,0.00017265019154888428,1.1300438508921276,0.004477816419841594,252.36493525835607,0.0,1.3760646109722074,0.21752120979629208,0.50325441968665,0.0,0.0,0.0,0,0,1.850907529504131,1.843688484888814,0.2331080456378559,0.0539252001021497,0.0558105738738045
fractal_dynamic_aave_hedged_lp,348,sideways,2025-07-10 18:00:00+00:00,2025-07-10 20:00:00+00:00,3,101662.6904000244,101669.47642081304,6.675035612313529e-05,0.00025163911549852536,1.084843478742357,0.03542099232092677,30.62713401457785,-0.00033477005996285225,1.282936154822437,0.32584617085503176,0.7548909147844356,0.0,0.0,0.0,0,0,1.8533790482272199,1.851304969512595,0.2330769979940619,0.053044594719769696,0.0537109137284686
fractal_dynamic_aave_hedged_lp,349,uptrend,2025-07-10 21:00:00+00:00,2025-07-11 20:00:00+00:00,24,101880.03748475344,101864.99352437149,-0.00014766347513572864,0.0019230659037641207,1.0162613921363413,0.08427504435251656,12.058865111780797,-0.0031350340754560113,21.35780054885845,2.5435739212675306,6.039528460346532,15.0,1.895684360698203,1895.684360698203,1,0,1.9066301591900754,1.884588813687254,0.21400192723304104,0.003742210544134029,0.0078540949897005
fractal_dynamic_aave_hedged_lp,350,sideways,2025-07-11 21:00:00+00:00,2025-07-15 14:00:00+00:00,90,101793.90067643386,101797.96559214043,3.993280225600415e-05,-0.0006580075245864458,-0.06205798198644308,0.0599998543496151,-1.0343022105493025,-0.002106372880799512,34.126356436568585,9.53471249656535,22.73519842582408,0.0,0.0,0.0,0,0,1.907874298046487,1.8539804075792143,0.2138363042959352,0.0038445249238739363,0.0138365028115999
fractal_dynamic_aave_hedged_lp,351,high_vol_chop,2025-07-15 15:00:00+00:00,2025-07-16 00:00:00+00:00,10,101930.1551112176,102026.7882839953,0.0009480332161984073,0.0022478120316438144,6.148292992514422,0.05647644833143278,108.86472457391591,-0.0008166964781587405,7.20517928893878,1.1047413247609574,2.5510980863670447,0.0,0.0,0.0,0,0,1.8476310484876666,1.8094945305248893,0.21349362530508684,0.01599966437092934,0.0250998653166654
fractal_dynamic_aave_hedged_lp,354,uptrend,2025-07-16 03:00:00+00:00,2025-07-16 12:00:00+00:00,10,102007.2847390252,102118.7774087514,0.0010929873293994419,0.0007123705693377058,0.8660323738095757,0.05462712499107559,15.853522841464914,-0.0006400325154555242,2.742610736008373,1.1235952784298873,2.5354764893720465,0.0,0.0,0.0,0,0,1.8053182031905355,1.7966780562502156,0.21326330011152525,0.02565974809585696,0.0289529299403658
fractal_dynamic_aave_hedged_lp,356,uptrend,2025-07-16 14:00:00+00:00,2025-07-17 15:00:00+00:00,26,102156.30774850518,102271.05806222466,0.0011232817262931682,0.0023523841510135757,1.207016819324528,0.07549979114258273,15.9870219646708,-0.001573140758218683,35.99376909297325,3.1325276825068435,6.592859447320185,0.0,0.0,0.0,0,0,1.6842485883418448,1.6405239397231297,0.21285405239451666,0.056979842674602384,0.0682530928836624
fractal_dynamic_aave_hedged_lp,357,sideways,2025-07-17 16:00:00+00:00,2025-07-18 00:00:00+00:00,9,102276.30010095952,102290.8401252412,0.00014216415990153664,0.00019342777312902903,0.2071370639797745,0.0924416038485032,2.2407342079356236,-0.0012834124385848744,9.041176524822731,1.1061681863696653,2.2800042118535337,15.0,2.181972034350043,2181.9720343500426,1,0,1.665847622273775,1.6347493505034878,0.210296890192524,0.05739557201217931,0.0688965173618918
fractal_dynamic_aave_hedged_lp,358,uptrend,2025-07-18 01:00:00+00:00,2025-07-18 06:00:00+00:00,6,102443.27708571216,102521.40300060192,0.0007626260806201657,0.0022539933690874925,25.765858200438306,0.06721876205403234,383.31348886977395,-0.000631715563111368,5.62137864316901,0.7034299697972803,1.507593189409294,0.0,0.0,0.0,0,0,1.714661560619119,1.6937297108350613,0.1909335250927777,0.00931756932637695,0.0152986123483622
fractal_dynamic_aave_hedged_lp,359,high_vol_chop,2025-07-18 07:00:00+00:00,2025-07-18 10:00:00+00:00,4,102527.336781167,102456.8513598243,-0.0006874792963085241,-0.0006296406300373425,-0.7482571809468038,0.052139533859243366,-14.351052369720252,-0.0010460786259762767,2.506952204098525,0.4670831424438774,1.0050867941155321,0.0,0.0,0.0,0,0,1.7214850883441408,1.7173210227509126,0.19091973408046697,0.007313804682933575,0.0090989088644234
fractal_dynamic_aave_hedged_lp,360,uptrend,2025-07-18 11:00:00+00:00,2025-07-18 13:00:00+00:00,3,102464.48166769918,102582.09085411984,0.0011478044343413707,0.0012223632937506945,34.41449156759157,0.10078936798184066,341.449621688193,-0.0004632110447065907,4.974990574741696,0.3519699053809582,0.7538280464795244,0.0,0.0,0.0,0,0,1.713423485812337,1.708770586073251,0.1908615836000471,0.009183050302828533,0.0114866629063402
fractal_dynamic_aave_hedged_lp,361,high_vol_chop,2025-07-18 14:00:00+00:00,2025-07-18 15:00:00+00:00,2,102519.4360464276,102400.28724346156,-0.0011622069683653313,-0.0017722743721108047,-0.9995775538532389,0.036494483420857794,-27.38982608209622,-0.0011622069683653313,5.397989452565071,0.2310923637235724,0.5025581981690119,0.0,0.0,0.0,0,0,1.7397901377693656,1.7345221056635711,0.19091088083044874,0.00214822708350075,0.0027079844554646
fractal_dynamic_aave_hedged_lp,362,uptrend,2025-07-18 16:00:00+00:00,2025-07-18 17:00:00+00:00,2,102453.89141411436,102468.70017923004,0.000144540777429647,0.000668093201787956,17.639279511915888,0.025078577702541745,703.3604425711959,0.0,2.105500416270388,0.2319091431650168,0.5025631319716513,0.0,0.0,0.0,0,0,1.733688283766883,1.7271710817480823,0.1909058879172377,0.0038545827906325,0.0055819975115899
fractal_dynamic_aave_hedged_lp,363,high_vol_chop,2025-07-18 18:00:00+00:00,2025-07-19 00:00:00+00:00,7,102520.52565016788,102497.98260570753,-0.0002198881084288784,0.00028576947327607627,0.4298492154645228,0.09193406087873186,4.675625240045984,-0.0017625191099158721,7.046016942842016,0.8019481742451227,1.7590098162958752,0.0,0.0,0.0,0,0,1.754789535486325,1.7403199199716912,0.19092421503356194,0.0022575458593092714,0.0054671670233817
fractal_dynamic_aave_hedged_lp,364,sideways,2025-07-19 01:00:00+00:00,2025-07-20 10:00:00+00:00,34,102393.0112808498,102602.8026653712,0.0020488838241701224,0.001022654856212002,0.3012812825893725,0.06548002088859517,4.6011176920966355,-0.001397782259167868,11.383331447981618,3.95061385851886,8.544621755940677,0.0,0.0,0.0,0,0,1.7306163528243774,1.6760080103456885,0.19082088952079507,0.00491144145810362,0.0189471709774548
fractal_dynamic_aave_hedged_lp,365,uptrend,2025-07-20 11:00:00+00:00,2025-07-20 18:00:00+00:00,8,102655.54454171694,102652.16768189182,-3.2895055402937246e-05,0.0004811273692164608,0.6933482343345319,0.05942650534715283,11.667323028406056,-0.000899080014525433,5.259186859573674,0.9730931917960295,2.010706491328819,0.0,0.0,0.0,0,0,1.653107994351454,1.633094304853495,0.19051151537239688,0.024584563844496237,0.0290488423726306
fractal_dynamic_aave_hedged_lp,366,sideways,2025-07-20 19:00:00+00:00,2025-07-20 20:00:00+00:00,2,102746.18293360731,102687.17227702284,-0.0005743342954415143,0.0003410020063043806,3.4519143162576933,0.09862354880955078,35.000913655252766,-0.0005743342954415143,1.4252154015166525,0.2421127474135371,0.5026889603059113,0.0,0.0,0.0,0,0,1.6610188197887936,1.6588447052125133,0.1903731807008469,0.021148953629233802,0.0213363642053341
fractal_dynamic_aave_hedged_lp,368,sideways,2025-07-20 22:00:00+00:00,2025-07-22 12:00:00+00:00,39,102671.5840181149,102629.01177759464,-0.0004146448204475073,0.00015099515821326293,0.034494886508023015,0.06787384926284783,0.5082205721740982,-0.002604399879932995,26.980343517264828,4.706099702846948,9.760206094289135,0.0,0.0,0.0,0,0,1.6594227855626134,1.619492407977931,0.19042756537245137,0.022420659736065808,0.0320706368623624
fractal_dynamic_aave_hedged_lp,369,high_vol_chop,2025-07-22 13:00:00+00:00,2025-07-23 03:00:00+00:00,15,102589.86011158914,102753.57753494938,0.001595844103717159,0.0012137479957876618,1.030737459278944,0.08450378278352219,12.197530398366172,-0.0018321325384634823,8.54220934572686,1.7918002669852557,3.7535212671336646,0.0,0.0,0.0,0,0,1.6759534575595465,1.660589809029788,0.19042942446672897,0.01791520559295539,0.0227390794893991
fractal_dynamic_aave_hedged_lp,370,sideways,2025-07-23 04:00:00+00:00,2025-07-24 06:00:00+00:00,27,102706.51511232808,102465.35934897204,-0.0023480084305489424,-0.002804945510333501,-0.5980098521143183,0.06884330479206707,-8.686536097018225,-0.0023480084305489424,13.952240217379767,3.1583411364421283,6.765218146177397,0.0,0.0,0.0,0,0,1.7139086412202138,1.6659142669306068,0.19053208394501933,0.008452296932127786,0.020106579280669
fractal_dynamic_aave_hedged_lp,371,high_vol_chop,2025-07-24 07:00:00+00:00,2025-07-24 12:00:00+00:00,6,102507.28378726084,102560.2199387418,0.0005164135613116017,0.0009257820435362163,2.8613486227958553,0.05221090532992151,54.803658444820094,-0.0005616773004085696,6.372462058719975,0.7041016804217911,1.5087011583302257,0.0,0.0,0.0,0,0,1.7142452327607873,1.7025246700592025,0.19054560414865587,0.00831411233529465,0.0113144477496761
fractal_dynamic_aave_hedged_lp,373,high_vol_chop,2025-07-24 14:00:00+00:00,2025-07-26 01:00:00+00:00,36,102650.67283030544,102804.15490806756,0.0014951882294609309,0.0011707678433312552,0.32939001773979326,0.05795330516875706,5.683714100181627,-0.002223163709753395,24.887654606823617,4.331792923494395,9.144426125882491,0.0,0.0,0.0,0,0,1.688970726365371,1.6633932420535589,0.19032187438795276,0.014082276006241571,0.021052743910951
fractal_dynamic_aave_hedged_lp,374,sideways,2025-07-26 02:00:00+00:00,2025-08-01 05:00:00+00:00,148,102758.31304278623,102797.88056648128,0.0003850542357441977,-6.103198447326985e-05,-0.0036060265307640282,0.06159935733351197,-0.058540002475029676,-0.0027063617812825846,67.17877324529582,18.39807950683501,37.73421067382944,0.0,0.0,0.0,0,0,1.6411271603849527,1.58468021526185,0.18988610330398778,0.025930822841481693,0.0413044047418698
fractal_dynamic_aave_hedged_lp,375,downtrend,2025-08-01 06:00:00+00:00,2025-08-01 11:00:00+00:00,6,102734.3928723156,102848.39001346656,0.0011096297740587069,0.000491347163063649,1.0486697451093625,0.07216233815126251,14.532092113079843,-0.0006563154704621876,3.0624722111087976,0.7107616848395217,1.5241816175240674,0.0,0.0,0.0,0,0,1.715606818452322,1.7016370686809894,0.1899579490237269,0.0058069597777759665,0.0102345975925037
fractal_dynamic_aave_hedged_lp,378,sideways,2025-08-01 14:00:00+00:00,2025-08-01 15:00:00+00:00,2,102806.94011039636,102677.09283643274,-0.001263020510329227,0.000397616076484697,4.704254334657693,0.19363119820324745,24.294919301794604,-0.001263020510329227,3.639481901569525,0.2363863033232797,0.5080756419666284,0.0,0.0,0.0,0,0,1.7194938139853826,1.7154380607558644,0.1899903522306664,0.00504460566409445,0.0052021180650098
fractal_dynamic_aave_hedged_lp,379,downtrend,2025-08-01 16:00:00+00:00,2025-08-01 23:00:00+00:00,8,102704.91148267686,102554.73639553456,-0.0014621996647904423,-0.0011916624976232582,-0.7290032730079142,0.06091383401452488,-11.967778498954502,-0.001590262859894609,7.707445886044297,0.9212440157216817,2.0323529120582426,0.0,0.0,0.0,0,0,1.7651006240411253,1.7373573337406123,0.1901641149228985,0.006348209174307751,0.0148294105217257
fractal_dynamic_aave_hedged_lp,380,sideways,2025-08-02 00:00:00+00:00,2025-08-02 01:00:00+00:00,2,102522.8992362274,102571.57132081076,0.0004747435445735526,0.00016415551214787882,1.052261048150442,0.051964721684846754,20.24952725682139,0.0,0.5775371216986968,0.2292688741664757,0.5081008143119169,0.0,0.0,0.0,0,0,1.772951831853366,1.7727544842959415,0.1903399253504586,0.0068828378097924,0.0072000876726094
fractal_dynamic_aave_hedged_lp,382,sideways,2025-08-02 03:00:00+00:00,2025-08-02 06:00:00+00:00,4,102603.8283635228,102533.41740738726,-0.0006862410229575566,-0.0005991333860602133,-0.7308523956010828,0.08008724859393704,-9.125702386239944,-0.0013295493756099175,3.460366622865877,0.458478072279818,1.016221767210934,0.0,0.0,0.0,0,0,1.7732818886624169,1.764020264308983,0.19023569321760952,0.00777053221752555,0.0116571246562899
fractal_dynamic_aave_hedged_lp,383,high_vol_chop,2025-08-02 07:00:00+00:00,2025-08-02 11:00:00+00:00,5,102684.63955084867,102621.89969490988,-0.000610995531690306,0.0008629604841032812,3.5324144347638864,0.07878038123499662,44.83875781493022,-0.0011417496055652343,1.66989771807539,0.5706987271483274,1.2703055294922376,0.0,0.0,0.0,0,0,1.7807298127866562,1.771164849462709,0.19018076788156238,0.01021224915133348,0.012020220251915
fractal_dynamic_aave_hedged_lp,384,sideways,2025-08-02 12:00:00+00:00,2025-08-04 15:00:00+00:00,52,102618.674324678,102838.52761264743,0.0021424296251755237,0.0021109326409036733,0.4265174898280797,0.07131627460017452,5.980647365826313,-0.0025406644410341794,19.84529827031929,5.918721985737372,13.203674256782026,0.0,0.0,0.0,0,0,1.7851976468473252,1.7083886302305955,0.19016697632565327,0.011807432357900612,0.0257533528132076
fractal_dynamic_aave_hedged_lp,385,uptrend,2025-08-04 16:00:00+00:00,2025-08-04 18:00:00+00:00,3,102858.13203570216,102904.47262412128,0.00045052916577392743,0.000641248110068604,5.50027437262426,0.03658617880456038,150.33749225373228,-0.00016507079706273853,1.6777529289306585,0.3593662330388609,0.7606379911848111,0.0,0.0,0.0,0,0,1.693297887239965,1.6912083682015948,0.18962566241239584,0.010567414611888468,0.0117268350186988
fractal_dynamic_aave_hedged_lp,387,uptrend,2025-08-04 20:00:00+00:00,2025-08-04 23:00:00+00:00,4,102878.08927547892,102894.41962891928,0.00015873499940921576,-0.0003240724047258725,-0.5082739818608604,0.07247257061332031,-7.013329009298873,-0.0009723317620516925,1.2444374427004732,0.48365800052259666,1.0142065470960508,0.0,0.0,0.0,0,0,1.6775863357944978,1.6699537502635478,0.18963082757521585,0.015250213029708824,0.0182125429413835
fractal_dynamic_aave_hedged_lp,388,sideways,2025-08-05 00:00:00+00:00,2025-08-07 09:00:00+00:00,58,102917.4096946126,102860.04495979691,-0.0005573861116977552,-0.0003340770981193897,-0.04921335711401076,0.058548958079887366,-0.8405505192229278,-0.0027557868736215463,25.25506005358784,6.888486312161539,14.748079018938071,0.0,0.0,0.0,0,0,1.7130344011961374,1.6704152841529352,0.18972227834704058,0.006817435512019057,0.0180628513396577
fractal_dynamic_aave_hedged_lp,389,uptrend,2025-08-07 10:00:00+00:00,2025-08-07 14:00:00+00:00,5,102997.0058837106,102972.92425198382,-0.00023380904639092037,0.00109740659972557,5.831895536284805,0.0731964510638465,79.67456688846654,-0.0006733068684371402,6.137551321020965,0.6269016267763601,1.2740084477249904,0.0,0.0,0.0,0,0,1.6258189821783415,1.616085345579224,0.18935459553924197,0.02925378448917688,0.0320186692663144
fractal_dynamic_aave_hedged_lp,390,sideways,2025-08-07 15:00:00+00:00,2025-08-07 18:00:00+00:00,4,103009.77756816163,102981.51059926268,-0.00027441054205024074,8.338451433953509e-05,0.20033954785690233,0.033607401163110895,5.961173459517741,-0.0004866445560616217,3.872435223723187,0.5005933741848285,1.01922953345101,0.0,0.0,0.0,0,0,1.6288491164643637,1.6246856543334962,0.18938593989052013,0.028659502903051522,0.0294532760050628
fractal_dynamic_aave_hedged_lp,391,uptrend,2025-08-07 19:00:00+00:00,2025-08-08 07:00:00+00:00,13,103031.51082392184,103051.61056744595,0.00019508345906404934,0.0006807044077659086,0.5817534366335677,0.047102766775687546,12.350727493439816,-0.0012587424671685055,6.151668565540604,1.658168383442235,3.312635803665502,0.0,0.0,0.0,0,0,1.5982659057026682,1.5829639403683304,0.18916134372485557,0.03626580727231602,0.0408668074119434
fractal_dynamic_aave_hedged_lp,392,sideways,2025-08-08 08:00:00+00:00,2025-08-08 16:00:00+00:00,9,103098.36882216664,103105.47902568884,6.896523779609254e-05,0.0005227328126775621,0.6630617577341711,0.06844071296008983,9.688118797371757,-0.0011635830048112306,5.026011291533905,1.157932583190646,2.2934885226349757,0.0,0.0,0.0,0,0,1.5847114851909463,1.5587558494975595,0.18912701814599464,0.04036777891784349,0.0471888682143345
fractal_dynamic_aave_hedged_lp,393,uptrend,2025-08-08 17:00:00+00:00,2025-08-08 18:00:00+00:00,2,103190.090092231,103131.79508224236,-0.000564928375743623,0.00025523431734364443,2.05806898971681,0.09169818080438671,22.443945688597072,-0.000564928375743623,1.6206335723954908,0.264496850087452,0.509678036021125,0.0,0.0,0.0,0,0,1.5415984801383602,1.537091222835434,0.18902232029335894,0.053193784697628754,0.0550905216852229
fractal_dynamic_aave_hedged_lp,394,sideways,2025-08-08 19:00:00+00:00,2025-08-09 04:00:00+00:00,10,103153.56674019524,103306.18231819884,0.001479498798020007,0.0016909163252456505,3.3929095803535994,0.056178737556374536,60.39490611459299,-0.001016621560121389,6.879463458717055,1.3209320396429676,2.5484661093631833,0.0,0.0,0.0,0,0,1.543482861290862,1.528279557031842,0.1889072818384569,0.051722701511219535,0.0553155972217275
fractal_dynamic_aave_hedged_lp,395,uptrend,2025-08-09 05:00:00+00:00,2025-08-09 12:00:00+00:00,8,103329.56138665065,103218.94951531183,-0.0010704765398636962,-0.0008444102853238933,-0.603476458165857,0.06360893514780923,-9.487290689013232,-0.001538789764214954,5.052597856694774,1.0642806962550133,2.0388640056160336,15.0,2.1456894006638265,2145.6894006638263,1,5,1.550176967574074,1.4884403567295594,0.17826453447720114,0.03420861295360405,0.0691122250246257
fractal_dynamic_aave_hedged_lp,397,uptrend,2025-08-09 14:00:00+00:00,2025-08-09 16:00:00+00:00,3,103200.48336648873,103337.2356253175,0.001325112580559562,-0.00044656862431002864,-0.728629878539147,0.1314371464651998,-5.543561300093075,0.0,3.012427942139766,0.3805341328364905,0.7645986808586138,0.0,0.0,0.0,0,0,1.6074328230854489,1.60569793361083,0.16785555152845374,0.0006845904933108,0.0012784266848853
fractal_dynamic_aave_hedged_lp,398,sideways,2025-08-09 17:00:00+00:00,2025-08-09 19:00:00+00:00,3,103290.61688290276,103352.76048686836,0.0006016384240985495,0.0001502349221642607,0.550617165609969,0.053318857892258126,10.326874718933512,-6.799904379173327e-05,1.0202140483984294,0.3842236522689624,0.7646100713407298,0.0,0.0,0.0,0,0,1.5920271502385432,1.5869810158583593,0.1677435002384546,0.003096065461699,0.0043927982378257
fractal_dynamic_aave_hedged_lp,399,uptrend,2025-08-09 20:00:00+00:00,2025-08-10 02:00:00+00:00,7,103334.6268156012,103427.10888546518,0.0008949765699450829,0.0007193653874999484,1.459383615352153,0.05936922571394564,24.581483046179404,-0.0006738005035410444,4.203437502489578,0.9036906763022099,1.7841344637342322,0.0,0.0,0.0,0,0,1.5794681122754302,1.5676381489800528,0.16761853986645833,0.005966843256201101,0.0086051391949705
fractal_dynamic_aave_hedged_lp,400,sideways,2025-08-10 03:00:00+00:00,2025-08-12 11:00:00+00:00,57,103322.27691954467,103393.66841638014,0.0006909593842097106,-0.00032332402447809994,-0.048483101100263215,0.08193920741598262,-0.5916959979137699,-0.003083590831091998,28.13087462676731,7.314755471495111,14.523227671993647,0.0,0.0,0.0,0,0,1.5885369729675523,1.561756199118942,0.16758415822498507,0.004511286201151076,0.012027025608614
fractal_dynamic_aave_hedged_lp,402,sideways,2025-08-12 13:00:00+00:00,2025-08-12 18:00:00+00:00,6,103479.13553975787,103557.13804995574,0.000753799399183297,-0.00055112365938359,-0.5528505286340193,0.06459365280767461,-8.558898662692336,-0.000263301607642763,5.151809502795459,0.8080747548360991,1.5332645100274624,0.0,0.0,0.0,0,0,1.518084201165486,1.5024459415886235,0.16733379281692287,0.02393132971683642,0.0284374038775263
fractal_dynamic_aave_hedged_lp,403,uptrend,2025-08-12 19:00:00+00:00,2025-08-13 14:00:00+00:00,20,103578.56865304208,103887.46930608344,0.002982283469045388,0.0031898453583021347,3.034686665353388,0.08648912186100631,35.08749539890495,-0.0018916643637828523,18.929133723674113,2.786156745115299,5.084834491899577,0.0,0.0,0.0,0,20,1.4601521149484804,1.4365645561853242,0.16695162279247944,0.0399814317334627,0.0486478631562333
fractal_dynamic_aave_hedged_lp,405,uptrend,2025-08-13 16:00:00+00:00,2025-08-13 18:00:00+00:00,3,103786.22755297538,103745.79106216792,-0.0003896132633477434,-0.0005313036101485258,-0.7881377165193285,0.006004299371259733,-131.2622285777155,-0.0003896132633477434,2.5249561728637673,0.4247081642263534,0.7614534547889806,0.0,0.0,0.0,0,3,1.4343237544607952,1.4306017755998712,0.16692217820520194,0.04872004906039673,0.0499495284630739
fractal_dynamic_aave_hedged_lp,406,sideways,2025-08-13 19:00:00+00:00,2025-08-14 11:00:00+00:00,17,103761.66823336028,103749.28660854822,-0.000119327541883818,3.369338018011092e-05,0.017513298598403226,0.06245023164780343,0.28043608704563106,-0.0019834826704731023,10.19354726285792,2.423400630258242,4.322151037119971,0.0,0.0,0.0,0,17,1.426839232156386,1.415928992696216,0.16677014891644754,0.05014133738966962,0.0545729386217408
fractal_dynamic_aave_hedged_lp,407,high_vol_chop,2025-08-14 12:00:00+00:00,2025-08-14 20:00:00+00:00,9,103731.8578443396,103638.40775860925,-0.0009008812497177665,-0.0010687191552198883,-0.6468195721605285,0.09419501007148885,-6.866813556998698,-0.0018914411412183085,21.00012801605908,1.2397099113605687,2.2898967583152925,0.0,0.0,0.0,0,9,1.477849974490872,1.4471571979017872,0.16690493368087755,0.03419073412855042,0.0438008766650945
fractal_dynamic_aave_hedged_lp,409,high_vol_chop,2025-08-14 22:00:00+00:00,2025-08-15 11:00:00+00:00,14,103641.83183928768,103843.65147903727,0.0019472797437867229,0.0015661110700964098,1.6622497176896491,0.061342140140555265,27.09800658863355,-0.0010142446923856463,4.912156242687615,1.9522656975292931,3.57635357889583,0.0,0.0,0.0,0,14,1.465631710873766,1.4542224848135772,0.16682687094584386,0.03779181876691605,0.0413088548881501
fractal_dynamic_aave_hedged_lp,410,sideways,2025-08-15 12:00:00+00:00,2025-08-16 09:00:00+00:00,22,103827.67187681262,103718.88307626282,-0.0010477823357040172,-0.0012015024606453206,-0.38041419089239203,0.06582441252330691,-5.779226525685985,-0.0025714892231231135,17.242363344240403,2.962352799767601,5.624173135545072,0.0,0.0,0.0,0,2,1.5190511110007956,1.460535843146365,0.16699597522718734,0.021929695200571905,0.0390998021755249
fractal_dynamic_aave_hedged_lp,411,downtrend,2025-08-16 10:00:00+00:00,2025-08-16 11:00:00+00:00,2,103579.42613847586,103703.8330351422,0.0012010772921258184,-0.0001451041572588796,-0.47038360853083616,0.16847470022411984,-2.7920133284409503,0.0,0.7601844723903923,0.26598914982937494,0.5113190046793381,0.0,0.0,0.0,0,0,1.5378771799223374,1.5350261862475914,0.16703833816224226,0.01639602283750665,0.0181779989563722
fractal_dynamic_aave_hedged_lp,412,sideways,2025-08-16 12:00:00+00:00,2025-08-18 07:00:00+00:00,44,103564.45678346467,103614.86307228002,0.00048671417183920873,-0.000857923571947472,-0.15707567570353742,0.07710801505444957,-2.037086230174891,-0.003958534750076459,26.929388787190874,5.908818257505681,11.24092184842367,0.0,0.0,0.0,0,11,1.522419477216045,1.4802332380331713,0.16696010543713452,0.02111508421566684,0.0339078572190002
fractal_dynamic_aave_hedged_lp,413,downtrend,2025-08-18 08:00:00+00:00,2025-08-18 11:00:00+00:00,4,103577.22092979663,103472.23619436265,-0.001013589035229523,-0.0013765098335157822,-0.9510342020054301,0.07772439165143508,-12.235981289766332,-0.001714116189153625,2.5902750986269893,0.5146050492485768,1.0181849409811023,0.0,0.0,0.0,0,0,1.5828820998650233,1.5755566307375914,0.16708119141238276,0.00335516319073095,0.0050310950093335
fractal_dynamic_aave_hedged_lp,416,high_vol_chop,2025-08-18 14:00:00+00:00,2025-08-19 01:00:00+00:00,12,103527.94917872538,103560.99174501529,0.0003191656605971982,-0.0010788695725698627,-0.5452465791054262,0.08795532285899657,-6.199131120006516,-0.0018896459165391732,9.096581110180523,1.5662413041004526,3.0535330454831664,0.0,0.0,0.0,0,0,1.5597137225885327,1.5488170176363685,0.16700890977875604,0.01010128913842705,0.0137710591918969
fractal_dynamic_aave_hedged_lp,417,sideways,2025-08-19 02:00:00+00:00,2025-08-19 17:00:00+00:00,16,103583.8321072432,103426.54981075684,-0.0015184058485451235,-0.0012981908727704994,-0.5089558581342049,0.08435006393358527,-6.0338526658965135,-0.002097377357097918,13.262631793743822,2.03883095590918,4.063838308406181,0.0,0.0,0.0,0,0,1.5947848525600925,1.5701408060829771,0.1670994436013185,0.004285131072880731,0.0115425485118287
fractal_dynamic_aave_hedged_lp,419,sideways,2025-08-19 19:00:00+00:00,2025-08-19 22:00:00+00:00,4,103514.28793501544,103501.85410580585,-0.00012011703367365012,0.000738221138521844,4.03346112671297,0.07377077623994999,54.675595571796094,-0.0009526247205842164,2.12509816734746,0.4979518366857532,1.0160148181211386,0.0,0.0,0.0,0,0,1.632328787176622,1.6273682580826647,0.16720404519363907,0.010074197600760875,0.0121859674116461
fractal_dynamic_aave_hedged_lp,420,downtrend,2025-08-19 23:00:00+00:00,2025-08-20 00:00:00+00:00,2,103378.72408374133,103401.20690799196,0.00021748018704914607,-0.0009724192738711501,-0.9858956021415827,0.09312546976749299,-10.586745007601841,0.0,1.4914988541027014,0.2450239436198535,0.5068416946453006,0.0,0.0,0.0,0,0,1.6548480486419952,1.6487591055372972,0.16733692318857296,0.015546874777370798,0.0171807551938904
fractal_dynamic_aave_hedged_lp,423,sideways,2025-08-20 03:00:00+00:00,2025-08-20 12:00:00+00:00,10,103492.59371194162,103481.59657296244,-0.0001062601543235786,0.0010568844929343957,1.522730665158102,0.0705437164011406,21.585631475654456,-0.0015549254105273747,3.7093226406468602,1.2537216104835152,2.528441812593954,0.0,0.0,0.0,0,0,1.6134779514403625,1.5966425574937266,0.16713225853528418,0.0049721239499442,0.0109513684170453
fractal_dynamic_aave_hedged_lp,424,high_vol_chop,2025-08-20 13:00:00+00:00,2025-08-20 21:00:00+00:00,9,103499.915515745,103769.70288156952,0.0026066433434284164,0.002784130880739921,13.97110540730097,0.0575709036453163,242.67650015317406,-0.0006940735257312536,10.683857145479578,1.153195348074759,2.275703996922625,0.0,0.0,0.0,0,0,1.5791482328950794,1.553918296245934,0.16685287935284265,0.006944725645285356,0.0116007689415921
fractal_dynamic_aave_hedged_lp,425,uptrend,2025-08-20 22:00:00+00:00,2025-08-21 01:00:00+00:00,4,103689.67231137084,103623.63377307108,-0.0006368863631996957,-0.0014076277029061446,-0.9542643115883362,0.040450381751682536,-23.590984071457957,-0.0007889962960002661,1.4272256671406467,0.5194027408207609,1.0126297368406947,0.0,0.0,0.0,0,0,1.5597079701259098,1.549952243828635,0.16686478123709061,0.0096191407906968,0.0123298520066522
fractal_dynamic_aave_hedged_lp,426,high_vol_chop,2025-08-21 02:00:00+00:00,2025-08-21 10:00:00+00:00,9,103619.240349486,103660.72009613251,0.0004003093103810418,0.0003578944465763012,0.4166405703444085,0.06494497313493607,6.415285898706203,-0.0013386507020816119,3.451147961906827,1.158457662746061,2.2811301075967925,0.0,0.0,0.0,0,0,1.57530811165834,1.567600182254952,0.16688892976045555,0.005050645912346544,0.0080051599632919
fractal_dynamic_aave_hedged_lp,429,sideways,2025-08-21 13:00:00+00:00,2025-08-22 13:00:00+00:00,25,103712.00561777208,103677.52859626403,-0.00033243038067465314,0.0008437747615932523,0.34384379571289747,0.07799808178763067,4.4083622036898085,-0.0015858140832364365,14.650424424434732,3.2130389188459993,6.369927086191673,0.0,0.0,0.0,0,0,1.5861479143668111,1.564057963757344,0.1668468900944843,0.002820666294128433,0.0087005110084958
fractal_dynamic_aave_hedged_lp,430,uptrend,2025-08-22 14:00:00+00:00,2025-08-23 13:00:00+00:00,24,104010.90002081654,103993.90810210908,-0.00016336671160477323,0.003051572603327557,2.040822360821755,0.08610486832160934,23.701590869393147,-0.0021450858732968703,39.93268032172,3.4457879201207415,6.140662125777351,0.0,0.0,0.0,0,24,1.4259210664028608,1.395706789599137,0.1661068185996506,0.047981863217814114,0.0582775393191142
fractal_dynamic_aave_hedged_lp,431,high_vol_chop,2025-08-23 14:00:00+00:00,2025-08-23 15:00:00+00:00,2,104138.91134786369,104138.9659319629,5.24147012015419e-07,0.0013948685312548115,447.2123580468203,0.09224516104272243,4848.084744951536,0.0,1.9946131145584332,0.28643259947099176,0.5117549545403572,0.0,0.0,0.0,0,2,1.4293370196903916,1.425656811695162,0.16602278841890394,0.04622525224378015,0.0475004038547249
fractal_dynamic_aave_hedged_lp,432,sideways,2025-08-23 16:00:00+00:00,2025-08-25 02:00:00+00:00,35,104109.2522944626,104134.20781777918,0.00023970514403459653,-4.56900463841059e-05,-0.011370686625808757,0.08789278048802401,-0.12936997285411958,-0.0018833235003555826,21.777147049865107,5.05647316190245,8.958297308300764,0.0,0.0,0.0,0,35,1.4174320480302884,1.37259257640272,0.16602773329581033,0.050725136192138816,0.0648949082926452
fractal_dynamic_aave_hedged_lp,433,high_vol_chop,2025-08-25 03:00:00+00:00,2025-08-25 16:00:00+00:00,14,104208.939469825,104123.76947587488,-0.0008173002660176731,-0.00010023931734892688,-0.06079763952542494,0.0838487743922162,-0.7250868002081241,-0.002629607465357453,10.118311082030687,1.9656762954014844,3.5912698343315523,0.0,0.0,0.0,0,14,1.4617749423834148,1.432708178449916,0.16610720056635025,0.03660043520751051,0.0454201190098505
fractal_dynamic_aave_hedged_lp,434,downtrend,2025-08-25 17:00:00+00:00,2025-08-26 05:00:00+00:00,13,103981.17571737862,103948.52591881188,-0.0003139972051814377,-0.0016830312420033078,-0.6785970244846662,0.06389559267442353,-10.620404257652321,-0.0021703956460791263,23.327477382251345,1.7435681906988683,3.338497495592799,0.0,0.0,0.0,0,2,1.5322307966741648,1.4763657927503873,0.16630010463176234,0.015365777670518926,0.0326427587506179
fractal_dynamic_aave_hedged_lp,435,high_vol_chop,2025-08-26 06:00:00+00:00,2025-08-26 19:00:00+00:00,14,103927.89698210813,103960.02669763604,0.0003091539082471506,0.00011063917186460159,0.07167696753730213,0.05094129791350365,1.4070502808744065,-0.0008161985823648132,9.228017374277442,1.9083182642034422,3.5999732096716928,0.0,0.0,0.0,0,6,1.509447558858758,1.473144341524263,0.16625919609378936,0.0225516833123608,0.0341243000375055
fractal_dynamic_aave_hedged_lp,436,uptrend,2025-08-26 20:00:00+00:00,2025-08-26 21:00:00+00:00,2,104056.9413843168,103972.1075180014,-0.0008152638852038097,0.00011620639921994247,0.6635509717471078,0.11565190587649028,5.737484105586144,-0.0008152638852038097,1.1207973998289162,0.2791726046706662,0.5143024586285809,0.0,0.0,0.0,0,2,1.4738049665587352,1.4706006390329294,0.16611607711386486,0.03314924670391975,0.0348160548830686
fractal_dynamic_aave_hedged_lp,438,uptrend,2025-08-26 23:00:00+00:00,2025-08-27 00:00:00+00:00,2,104063.93855554552,104059.17693954188,-4.575663836803301e-05,0.0008197673457197574,35.201844028683354,0.06031260201455249,583.6565303581115,-4.575663836803301e-05,0.7752810103820593,0.2779353246058036,0.5131359461287449,0.0,0.0,0.0,0,2,1.4770293550126983,1.4720501852849943,0.16603694711550332,0.0314288384037444,0.033055429553853
fractal_dynamic_aave_hedged_lp,439,sideways,2025-08-27 01:00:00+00:00,2025-08-29 07:00:00+00:00,55,103979.41130728912,103937.66144524288,-0.0004015204694981511,-0.0011677537519777514,-0.16980943280116212,0.07050606778677967,-2.408437147774144,-0.00258366112064512,25.795694815254137,7.5434098820842825,14.043359325296631,0.0,0.0,0.0,0,35,1.489643249851401,1.4542029792624414,0.16603676020271252,0.027731093155583034,0.0396179298395464
fractal_dynamic_aave_hedged_lp,440,downtrend,2025-08-29 08:00:00+00:00,2025-08-29 11:00:00+00:00,4,103694.49057326636,103890.57075374424,0.0018909411618097671,-0.00045306668289279983,-0.6293291746609644,0.1495590667220807,-4.207897177042568,0.0,2.5666130168233394,0.5226525988562767,1.0195200529539785,0.0,0.0,0.0,0,0,1.5605420202974591,1.5585842502588962,0.16633721175848937,0.00791857471125135,0.0089650162416549
fractal_dynamic_aave_hedged_lp,442,downtrend,2025-08-29 13:00:00+00:00,2025-08-29 14:00:00+00:00,2,103770.07631988444,103654.9746938612,-0.0011091986255115094,-0.0030705405754773984,-0.9999985868056017,0.056540320799151465,-17.68646821721976,-0.0011091986255115094,5.504213363147301,0.25924490170766046,0.5097701286394822,0.0,0.0,0.0,0,0,1.5731511008984094,1.5641724814440296,0.16651417886510544,0.00558761891856145,0.0075746321793134
fractal_dynamic_aave_hedged_lp,443,sideways,2025-08-29 15:00:00+00:00,2025-08-30 00:00:00+00:00,10,103919.7815364054,103857.57585761762,-0.0005985932405563332,0.0019545725070579945,4.531916825262644,0.10971098118076443,41.30777773097906,-0.0014059670267583257,6.647438262487412,1.3061656877332464,2.548926411590167,0.0,0.0,0.0,0,0,1.5612007966571357,1.551635025309516,0.166224937909065,0.00688974599941212,0.010920974028851
fractal_dynamic_aave_hedged_lp,444,high_vol_chop,2025-08-30 01:00:00+00:00,2025-08-30 07:00:00+00:00,7,103865.97976249474,103948.63351341496,0.0007957730828633824,0.0008767550662089896,1.9943154307115947,0.04962314097852781,40.1892220320061,-0.0009516108506910648,3.4283112590005658,0.9165681759164802,1.7843236274602443,0.0,0.0,0.0,0,0,1.5575800118702048,1.5390917967935924,0.16613703419714,0.007760917072748585,0.01327296912542
fractal_dynamic_aave_hedged_lp,445,sideways,2025-08-30 08:00:00+00:00,2025-09-02 12:00:00+00:00,77,103977.46046260031,103819.7759321747,-0.0015165260790566126,-0.0012396274668070584,-0.1316107597863555,0.06737443212661086,-1.9534229177476545,-0.003287453862733214,40.376693308910944,10.215529095032888,19.669836500728398,0.0,0.0,0.0,0,0,1.540618108475015,1.5093604714687132,0.16605709548088393,0.012744795838944493,0.0226531113283248
fractal_dynamic_aave_hedged_lp,446,high_vol_chop,2025-09-02 13:00:00+00:00,2025-09-03 01:00:00+00:00,13,103961.18961224052,103834.31478538115,-0.0012204056853580836,0.00014003934294715137,0.09895350275853798,0.08316598221210966,1.1898314686666387,-0.0017036553542479904,7.1288547353401555,1.7091329602660559,3.353369366891323,0.0,0.0,0.0,0,0,1.5696854917717369,1.548140155615871,0.16608092385350587,0.004442234808699061,0.0103566979320426
fractal_dynamic_aave_hedged_lp,447,sideways,2025-09-03 02:00:00+00:00,2025-09-05 13:00:00+00:00,60,103969.51446285204,104105.57568364932,0.0013086645782682815,0.002612439816537915,0.4636288501905692,0.07734221339941658,5.994512308514648,-0.002503834402192817,27.137882185450962,8.027100580121045,15.53282122451659,0.0,0.0,0.0,0,0,1.5483337130237598,1.5130685108582729,0.16589410484912437,0.010192746383338428,0.0208416402741412
fractal_dynamic_aave_hedged_lp,448,high_vol_chop,2025-09-05 14:00:00+00:00,2025-09-06 13:00:00+00:00,24,103997.16261405816,103971.59631044406,-0.00024583654949306144,-0.001286956748718704,-0.37502381870168233,0.05479986360772661,-6.843517374171077,-0.0014766789487872245,5.427240892033751,3.167660593834862,6.235603584005654,0.0,0.0,0.0,0,0,1.574843113530483,1.562851936817678,0.16590262836884487,0.0026891660723425484,0.0067694725342508
fractal_dynamic_aave_hedged_lp,449,sideways,2025-09-06 14:00:00+00:00,2025-09-12 18:00:00+00:00,149,103985.34296081784,104220.95905074551,0.002265858660642772,0.0023983736823351975,0.1512361006301126,0.055421463156309116,2.7288363030685536,-0.0022894115864602327,37.011646928502614,19.85229813560437,38.61665335273945,0.0,0.0,0.0,0,10,1.5567496527059541,1.4668714048208635,0.1656899691548879,0.007884302838211702,0.0342981056022466
fractal_dynamic_aave_hedged_lp,450,uptrend,2025-09-12 19:00:00+00:00,2025-09-12 23:00:00+00:00,5,104196.57793822025,104267.62057151378,0.0006818134980943746,0.00044771724606307295,1.1907086427562135,0.09095651860313267,13.090965452971986,-0.0013033555904123917,2.849064323017501,0.7172649310217512,1.300153368951566,0.0,0.0,0.0,0,5,1.450165336544157,1.439505814550026,0.16512331132398206,0.038741372553619716,0.0429684632340294
fractal_dynamic_aave_hedged_lp,451,sideways,2025-09-13 00:00:00+00:00,2025-09-13 02:00:00+00:00,3,104323.00543595644,104380.88436283873,0.000554805017746629,0.0010862796206927428,22.812601945515798,0.09152412170756939,249.25234484527275,-0.0006890425515339027,0.9185515998246956,0.43264218738583926,0.780107765799849,0.0,0.0,0.0,0,3,1.4425072481292556,1.441653113095248,0.16499731324090625,0.04030931877917603,0.0414656989562664
fractal_dynamic_aave_hedged_lp,453,sideways,2025-09-13 04:00:00+00:00,2025-09-22 04:00:00+00:00,217,104415.54476769886,104117.56297242394,-0.002853806834392847,-0.0020755879393868915,-0.08045453169494277,0.08031853046921383,-1.0016932733322488,-0.007240826083311003,52.70856362998302,29.349606006142082,54.8221074906139,0.0,0.0,0.0,0,96,1.4952326562918892,1.4304087197273054,0.16505495937636477,0.024962244352992366,0.0450604511661532
fractal_dynamic_aave_hedged_lp,454,downtrend,2025-09-22 05:00:00+00:00,2025-09-22 23:00:00+00:00,19,104119.02318256782,103941.9301044016,-0.0017008714906563416,-0.001686870716219535,-0.5408566882725281,0.07683728648453102,-7.038987359104802,-0.002842299264568804,10.296594772958997,2.282873186747663,4.632887931775566,0.0,0.0,0.0,0,0,1.6235750856449065,1.6094665801621937,0.16541783576673982,0.010525148811266061,0.0155611485219091
fractal_dynamic_aave_hedged_lp,455,sideways,2025-09-23 00:00:00+00:00,2025-09-25 15:00:00+00:00,64,104015.06952664247,103691.08334146252,-0.0031148004481885705,-0.0024133356258345673,-0.28159697349742807,0.06429779467405237,-4.3795743683735955,-0.003810022704864746,22.546164952988875,7.60402070831496,15.603864865638222,0.0,0.0,0.0,0,0,1.641974226123516,1.613539025523354,0.1654006019812206,0.015504648668742044,0.032824272839014
fractal_dynamic_aave_hedged_lp,456,downtrend,2025-09-25 16:00:00+00:00,2025-09-25 23:00:00+00:00,8,103683.31310297483,103516.75010533894,-0.0016064590593325434,-0.0016812750962343914,-0.8415863418720052,0.12416566076906989,-6.777931488136915,-0.0022958855557232427,8.634838564923939,0.9040313735150074,1.9702585399719819,0.0,0.0,0.0,0,0,1.7436394643584299,1.724220257469535,0.16585701550325402,0.04019490280755281,0.0452071358625297
fractal_dynamic_aave_hedged_lp,457,high_vol_chop,2025-09-26 00:00:00+00:00,2025-09-26 16:00:00+00:00,17,103648.79147700152,103698.98028480475,0.0004842199034646999,0.0017603931661338557,1.4752037971938892,0.05773736855490085,25.550243007544744,-0.0012380933614042355,11.537324188068851,1.9325638521409396,4.167014642512165,0.0,0.0,0.0,0,0,1.7250412228613623,1.702545648201554,0.16572753964219217,0.035978779004188964,0.0409678470745757
fractal_dynamic_aave_hedged_lp,459,sideways,2025-09-26 18:00:00+00:00,2025-10-01 07:00:00+00:00,110,103874.1817933397,103945.89552655796,0.00069039035475571,0.0023369308583911508,0.2042868390756678,0.06115211748782881,3.3406339382496,-0.0024042824206080837,21.753107024244855,13.021145369407197,27.060909512207854,0.0,0.0,0.0,0,0,1.6632335080902416,1.6080435475248724,0.1652826277235879,0.02120772405261911,0.0327150504836195
fractal_dynamic_aave_hedged_lp,460,high_vol_chop,2025-10-01 08:00:00+00:00,2025-10-01 14:00:00+00:00,7,104160.26384923604,104204.32302374922,0.0004229940755233752,0.00248617317578681,21.362981235898893,0.08459053565921332,252.54576140719956,-0.001211721406794486,3.606647249697744,0.8766945974941168,1.7333433270107466,0.0,0.0,0.0,0,0,1.581732254919619,1.5718379899171553,0.1647784596475972,0.001218483093554186,0.0029577049271435
fractal_dynamic_aave_hedged_lp,461,uptrend,2025-10-01 15:00:00+00:00,2025-10-01 16:00:00+00:00,2,104223.74089069958,104236.74721269126,0.0001247923158440578,0.00031115972928152935,2.906600746602251,0.004073597527716717,713.5218260581142,0.0,0.3368050961580592,0.25215472302700337,0.4952516356359166,0.0,0.0,0.0,0,0,1.5712703309530085,1.5708582794475454,0.1647004617442282,0.00223610873305445,0.00245216122506
fractal_dynamic_aave_hedged_lp,462,high_vol_chop,2025-10-01 17:00:00+00:00,2025-10-02 00:00:00+00:00,8,104228.48850662446,104322.7325843728,0.0009042065091671159,0.0008249045944046518,1.4667418224115347,0.06833116499145576,21.465195604303517,-0.0007917288651949628,3.085526786499031,1.0074089408152307,1.9810540329957682,0.0,0.0,0.0,0,0,1.57322221726781,1.5635748055081895,0.16475318937964278,0.0025517092200523623,0.0058346992632913
fractal_dynamic_aave_hedged_lp,463,uptrend,2025-10-02 01:00:00+00:00,2025-10-02 07:00:00+00:00,7,104214.11253463967,104347.10277323054,0.001276125040614362,0.00023360382012627134,0.339510641727534,0.05912706898081906,5.7420509350408,-0.000638502453758405,1.9186387901318085,0.894369204886526,1.7334846117831764,0.0,0.0,0.0,0,0,1.5505920586895432,1.5439052754105282,0.1645866908265295,0.007910385931499914,0.0099827278276546
fractal_dynamic_aave_hedged_lp,464,sideways,2025-10-02 08:00:00+00:00,2025-10-06 18:00:00+00:00,107,104280.0157483566,104522.151460521,0.0023219761756529955,0.0016775615483151096,0.14708676791118935,0.07146627110293528,2.0581284799277593,-0.0023329095095563357,35.28534787721219,13.981903267045189,26.36379973249755,0.0,0.0,0.0,0,27,1.5086688060423603,1.4435658932166973,0.16433584886337982,0.020055250700184178,0.0403604334678025
fractal_dynamic_aave_hedged_lp,466,sideways,2025-10-06 20:00:00+00:00,2025-10-07 17:00:00+00:00,22,104545.27302059458,104489.8095258553,-0.0005305213056200353,-0.0008334503469799026,-0.2825149356634158,0.057167370335006976,-4.941891397275189,-0.0023286831959868914,10.064686766686009,2.9471151969369127,5.375760750302977,0.0,0.0,0.0,0,19,1.459623365629748,1.432536043636892,0.16404356892890773,0.03476563238962575,0.0443926263524176
fractal_dynamic_aave_hedged_lp,467,downtrend,2025-10-07 18:00:00+00:00,2025-10-07 19:00:00+00:00,2,104414.5980537054,104416.28518077526,1.6157961638674223e-05,-0.0007036508671386388,-0.9541818798545111,0.04870666678114489,-19.59037525893457,0.0,0.605285430508502,0.2568750556481011,0.4885187056653367,0.0,0.0,0.0,0,0,1.5214320708321722,1.5188395889099542,0.16422424339756114,0.01605384732122345,0.0168808643067657
fractal_dynamic_aave_hedged_lp,468,sideways,2025-10-07 20:00:00+00:00,2025-10-07 22:00:00+00:00,3,104431.46927809648,104429.97512817549,-1.4307468154228786e-05,0.00013110931284843197,0.46640539823258576,0.00892329554750476,52.268289865509125,-4.362547445291298e-05,0.6585685230006674,0.3877833115001089,0.7327867163550541,0.0,0.0,0.0,0,0,1.5117554234284938,1.5085912023484287,0.164195124834328,0.018969312041921566,0.0200017425945947
fractal_dynamic_aave_hedged_lp,470,sideways,2025-10-08 00:00:00+00:00,2025-10-08 02:00:00+00:00,3,104382.23316493211,104408.08863491884,0.00024769991216677667,-0.00018920778916653447,-0.4245132176661409,0.03417108691485363,-12.423169878205185,-4.501169283710471e-05,0.4773320289577895,0.3840474788956101,0.7292604531160964,0.0,0.0,0.0,0,0,1.5191136636570637,1.5176027197430857,0.16425738802571313,0.01718886066276493,0.0178396974169509
fractal_dynamic_aave_hedged_lp,471,downtrend,2025-10-08 03:00:00+00:00,2025-10-08 05:00:00+00:00,3,104338.92195481886,104373.481070916,0.00033121979266859114,-0.0003314643956738861,-0.6201718931681559,0.044998522564087415,-13.782050116976617,0.0,1.2004998484553653,0.381364874536378,0.7292707427297878,0.0,0.0,0.0,0,0,1.5298273251096373,1.525072865736331,0.16430858426511197,0.0142327429544856,0.0158080866645995
fractal_dynamic_aave_hedged_lp,472,sideways,2025-10-08 06:00:00+00:00,2025-10-08 11:00:00+00:00,6,104327.4108241294,104478.0230838751,0.0014436499339525177,0.0010016147002711584,3.3129649528137755,0.07767723496666115,42.650397561598204,-0.0008962493703366103,2.3662974094104356,0.7678067299349254,1.4585723548813834,0.0,0.0,0.0,0,0,1.5197524120586632,1.5122260723362713,0.1642174166479882,0.016744094098067135,0.0194025813131048
fractal_dynamic_aave_hedged_lp,474,sideways,2025-10-08 13:00:00+00:00,2025-10-10 14:00:00+00:00,50,104354.88228743144,104346.6812671889,-7.858779639979829e-05,-0.0012706929214387763,-0.19969867343968928,0.06816983463447877,-2.929428749687566,-0.0031248543066709766,20.47676634668551,6.303080470947081,12.197150421329283,0.0,0.0,0.0,0,1,1.548478836379831,1.499195506936049,0.16426108751695825,0.008785094770743624,0.0221258633586073
fractal_dynamic_aave_hedged_lp,475,high_vol_chop,2025-10-10 15:00:00+00:00,2025-10-10 16:00:00+00:00,2,104127.06420459396,104135.6773564626,8.271770585710492e-05,-0.00202214299644099,-0.999858887549116,0.14476584824763347,-6.906731799331414,0.0,6.273947729995143,0.2363966379911841,0.4898581009897461,0.0,0.0,0.0,0,0,1.657758300972667,1.656729120162435,0.16458849430443925,0.02166192127309595,0.021905990624461
fractal_dynamic_aave_hedged_lp,476,downtrend,2025-10-10 17:00:00+00:00,2025-10-11 19:00:00+00:00,27,104043.60504337298,103652.21551579784,-0.0037617836042107555,-0.004642614836121717,-0.7790409675510885,0.2313985330192003,-3.366663381078771,-0.009956039294769847,167.35242309459818,2.9915687637532047,6.613538654463085,0.0,0.0,0.0,0,0,1.7693709871813434,1.6626913034122743,0.16510649237154387,0.04830832656194601,0.0619817879828787
fractal_dynamic_aave_hedged_lp,479,high_vol_chop,2025-10-11 22:00:00+00:00,2025-10-12 01:00:00+00:00,4,103823.9938571964,103756.48755101196,-0.0006501994739028794,0.00022195445392636515,0.6258427849701618,0.0826951746248193,7.568068969072925,-0.0011761537568931724,2.5862227137286027,0.4294997959886128,0.9798647360839003,0.0,0.0,0.0,0,0,1.8251822631417243,1.8156996182669416,0.16516452508751378,0.06257038213393165,0.0653766987912767
fractal_dynamic_aave_hedged_lp,480,sideways,2025-10-12 02:00:00+00:00,2025-10-12 13:00:00+00:00,12,103646.0050833404,103897.99479922948,0.0024312535315418327,0.001363840002274186,1.704521214877405,0.08821360488013422,19.32265683046884,-0.0012655395371612421,5.226113229608018,1.316871404164641,2.939705619729088,0.0,0.0,0.0,0,0,1.7859763990144175,1.771248149929904,0.16495491765255196,0.053874407447166074,0.0604280722667172
fractal_dynamic_aave_hedged_lp,482,uptrend,2025-10-12 15:00:00+00:00,2025-10-13 13:00:00+00:00,23,104146.782631835,104317.43345216896,0.0016385606546984732,0.0013105010813092566,0.6467492734311555,0.07148663528014149,9.047135466604038,-0.0014376607044275236,19.03099056162955,2.7405617056317357,5.63492961077721,0.0,0.0,0.0,0,0,1.6450228951785388,1.620731562496255,0.164238603950491,0.020153737187119648,0.0302236061781645
fractal_dynamic_aave_hedged_lp,483,high_vol_chop,2025-10-13 14:00:00+00:00,2025-10-13 15:00:00+00:00,2,104234.10650507743,104350.7157320472,0.0011187242916894657,0.0003190481089960784,3.043892996508206,0.12690361126856534,23.985865855830014,0.0,1.878829041947938,0.23705756981148202,0.4900228962233115,0.0,0.0,0.0,0,0,1.6537309624086833,1.645691731939292,0.1642572749700971,0.02239286096808655,0.0239552187999776
fractal_dynamic_aave_hedged_lp,485,high_vol_chop,2025-10-13 17:00:00+00:00,2025-10-14 09:00:00+00:00,17,104351.94913075646,104156.84029503269,-0.0018697191317365025,-0.0016947366784829665,-0.58273287509976,0.06895645647505005,-8.450736956163132,-0.003788600891223126,9.12924072126134,2.0471801010087973,4.189019449508055,0.0,0.0,0.0,0,0,1.6379807503122548,1.5877018749023837,0.16413122847603703,0.01850979949972636,0.0369552562866977
fractal_dynamic_aave_hedged_lp,487,high_vol_chop,2025-10-14 11:00:00+00:00,2025-10-14 12:00:00+00:00,2,104146.7883375198,104166.03579281933,0.00018481083868993053,0.0013246729403770807,328.71477031527365,0.06319285135887717,5201.771454313347,0.0,1.0117483035255646,0.2300597852052763,0.4947954910812661,0.0,0.0,0.0,0,0,1.7206143899766744,1.713974777975829,0.16444756101944802,0.0396248428160247,0.0416142286470657
fractal_dynamic_aave_hedged_lp,489,high_vol_chop,2025-10-14 14:00:00+00:00,2025-10-15 05:00:00+00:00,16,104243.45765244545,104357.42547214431,0.0010932851064748839,0.0022707976036973054,2.4620199646328573,0.07583263461958266,32.46649647587316,-0.0015335402988471136,12.320432095111755,1.9244257867225287,3.993983126795205,0.0,0.0,0.0,0,0,1.660504521936018,1.6509244714923588,0.16417318667766406,0.02465520631058868,0.0393374099710903
fractal_dynamic_aave_hedged_lp,490,sideways,2025-10-15 06:00:00+00:00,2025-10-15 13:00:00+00:00,8,104299.65567587652,104227.56453866127,-0.0006911924756423105,-0.0012443861363531372,-0.7442235160157951,0.08267497834509342,-9.00179874144428,-0.002712587809205691,4.051734358241447,0.980705388584432,2.026633255904064,0.0,0.0,0.0,0,0,1.653338874844758,1.6281154322919218,0.1641174393786486,0.02287274621772,0.0287040073166476
fractal_dynamic_aave_hedged_lp,492,sideways,2025-10-15 15:00:00+00:00,2025-10-16 15:00:00+00:00,25,104131.04245996402,104085.086088398,-0.00044133209925067973,-0.0015917476359664784,-0.42775767978988455,0.07780298442940975,-5.497959788136237,-0.002605102643822077,13.812420792593912,2.9810137369064007,6.343221260473842,0.0,0.0,0.0,0,0,1.702440037347248,1.67681357078976,0.16429457392107286,0.03525213159441615,0.0447175681197825
fractal_dynamic_aave_hedged_lp,493,high_vol_chop,2025-10-16 16:00:00+00:00,2025-10-17 05:00:00+00:00,14,104086.31608480614,104160.24634678425,0.0007102783993033768,0.0007221040132725509,0.5709299061794657,0.05784513257627426,9.869973163716772,-0.00155044856829345,6.5829138626968415,1.6108236924916095,3.5129946194054043,0.0,0.0,0.0,0,0,1.744729671205489,1.7180440876485723,0.1644819421643863,0.04518646284270088,0.0508991637680094
fractal_dynamic_aave_hedged_lp,494,downtrend,2025-10-17 06:00:00+00:00,2025-10-17 14:00:00+00:00,9,104016.26766289024,103951.1517051487,-0.0006260170567989887,-0.0020074322879326534,-0.8585578600610947,0.09840653671876674,-8.724601928779823,-0.0021490501510923465,12.680720786578604,0.9805129195917831,2.222027362899301,0.0,0.0,0.0,0,0,1.8131068234750833,1.7838018421592488,0.16471192234184018,0.061470383430695726,0.0664817627590347
fractal_dynamic_aave_hedged_lp,495,high_vol_chop,2025-10-17 15:00:00+00:00,2025-10-18 05:00:00+00:00,15,103893.15691509868,103989.23450372664,0.0009247730214461125,0.00036635282970176597,0.2385122631478105,0.05160194997591175,4.62215600881653,-0.0010703024789230353,5.956922255546488,1.6708520780807212,3.7035910007294475,0.0,0.0,0.0,0,0,1.7733582211289443,1.757487852255767,0.16455629460315432,0.052051144025084276,0.0580621538260585
fractal_dynamic_aave_hedged_lp,496,sideways,2025-10-18 06:00:00+00:00,2025-10-20 05:00:00+00:00,48,104091.67137690536,104384.20184867251,0.002810315829284038,0.00379815609597256,0.9974081990419248,0.059842052951922284,16.66734595223952,-0.00166436918374413,12.681984488035596,5.459183341105811,11.846182659357831,0.0,0.0,0.0,0,0,1.7363000500925112,1.677965774846803,0.16432519330238696,0.04343363671867415,0.050078339904405
fractal_dynamic_aave_hedged_lp,498,sideways,2025-10-20 07:00:00+00:00,2025-10-21 03:00:00+00:00,21,104441.53373552946,104237.25056632014,-0.001955957193491731,-0.0010946584859440334,-0.36674308946263035,0.06577884682731457,-5.575395543576796,-0.0026725792123161174,5.169808828160058,2.4285387264528584,5.178411885327418,0.0,0.0,0.0,0,0,1.7059653799349472,1.6804924096195186,0.1640831282812027,0.036575891076173324,0.0447364059467737
fractal_dynamic_aave_hedged_lp,500,sideways,2025-10-21 05:00:00+00:00,2025-10-21 13:00:00+00:00,9,104086.8913480601,104096.7784813184,9.498922611905769e-05,-0.0002529004807668711,-0.21822444972205246,0.06515774706116474,-3.3491711970519984,-0.0010804869045436538,2.0867071650236535,1.0238302512470039,2.249626106177323,0.0,0.0,0.0,0,0,1.7578347815854685,1.751005273432974,0.16434824356378974,0.048510947604248754,0.0499905238588409
fractal_dynamic_aave_hedged_lp,501,high_vol_chop,2025-10-21 14:00:00+00:00,2025-10-22 13:00:00+00:00,24,104205.01867079244,104052.89393885816,-0.001459859936447705,-0.000421574453124407,-0.14264835128681974,0.07973984777945951,-1.7889217907883324,-0.003435397628166581,13.155201600155124,2.744677955631063,5.982932990908914,0.0,0.0,0.0,0,0,1.7445827906415536,1.669547694730379,0.164243191540564,0.045456332545468235,0.0557903598697955
fractal_dynamic_aave_hedged_lp,505,downtrend,2025-10-22 17:00:00+00:00,2025-10-22 18:00:00+00:00,2,104029.29076790894,104050.04175730496,0.00019947256434083016,-0.000961518553728391,-0.9852051666685234,0.09002229663562862,-10.94401280003118,0.0,0.6709244554076577,0.2222051490225092,0.4976311296995129,0.0,0.0,0.0,0,0,1.7916190555642073,1.7904732844297595,0.16441265517901538,0.0566436181342892,0.0570888730913028
fractal_dynamic_aave_hedged_lp,506,sideways,2025-10-22 19:00:00+00:00,2025-10-22 20:00:00+00:00,2,104000.59055812488,104037.65607812826,0.0003563972070204091,-0.00011903579246586027,-0.40631583199053634,0.05504061772714878,-7.382108863762281,0.0,0.8131493701912405,0.2214596440266097,0.4976359128778013,0.0,0.0,0.0,0,0,1.7976822188909503,1.7924106064566527,0.16444299694940023,0.05796968603871175,0.0596226865920443
fractal_dynamic_aave_hedged_lp,508,sideways,2025-10-22 22:00:00+00:00,2025-10-26 21:00:00+00:00,96,103929.87695116048,104439.90597614844,0.004907434127220611,0.004834773154861027,0.5528780095996328,0.051020641405623304,10.836359449191415,-0.002140322492347413,18.695319953044418,11.091613940446912,24.059009600927148,0.0,0.0,0.0,0,0,1.7358136684371648,1.6704222741936865,0.16405738743194745,0.043734897983818556,0.0618459814408612
fractal_dynamic_aave_hedged_lp,509,uptrend,2025-10-26 22:00:00+00:00,2025-10-27 08:00:00+00:00,11,104542.80997349808,104590.19453937956,0.00045325513914828974,0.0014389955814924082,2.142881410299389,0.06591144166090263,32.51152389176922,-0.0010853618599928616,3.9854602632722163,1.3645395621707062,2.773847706015049,0.0,0.0,0.0,0,0,1.6263357386653619,1.6107817646006164,0.16338059936600755,0.017425334094534083,0.0213706592549273
fractal_dynamic_aave_hedged_lp,510,sideways,2025-10-27 09:00:00+00:00,2025-10-30 04:00:00+00:00,68,104621.5544183126,104317.19969850231,-0.0029091014896737155,-0.0026101379969651894,-0.2858675144744518,0.05351123318499823,-5.342196347562295,-0.004908778714763806,33.54899252336418,8.162892108146904,17.161421091474235,0.0,0.0,0.0,0,0,1.6830075530747162,1.61600331821747,0.16360363311241596,0.03139797336790762,0.0518254927496325
fractal_dynamic_aave_hedged_lp,511,high_vol_chop,2025-10-30 05:00:00+00:00,2025-10-30 12:00:00+00:00,8,104242.25602207238,104059.43189275282,-0.0017538389545296296,-0.0024710000507535135,-0.933402851710987,0.09543058351082005,-9.780961379169986,-0.0030537999324484755,2.514265023169173,0.873633763927714,1.9118423824976025,0.0,0.0,0.0,0,0,1.7508521465963498,1.7320958425884196,0.16385674397785405,0.04784213881350635,0.0549993980871652
fractal_dynamic_aave_hedged_lp,513,high_vol_chop,2025-10-30 14:00:00+00:00,2025-10-30 16:00:00+00:00,3,104072.77545483828,104135.8685389134,0.0006062400450010941,-0.00013938375413524717,-0.33437506606973555,0.07556812866406536,-4.424816016765276,-0.00023111950711296458,1.3511263277259786,0.31812368311339323,0.7169623855325199,0.0,0.0,0.0,0,0,1.803003268964133,1.7953833122177751,0.1641265650456332,0.05951520190212006,0.0607394985952663
fractal_dynamic_aave_hedged_lp,514,downtrend,2025-10-30 17:00:00+00:00,2025-10-30 19:00:00+00:00,3,103970.52324485396,103984.03342926952,0.0001299424490126544,-0.0014580481420495284,-0.9858862730905364,0.10252183281745218,-9.616354351038387,-0.0004726260620555589,1.967347665284251,0.3131259567996021,0.7169723051948349,15.0,2.0424363566976567,2042.4363566976565,1,0,1.7803485903471339,1.696894333338998,0.17075799819913431,0.04225313651715957,0.0669954139439203
fractal_dynamic_aave_hedged_lp,515,high_vol_chop,2025-10-30 20:00:00+00:00,2025-10-31 11:00:00+00:00,16,103908.150887667,104075.93650549027,0.0016147493376594824,0.000883819113280504,0.6220280587303957,0.05403773509506162,11.510994264214478,-0.0008423867144533581,4.899027838482652,1.9343312703130149,3.9518072373776434,0.0,0.0,0.0,0,0,1.6347197508676523,1.6149984392493952,0.1836228857524066,0.01726762818963431,0.0229627648807057
fractal_dynamic_aave_hedged_lp,516,sideways,2025-10-31 12:00:00+00:00,2025-10-31 18:00:00+00:00,7,104169.30265871328,104131.93500476946,-0.0003587204002530875,0.0005380542434632041,0.9604134060026532,0.09628318001304663,9.974882485939025,-0.0015082203843872488,3.3281104913221498,0.8595549318556609,1.7476467394846367,0.0,0.0,0.0,0,0,1.6265974470907856,1.617895513370694,0.18351556641398745,0.01896289892664096,0.0221975517596202
fractal_dynamic_aave_hedged_lp,518,sideways,2025-10-31 20:00:00+00:00,2025-11-03 14:00:00+00:00,67,104191.606068457,103946.2540665246,-0.002354815432744073,-0.002210070961102595,-0.2511962249058235,0.059223306475140125,-4.241509632888648,-0.003206548684854149,57.258708187952834,8.180791603261286,16.650642378491128,0.0,0.0,0.0,0,0,1.6288972666340968,1.601077475645273,0.18347597195130502,0.018595664676452055,0.0271678567267982
fractal_dynamic_aave_hedged_lp,519,downtrend,2025-11-03 15:00:00+00:00,2025-11-03 16:00:00+00:00,2,103820.27585322045,103879.03488084808,0.0005659687102999023,-0.0006466725162940223,-0.9411840288221079,0.11766579940848172,-7.99879007794566,0.0,8.748687493254693,0.22523552245786538,0.4888483979439757,0.0,0.0,0.0,0,0,1.7363485724067422,1.7291019812019273,0.18389035416210953,0.0088353572313818,0.0104364502928772
fractal_dynamic_aave_hedged_lp,521,downtrend,2025-11-03 18:00:00+00:00,2025-11-04 01:00:00+00:00,8,104021.83673155276,103948.03969893008,-0.0007094378924794587,-0.000712123892063321,-0.5416184862350939,0.07159014890866393,-7.5655449037562565,-0.0019053688002916847,6.519213890156607,0.8961511565248486,1.9400607381702382,0.0,0.0,0.0,0,0,1.731897663822152,1.7172979590908437,0.18376489237965676,0.0085500255256696,0.011473449478233
fractal_dynamic_aave_hedged_lp,522,high_vol_chop,2025-11-04 02:00:00+00:00,2025-11-04 04:00:00+00:00,3,103973.66137424344,103995.51989725948,0.00021023134827724554,0.0004567685784833131,2.7941474361277923,0.03866894261948539,72.25818051512516,-0.00029982670582373583,0.3942835245852619,0.3296546040586963,0.7102295670996961,0.0,0.0,0.0,0,0,1.723588490350607,1.718346302250444,0.183664134049494,0.006982339382035667,0.0081182109196114
fractal_dynamic_aave_hedged_lp,523,downtrend,2025-11-04 05:00:00+00:00,2025-11-04 10:00:00+00:00,6,103851.03299126342,103718.71134273162,-0.0012741486022862514,-0.0026617353786135833,-0.9795815173976017,0.07506503967377401,-13.049770194684182,-0.001332293526013606,7.406382971552375,0.6345453084464093,1.420488321982403,0.0,0.0,0.0,0,0,1.7908922136596905,1.7821144776306417,0.18399928303213484,0.022759316930876166,0.0242379594477622
fractal_dynamic_aave_hedged_lp,525,downtrend,2025-11-04 12:00:00+00:00,2025-11-04 13:00:00+00:00,2,103757.13062956632,103837.0726854776,0.0007704728863087151,0.0005962705306168381,12.611113172046423,0.06251121324184107,201.74161591228463,0.0,0.8699023714298164,0.2123620836475406,0.4735069178264389,0.0,0.0,0.0,0,0,1.7837807506344738,1.782721720502364,0.18396133759181335,0.02108308954373355,0.0219596966545772
fractal_dynamic_aave_hedged_lp,526,high_vol_chop,2025-11-04 14:00:00+00:00,2025-11-04 15:00:00+00:00,2,103867.06528795187,103814.23592459167,-0.0005086247812406963,-0.00021992878165100205,-0.6184044521554303,0.052777662728524376,-11.717162530223332,-0.0005086247812406963,2.78190027097844,0.2137124511342128,0.4735112421004015,0.0,0.0,0.0,0,0,1.7726071096559322,1.7605617237083355,0.18388211371188456,0.01865460126978935,0.0215634993078413
fractal_dynamic_aave_hedged_lp,527,downtrend,2025-11-04 16:00:00+00:00,2025-11-05 04:00:00+00:00,13,103755.97253443168,103602.94333357616,-0.001474895344504068,-0.002035294958670275,-0.7466221067049443,0.09635090926929663,-7.748988695251104,-0.004728612278918298,31.31062839423157,1.2830382621438492,3.0512918367321453,0.0,0.0,0.0,0,0,1.9032325983377747,1.825274345655967,0.18449179440549587,0.04776086943122526,0.0571067560150564
fractal_dynamic_aave_hedged_lp,528,high_vol_chop,2025-11-05 05:00:00+00:00,2025-11-05 07:00:00+00:00,3,103636.17108157749,103570.6821703489,-0.000631911721024836,-0.00031139234262300697,-0.5972371045879411,0.07689102224762019,-7.767319085245037,-0.0010505050048978948,0.9512887806895376,0.29569096045025833,0.6943345713001052,0.0,0.0,0.0,0,0,1.8785532428985168,1.8752289102982744,0.1843335264080365,0.04280043934625947,0.0444455293852112
fractal_dynamic_aave_hedged_lp,529,downtrend,2025-11-05 08:00:00+00:00,2025-11-05 11:00:00+00:00,4,103502.27368840764,103492.4009213268,-9.538695846011969e-05,-0.0007558244030232419,-0.8090762793879437,0.05402544205807735,-14.97583820819433,-0.0006947115398993065,1.9267780168656827,0.3907392906559697,0.9257938911477162,0.0,0.0,0.0,0,0,1.895528076853005,1.8837478490683424,0.18443487835141237,0.04623944778041735,0.050619464227719
fractal_dynamic_aave_hedged_lp,530,high_vol_chop,2025-11-05 12:00:00+00:00,2025-11-05 13:00:00+00:00,2,103603.88166319576,103673.24742470936,0.0006695285968059128,0.0017474375101225181,2093.5558950413765,0.026979519188254128,77597.9690532377,0.0,0.9920083204697221,0.198370080095649,0.4629031439772462,0.0,0.0,0.0,0,0,1.8668443919348179,1.8626140757519836,0.18421972690099425,0.0406544228602971,0.0412371224886605
fractal_dynamic_aave_hedged_lp,532,high_vol_chop,2025-11-05 15:00:00+00:00,2025-11-05 18:00:00+00:00,4,103621.89567196276,103823.87040595087,0.00194915111983196,0.001893126343236018,61.93026679861626,0.03800237870462021,1629.6418516319602,0.0,2.5296233990911787,0.4062735110242037,0.9258228173099339,0.0,0.0,0.0,0,0,1.8231422300389468,1.807939698036398,0.1840868647454966,0.030262143264056223,0.0339156259075451
fractal_dynamic_aave_hedged_lp,533,uptrend,2025-11-05 19:00:00+00:00,2025-11-05 22:00:00+00:00,4,103795.50298974712,103739.5701233438,-0.0005388756236274217,-0.0008119547294610507,-0.8311767804498759,0.008034201935836328,-103.45480323844433,-0.0005388756236274217,1.2809118643690454,0.40746865585648007,0.925839346951268,0.0,0.0,0.0,0,0,1.817767811938587,1.8116316262608705,0.18398591036746326,0.029633381978916525,0.0318756413685374
fractal_dynamic_aave_hedged_lp,536,sideways,2025-11-06 01:00:00+00:00,2025-11-06 13:00:00+00:00,13,103660.17248587863,103710.88325985755,0.0004892020991555945,0.0004131142205325844,0.3209061046386652,0.05957406564034178,5.3866745737319155,-0.0014649873954354353,7.820719990411817,1.3099370180598566,3.0168150983792956,0.0,0.0,0.0,0,0,1.842528605487446,1.8128430885526647,0.1840791447579462,0.035257734923191425,0.0415437889576983
fractal_dynamic_aave_hedged_lp,538,sideways,2025-11-06 15:00:00+00:00,2025-11-06 16:00:00+00:00,2,103479.82080663848,103483.15814563012,3.225110911109219e-05,-0.0017869423909121496,-0.9996038862107288,0.12252762528170126,-8.158191949877065,0.0,2.4524622825911138,0.1950093651186843,0.4641430537025527,0.0,0.0,0.0,0,0,1.9041198351360362,1.8970639977772896,0.18447304949684365,0.0477365634033926,0.0495394731205614
fractal_dynamic_aave_hedged_lp,540,sideways,2025-11-06 18:00:00+00:00,2025-11-06 19:00:00+00:00,2,103664.582520912,103564.56654374674,-0.0009648037423493072,-0.000386839678337636,-0.816343037945518,0.10213973308115186,-7.992414052001866,-0.0009648037423493072,1.5668191097656745,0.1973399262921636,0.46414928469197847,0.0,0.0,0.0,0,0,1.881632294781777,1.880709008293009,0.1842333003681021,0.0439783172056412,0.0444809631607127
fractal_dynamic_aave_hedged_lp,541,high_vol_chop,2025-11-06 20:00:00+00:00,2025-11-07 04:00:00+00:00,9,103501.27518170328,103571.70728119212,0.0006804949925998116,6.89496193890804e-05,0.06941166273490063,0.08441055546506328,0.8223102235552691,-0.001270225709482431,4.565712027376321,0.8891748832940612,2.091683449542252,0.0,0.0,0.0,0,0,1.881952801893537,1.87105154286993,0.1843253673539559,0.04322711619160581,0.0454021682791625
fractal_dynamic_aave_hedged_lp,542,sideways,2025-11-07 05:00:00+00:00,2025-11-07 17:00:00+00:00,13,103587.01424308316,103639.72986912428,0.0005089018775790155,0.0006567680471603055,0.5564620925442285,0.08223382217495746,6.766827539164136,-0.0033930675730697857,8.842815954486468,1.2780907518810696,3.024890419563351,0.0,0.0,0.0,0,0,1.8937924684825822,1.8499236283821847,0.18430518522152706,0.04622381632075914,0.0558718120642463
fractal_dynamic_aave_hedged_lp,543,high_vol_chop,2025-11-07 18:00:00+00:00,2025-11-07 19:00:00+00:00,2,103724.97327331002,103765.68583698932,0.0003925049329442931,0.0012153251269961807,203.36181206052157,0.028457573221533427,7146.140342938332,0.0,1.102906745160908,0.2041894958914387,0.4653834153698505,0.0,0.0,0.0,0,0,1.8233593638514005,1.8187062695328504,0.18397822675987707,0.0306280611592673,0.0315641763187706
fractal_dynamic_aave_hedged_lp,544,sideways,2025-11-07 20:00:00+00:00,2025-11-07 21:00:00+00:00,2,103785.6640528598,103768.14903563912,-0.00016876143136468347,2.3738084800717374e-05,0.10956891762163523,0.023910966490459127,4.582370924460751,-0.00016876143136468347,0.6611595898129962,0.2061341067843089,0.465387591079725,0.0,0.0,0.0,0,0,1.806163157489177,1.8052970300597773,0.1839202577426316,0.02650072235656065,0.0268643159607088
fractal_dynamic_aave_hedged_lp,545,high_vol_chop,2025-11-07 22:00:00+00:00,2025-11-08 07:00:00+00:00,10,103886.66547188268,103758.66750909666,-0.0012320923210367152,-9.137222385235955e-05,-0.07692586226174991,0.05389459804976518,-1.4273390106874557,-0.0013400456119546655,2.4982847815463174,1.0230862540982355,2.3270005923581016,0.0,0.0,0.0,0,0,1.8196165138214582,1.810784050791568,0.18380425877522907,0.03098127101401695,0.0337703537753859
fractal_dynamic_aave_hedged_lp,546,sideways,2025-11-08 08:00:00+00:00,2025-11-08 09:00:00+00:00,2,103841.18141838818,103871.63748964747,0.000293294729925897,0.0010887763235867265,116.47741236941265,0.033220077956128344,3506.2353713689954,0.0,0.3526795540401508,0.20493106463254251,0.4654126461257922,0.0,0.0,0.0,0,0,1.8168718291804542,1.8129978735302323,0.1837676397046596,0.03048294742225835,0.031736166028668
fractal_dynamic_aave_hedged_lp,550,sideways,2025-11-08 13:00:00+00:00,2025-11-09 18:00:00+00:00,30,103778.07446915076,103886.78125995643,0.0010474928481929435,0.0011196827713126911,0.38647487822981486,0.07201120476726268,5.366871440061114,-0.0013576867428183315,8.075138564719055,3.051773618020207,6.981784795857454,0.0,0.0,0.0,0,0,1.830601550998835,1.768211516065794,0.18391677390488567,0.03259761533296933,0.0403283579019411
fractal_dynamic_aave_hedged_lp,551,uptrend,2025-11-09 19:00:00+00:00,2025-11-10 11:00:00+00:00,17,103927.94023949094,104101.09895288886,0.0016661420691961304,0.002062992907597483,1.8920138270910227,0.059094161088689555,32.01693352159539,-0.0015494457751675794,5.11105329777638,1.8294490144800795,3.970976141455738,0.0,0.0,0.0,0,0,1.7365403052879234,1.7225992628524271,0.183402427425987,0.011044676736100987,0.0143176981104516
fractal_dynamic_aave_hedged_lp,552,sideways,2025-11-10 12:00:00+00:00,2025-11-12 01:00:00+00:00,38,104074.38703055165,103792.51633778526,-0.002708357942897588,-0.002964258957951049,-0.49558427536901684,0.06157745564889373,-8.048144733273341,-0.0030097864147110576,16.135731896734796,4.0091203761876075,8.894193972745901,0.0,0.0,0.0,0,0,1.775257080283993,1.7321824362268363,0.18352101523722278,0.02036301098140469,0.0341635063652307
fractal_dynamic_aave_hedged_lp,554,sideways,2025-11-12 03:00:00+00:00,2025-11-12 14:00:00+00:00,12,103814.71427023498,103892.80386033878,0.0007522015607588362,0.0006899890026488276,0.6545321513595861,0.05445789059481126,12.019050760330952,-0.0012097261809141946,3.8658410303305573,1.2607679830927778,2.8292262712374106,0.0,0.0,0.0,0,0,1.7956195794690124,1.751245897966026,0.1835883303339851,0.025027046934630075,0.0331535059021639
fractal_dynamic_aave_hedged_lp,555,high_vol_chop,2025-11-12 15:00:00+00:00,2025-11-13 13:00:00+00:00,23,103834.47317069353,103868.77484862626,0.00033034961208255886,-0.0002312865840526923,-0.08433088643505338,0.05167768974918476,-1.6318625473458541,-0.002031699972427914,12.506346504489557,2.4023903312065515,5.4397037614059975,0.0,0.0,0.0,0,0,1.8117998433236553,1.7691431111447962,0.18359499379632127,0.029105784309376333,0.0361925414048832
fractal_dynamic_aave_hedged_lp,556,sideways,2025-11-13 14:00:00+00:00,2025-11-13 16:00:00+00:00,3,103967.4469594094,103728.8719151054,-0.002294709077516832,-0.0013469200317877128,-0.9804671496259753,0.15107826132209604,-6.489796354855035,-0.002294709077516832,3.9733253347085338,0.3074059227162054,0.7109596283333719,0.0,0.0,0.0,0,0,1.8505919658097938,1.8191921212854685,0.1837205926607199,0.03812822248352637,0.045328522462732
fractal_dynamic_aave_hedged_lp,557,downtrend,2025-11-13 17:00:00+00:00,2025-11-14 15:00:00+00:00,23,103650.22814942898,103469.10310854044,-0.0017474639865473485,-0.002504305713240118,-0.6151917599614436,0.08833673959545875,-6.9641664700184345,-0.0033604355825992416,25.508796544974757,2.220630785130389,5.40361156942427,15.0,1.8567145341857627,1856.714534185763,1,0,1.940891470186481,1.797819614787047,0.18663528096152365,0.05361571571198091,0.0693792119364461
fractal_dynamic_aave_hedged_lp,558,high_vol_chop,2025-11-14 16:00:00+00:00,2025-11-15 18:00:00+00:00,27,103538.1524877467,103523.76206617813,-0.00013898665586364878,0.0005282635685002202,0.18690244470363226,0.05931625391111033,3.1509482204273893,-0.0021443401505542026,14.149014322243602,2.7896874178818134,6.319739719970731,0.0,0.0,0.0,0,0,1.8124365352400231,1.780050684879964,0.20219769039973307,0.006718275938123785,0.0132051235516166
fractal_dynamic_aave_hedged_lp,559,sideways,2025-11-15 19:00:00+00:00,2025-11-16 14:00:00+00:00,20,103512.7525317911,103398.41688100006,-0.0011045561826397154,-0.0012107866124290156,-0.4117750584349784,0.05352076617556803,-7.693743715928934,-0.0016271447815853213,4.551620860932416,2.075754729670167,4.681784756257441,0.0,0.0,0.0,0,0,1.8045128796460967,1.771254006867639,0.20210158446473098,0.008220642488986652,0.0174532397413911
fractal_dynamic_aave_hedged_lp,560,high_vol_chop,2025-11-16 15:00:00+00:00,2025-11-17 10:00:00+00:00,20,103404.94080781617,103517.87020241466,0.0010921083046542268,0.001155272247080008,0.6581743034445318,0.05946112558145832,11.068984937778731,-0.00154723871263307,14.841935901184115,2.0544642137563947,4.714806039391212,0.0,0.0,0.0,0,0,1.8365811242949828,1.79894938648421,0.20213917363607856,0.00667413293391216,0.0102679023208197
fractal_dynamic_aave_hedged_lp,561,sideways,2025-11-17 11:00:00+00:00,2025-11-17 12:00:00+00:00,2,103508.33871783996,103539.19686682614,0.0002981223480968964,0.00020601915755968925,1.465195145147978,0.02582392151547769,56.73790265625639,0.0,0.3507130168709408,0.2105551528674664,0.4741713728474956,0.0,0.0,0.0,0,0,1.801630467730293,1.795965269331293,0.20191195225838796,0.00782095065495465,0.009605450157544
fractal_dynamic_aave_hedged_lp,562,high_vol_chop,2025-11-17 13:00:00+00:00,2025-11-17 14:00:00+00:00,2,103278.50420140014,103461.61221467504,0.0017729537689452624,-0.0007493263855513632,-0.962494955929705,0.283969885183907,-3.389426154489466,0.0,3.160795453530227,0.2067899977387004,0.4741757031895544,0.0,0.0,0.0,0,0,1.8344758433042376,1.8255620545427496,0.2022103409703587,0.00144916110726955,0.0023616633214118
fractal_dynamic_aave_hedged_lp,563,sideways,2025-11-17 15:00:00+00:00,2025-11-17 16:00:00+00:00,2,103412.88814950812,103399.24037665756,-0.00013197361658467965,-0.000602850049234438,-0.9287299747644855,0.02243323319454059,-41.3997379116312,-0.00013197361658467965,3.0513257523371067,0.206167309153985,0.4741800335711597,0.0,0.0,0.0,0,0,1.839998284480115,1.8360640597842623,0.20213777640608285,0.00115606127588135,0.0017500677179775
fractal_dynamic_aave_hedged_lp,564,high_vol_chop,2025-11-17 17:00:00+00:00,2025-11-18 01:00:00+00:00,9,103368.2924222039,103298.4786496026,-0.0006753886609265347,-0.0009744919468258617,-0.6128596347692669,0.0689088164868477,-8.89377682007121,-0.001746102642852021,10.917389086581352,0.8928002595657064,2.1267507317952012,0.0,0.0,0.0,0,0,1.9057754179959454,1.8814846914755767,0.20238824942422406,0.015593339444103523,0.0212212049560813
fractal_dynamic_aave_hedged_lp,567,downtrend,2025-11-18 04:00:00+00:00,2025-11-18 07:00:00+00:00,4,103220.5002311905,103297.57603364886,0.0007467102202152187,0.0007389078927573234,4.041031511105543,0.047852376667120555,84.44787474646253,-0.0004246796168670963,6.688574971196431,0.3905160407066438,0.9341940323674672,0.0,0.0,0.0,0,0,1.9138045199672742,1.903525057217501,0.2023955890045301,0.017482232361011,0.0202287978066878
fractal_dynamic_aave_hedged_lp,568,high_vol_chop,2025-11-18 08:00:00+00:00,2025-11-18 17:00:00+00:00,10,103366.82190906306,103406.03173236294,0.0003793269694833956,0.0010499345955490291,1.507434724861314,0.08760177492704876,17.207810299695925,-0.0013345945689932082,6.591016773147203,0.9997060033906048,2.3355586125311425,0.0,0.0,0.0,0,0,1.8692629199725683,1.8253594745541637,0.20217817982825842,0.008215618720323111,0.0122781646340784
fractal_dynamic_aave_hedged_lp,571,sideways,2025-11-18 20:00:00+00:00,2025-11-18 23:00:00+00:00,4,103564.019463511,103378.18622006052,-0.0017943803689074445,-0.0008149749535452111,-0.8322906446228113,0.07949047361931902,-10.470319356866117,-0.0017943803689074445,0.8284808520038496,0.4049843023203879,0.9342612624798248,0.0,0.0,0.0,0,0,1.845558393499189,1.840991292793401,0.20201256364015557,0.002720824713461625,0.0062460505776323
fractal_dynamic_aave_hedged_lp,573,sideways,2025-11-19 01:00:00+00:00,2025-11-19 04:00:00+00:00,4,103402.88728401178,103462.99620879372,0.0005813079920760078,0.0005905863433235403,2.6437097133877896,0.024871304913299433,106.29557727685284,-0.00014983589366213135,1.2051203153387178,0.39766732226961743,0.9271683690886573,0.0,0.0,0.0,0,0,1.8653577708861433,1.8480217980303413,0.2020446731926351,0.007588658580740624,0.0138864516560469
fractal_dynamic_aave_hedged_lp,574,high_vol_chop,2025-11-19 05:00:00+00:00,2025-11-19 07:00:00+00:00,3,103203.18632401685,103325.19797266436,0.0011822469149784798,-0.001331860096640436,-0.979587822234244,0.16843609922879738,-5.815783117273502,0.0,1.8790997763617268,0.2946553255274128,0.6953871401428661,0.0,0.0,0.0,0,0,1.8881706810706476,1.865087513142176,0.20236656329078095,0.010840869938474001,0.0146386544696632
fractal_dynamic_aave_hedged_lp,575,sideways,2025-11-19 08:00:00+00:00,2025-11-19 12:00:00+00:00,5,103442.50687369327,103379.5968255374,-0.0006081643809414672,0.0005264819612291749,1.5147003937764185,0.09678917377602755,15.649481596789649,-0.0012781031514053076,1.3087143900365845,0.49770234152376147,1.1589992593244476,0.0,0.0,0.0,0,0,1.8629775212714665,1.855987615963572,0.20211414560413993,0.00632731715616994,0.0084081323405558
fractal_dynamic_aave_hedged_lp,576,high_vol_chop,2025-11-19 13:00:00+00:00,2025-11-19 15:00:00+00:00,3,103409.04775139324,103254.57738552237,-0.0014937799856956646,-0.0012093241205614058,-0.9707934813645781,0.05577323595478384,-17.40608133534899,-0.0014937799856956646,3.2741339294680074,0.2932638770935305,0.6954119712496641,0.0,0.0,0.0,0,0,1.897419353266355,1.876277097051385,0.20223785300472438,0.0141397661307119,0.0226592185269637
fractal_dynamic_aave_hedged_lp,577,downtrend,2025-11-19 16:00:00+00:00,2025-11-19 20:00:00+00:00,5,103124.43247980082,103178.23465816455,0.0005217209643726406,-0.000739364096884243,-0.7263334836403738,0.07274563034654714,-9.984565123434235,-0.0006172322096208438,8.900326845012387,0.4703163409063934,1.159040645241336,0.0,0.0,0.0,0,0,1.971679284606647,1.9509564427824744,0.20262520006068102,0.029599991820082494,0.0362046864541735
fractal_dynamic_aave_hedged_lp,578,high_vol_chop,2025-11-19 21:00:00+00:00,2025-11-20 22:00:00+00:00,26,103250.32784372564,103199.5689978748,-0.0004916095368497908,0.0002067717070464159,0.07214247355799008,0.098212182753776,0.7345572772662605,-0.004244001756533278,24.130565208003645,2.4910576455896987,6.027428343493341,0.0,0.0,0.0,0,0,1.9370966882749758,1.8846774520698015,0.20236972023088046,0.02274276546149058,0.0457462347083867
fractal_dynamic_aave_hedged_lp,579,downtrend,2025-11-20 23:00:00+00:00,2025-11-21 15:00:00+00:00,17,103085.0444834909,102867.21989355156,-0.0021130571464633707,-0.0032204505072115364,-0.8102707245077002,0.0836479079239251,-9.686682483973343,-0.003481854578704535,50.478721185623726,1.5222769925288715,3.9603643770394656,0.0,0.0,0.0,0,0,2.0821901244166914,2.0120339040201944,0.20288263800128986,0.053247255093625254,0.0656709452192483
fractal_dynamic_aave_hedged_lp,580,high_vol_chop,2025-11-21 16:00:00+00:00,2025-11-21 21:00:00+00:00,6,102903.04286074452,103034.70410352692,0.0012794688973440937,0.0016281591954043773,9.752941709125203,0.09341055806408692,104.40941485901331,-0.0014509580352235485,9.196765263528505,0.5369361830934061,1.3982663416440213,0.0,0.0,0.0,0,0,2.0833962426514057,2.0703208029297184,0.2028461004762346,0.05380155955957023,0.0573948836670601
fractal_dynamic_aave_hedged_lp,582,high_vol_chop,2025-11-21 23:00:00+00:00,2025-11-22 15:00:00+00:00,17,102959.11074020478,102901.83922988354,-0.0005562549045877718,-0.0009081293094018728,-0.3738506143685325,0.0531314045570628,-7.03633975960525,-0.0015490223261391822,5.241256178704134,1.5111996198616031,3.961976811545477,0.0,0.0,0.0,0,0,2.097492641954836,2.0745082936107715,0.20293748918408044,0.056147742816264265,0.0606868017372467
fractal_dynamic_aave_hedged_lp,583,sideways,2025-11-22 16:00:00+00:00,2025-11-24 08:00:00+00:00,41,102938.2801008219,103084.45147170864,0.0014199904131251273,0.0017746256353805556,0.46057161576362926,0.06112788815803395,7.5345579512400835,-0.001579700787944338,15.06177863801895,3.7366690001825984,9.572614210386703,0.0,0.0,0.0,0,0,2.0497442042709926,2.007819052505097,0.20263872317337117,0.04715843165566048,0.0569343447294888
fractal_dynamic_aave_hedged_lp,584,high_vol_chop,2025-11-24 09:00:00+00:00,2025-11-24 11:00:00+00:00,3,103136.87883219372,103063.20639342171,-0.0007143171250302283,-0.00020609391604275995,-0.4522061541032575,0.05311402015679304,-8.513875484633644,-0.0007143171250302283,0.759834626794145,0.27419191106263363,0.7046710242317824,0.0,0.0,0.0,0,0,2.056004349812519,2.05364248120485,0.20257160254160014,0.04894549758871743,0.049775284831693
fractal_dynamic_aave_hedged_lp,585,sideways,2025-11-24 12:00:00+00:00,2025-11-24 16:00:00+00:00,5,103091.51735347288,103242.64327926251,0.001465939484346368,0.0017410372927448847,20.0656778565263,0.09454989228923436,212.2231699127067,-0.0012647690856538718,3.2070025203756813,0.4621013873533846,1.174472943873978,0.0,0.0,0.0,0,0,2.0333843438093524,2.013588145083045,0.2025142098642876,0.04403114554620406,0.0480248002657879
fractal_dynamic_aave_hedged_lp,586,uptrend,2025-11-24 17:00:00+00:00,2025-11-24 18:00:00+00:00,2,103245.27873792405,103317.40879453196,0.0006986281357330704,0.0007241728116862411,22.82484576470035,0.04454689932014849,512.3778784391557,0.0,2.368701558315479,0.1925492648187791,0.4697966105489467,0.0,0.0,0.0,0,0,1.9519282613657327,1.9460905487351303,0.20222736933573676,0.02658881748781715,0.0274656885596965
fractal_dynamic_aave_hedged_lp,589,high_vol_chop,2025-11-24 21:00:00+00:00,2025-11-24 22:00:00+00:00,2,103340.57879251956,103364.9793384466,0.00023611775947207647,-0.00042432316588547625,-0.8441606933143674,0.05932534191382578,-14.229343920858812,0.0,0.5672445431046071,0.1932884964322524,0.4698051055589595,0.0,0.0,0.0,0,0,1.9444809315170501,1.9441338587468449,0.20208382833662025,0.02585779129938425,0.0259629101519807
fractal_dynamic_aave_hedged_lp,590,uptrend,2025-11-24 23:00:00+00:00,2025-11-25 00:00:00+00:00,2,103415.72638605603,103316.87499792814,-0.0009558641763910414,-0.0004653833515598782,-0.8698221310354354,0.09575243846695192,-9.084072896333042,-0.0009558641763910414,0.6607215507619912,0.19373380122379108,0.47277532796384847,0.0,0.0,0.0,0,0,1.9522611617708447,1.9488231406528065,0.20205556516657708,0.0279963953489729,0.0280626374637247
fractal_dynamic_aave_hedged_lp,591,high_vol_chop,2025-11-25 01:00:00+00:00,2025-11-25 04:00:00+00:00,4,103375.67098309596,103295.03520488112,-0.0007800266489010887,-0.0002113865043579244,-0.37059816614401464,0.06731995172523657,-5.505027211792944,-0.0010638285620464538,1.4090695778004374,0.3868046106080723,0.9514956183050749,0.0,0.0,0.0,0,0,1.9679414621835978,1.9594369180177755,0.2021649595771481,0.03094079055325195,0.0329488653718873
fractal_dynamic_aave_hedged_lp,592,sideways,2025-11-25 05:00:00+00:00,2025-11-25 07:00:00+00:00,3,103310.92841039464,103349.31364561876,0.00037155057857618523,0.0005254699863357359,3.636544495303757,0.05240403680122633,69.39435809301348,-0.00037368238727353287,0.5532631159830999,0.28942333475965254,0.7136331472153834,0.0,0.0,0.0,0,0,1.9726024052640525,1.9654478987978172,0.20215789338990428,0.03209910776572606,0.0352032385791047
fractal_dynamic_aave_hedged_lp,594,sideways,2025-11-25 09:00:00+00:00,2025-11-25 12:00:00+00:00,4,103184.0824806589,103268.16369380098,0.0008148661219897768,-7.698150347301702e-05,-0.15514983094531432,0.06438376845039831,-2.4097662295869307,-0.00020720261401796503,1.6893214261399407,0.38383580838129017,0.9515304635887342,0.0,0.0,0.0,0,0,1.98326288335207,1.9662830528759083,0.20229223774115024,0.033557167063226895,0.0361956100064189
fractal_dynamic_aave_hedged_lp,595,high_vol_chop,2025-11-25 13:00:00+00:00,2025-11-25 16:00:00+00:00,4,103292.52463176809,103324.16455477102,0.0003063137735836996,0.0005422858213697257,2.2781657854746373,0.08821196615769446,25.826040215473874,-0.0011308859226825119,4.485833252839257,0.38391483095977363,0.9515478867090946,0.0,0.0,0.0,0,0,1.9829117326316443,1.965620704198704,0.20222675817169433,0.03395215756128675,0.0360993620906764
fractal_dynamic_aave_hedged_lp,596,sideways,2025-11-25 17:00:00+00:00,2025-11-30 23:00:00+00:00,127,103396.26746454048,103529.67734721692,0.0012902775501271169,0.001989009960366328,0.14689517411470465,0.051693820623649536,2.8416389491532614,-0.002023160026701998,33.81907320597111,12.864452996091405,30.804794972764945,0.0,0.0,0.0,0,0,1.9161221696486965,1.872535013779297,0.20179343622360307,0.020027258648039507,0.0345460662917487
fractal_dynamic_aave_hedged_lp,597,downtrend,2025-12-01 00:00:00+00:00,2025-12-01 23:00:00+00:00,24,103208.16194489624,103250.56909856088,0.0004108895349506092,-0.0026959250314274597,-0.6266882574127566,0.07921112629008457,-7.911619071261756,-0.00270376908327008,12.908117128363301,2.287615974317678,5.869762931002926,0.0,0.0,0.0,0,0,2.053111368420541,2.019571656231705,0.20230293593066184,0.0483013338566475,0.0596460978664327
fractal_dynamic_aave_hedged_lp,598,sideways,2025-12-02 00:00:00+00:00,2025-12-02 14:00:00+00:00,15,103147.81421649692,103341.38629090274,0.001876647371310547,0.0008795805498678089,0.6710451420145842,0.05570575454364962,12.046244548914066,-0.0007093220827945057,3.7695286774669508,1.396750856401729,3.570978071876041,0.0,0.0,0.0,0,0,2.045477221600944,1.9893717725702087,0.2022217768424506,0.04696646712636721,0.0508460536407699
fractal_dynamic_aave_hedged_lp,599,uptrend,2025-12-02 15:00:00+00:00,2025-12-03 14:00:00+00:00,24,103567.11003265309,103690.91454342076,0.0011954037409043217,0.0033822678895953917,2.429603728712945,0.06015990315488081,40.385765290511934,-0.0012758232549251458,11.311055920352374,2.3867186279038566,5.6606363018380605,0.0,0.0,0.0,0,0,1.897479605411479,1.863563711875728,0.20149212895991345,0.016337403211403968,0.0241371366654059
fractal_dynamic_aave_hedged_lp,600,sideways,2025-12-03 15:00:00+00:00,2025-12-03 19:00:00+00:00,5,103605.36749522429,103652.4589967744,0.0004545276242784446,-0.0003708670794899671,-0.4778913861315828,0.0629406525983024,-7.592730078309868,-0.00047473331661995744,2.349083081066965,0.5065289522121014,1.1726967971063154,0.0,0.0,0.0,0,0,1.852204262277629,1.8408429765209584,0.2012886797654209,0.00607766113201572,0.0100736904201116
fractal_dynamic_aave_hedged_lp,601,uptrend,2025-12-03 20:00:00+00:00,2025-12-04 03:00:00+00:00,8,103727.16146726217,103839.51736630812,0.0010831868669367584,0.001804668903605755,6.201803476419061,0.06085809723406377,101.90597074644916,-0.0007411520472649924,3.160582045547926,0.8280175869941243,1.8692443024142618,0.0,0.0,0.0,0,0,1.8060723138519164,1.7878581305770784,0.2010559731413496,0.005097208884781262,0.0094988061148599
fractal_dynamic_aave_hedged_lp,602,sideways,2025-12-04 04:00:00+00:00,2025-12-07 14:00:00+00:00,83,103799.6746167952,103519.79373725152,-0.002696356039428194,-0.003079016901906373,-0.277810304616951,0.043683123286725835,-6.359671280679015,-0.0030269733011357713,27.982622247794097,8.30260228955597,19.360841759961062,0.0,0.0,0.0,0,0,1.8663293057122852,1.795428116106252,0.20122783553897658,0.011024771896621464,0.0304556554934782
fractal_dynamic_aave_hedged_lp,603,high_vol_chop,2025-12-07 15:00:00+00:00,2025-12-08 13:00:00+00:00,23,103566.93932413828,103782.4202779973,0.002080595943698027,0.0025369693202097476,1.6248684805521711,0.08329366863562494,19.507706974227453,-0.002152942880401132,9.215390491988728,2.3263811726418764,5.386254262372025,0.0,0.0,0.0,0,0,1.8525732360287155,1.8234359445837705,0.20106086191282896,0.006718918432048276,0.0190694283746852
fractal_dynamic_aave_hedged_lp,605,high_vol_chop,2025-12-08 15:00:00+00:00,2025-12-08 16:00:00+00:00,2,103735.70742184682,103733.91623423474,-1.7266837587515127e-05,-0.0009401587713168125,-0.9837527622657383,0.05993674392286722,-16.41318326420489,-1.7266837587515127e-05,1.3320772587703686,0.2022776822710498,0.46932827186019244,0.0,0.0,0.0,0,0,1.8561845979690996,1.8542521191107744,0.20102211563571426,0.00786321370314385,0.0083871029570614
fractal_dynamic_aave_hedged_lp,606,sideways,2025-12-08 17:00:00+00:00,2025-12-09 14:00:00+00:00,22,103723.0289964422,103693.91879972236,-0.00028065316836078935,-0.00038557721490073416,-0.14235021850032947,0.05225021044553972,-2.724395122746937,-0.001319424467955299,4.2873403932453575,2.2269816840999725,5.14506594820768,0.0,0.0,0.0,0,0,1.8483096097249285,1.8314930558653533,0.20101013032132087,0.00573563214695516,0.0101144370168899
fractal_dynamic_aave_hedged_lp,608,uptrend,2025-12-09 16:00:00+00:00,2025-12-09 20:00:00+00:00,5,104008.58007429636,104001.03428217028,-7.254970811731987e-05,0.0009241145258738204,4.044512489392815,0.04594239498217185,88.03442857000177,-0.00030183968186203725,3.435171464805535,0.5445868176957044,1.1675188362495403,0.0,0.0,0.0,0,0,1.7151457718836718,1.707143433564125,0.2004537889075267,0.026545446127809718,0.0288630827625336
fractal_dynamic_aave_hedged_lp,610,uptrend,2025-12-09 22:00:00+00:00,2025-12-10 14:00:00+00:00,17,104002.11841764838,103993.70242752788,-8.092133360881881e-05,0.00067563729774478,0.41628092070973843,0.07130063874061864,5.838389782511037,-0.001613251484894218,3.1504700806717656,1.8174036649509209,3.9430382880389687,0.0,0.0,0.0,0,0,1.7357061785924868,1.721645267155853,0.2005024051110937,0.021228200503602843,0.0259846211752818
fractal_dynamic_aave_hedged_lp,612,sideways,2025-12-10 16:00:00+00:00,2025-12-11 15:00:00+00:00,24,104091.84020035528,103819.25558091514,-0.0026186934433618525,-0.0011396035263513404,-0.3404466921555984,0.07903028318974066,-4.307800483749166,-0.0031981164177632415,16.37177502335817,2.4121349528857756,5.333940093971005,0.0,0.0,0.0,0,0,1.7711738309814493,1.7002194332960194,0.20057426868664507,0.012355447981446851,0.0312934853742303
fractal_dynamic_aave_hedged_lp,613,downtrend,2025-12-11 16:00:00+00:00,2025-12-11 19:00:00+00:00,4,103908.61244789742,103988.86809623348,0.0007723676261801593,0.0016337288720600363,34.69272110668538,0.044430007362021406,780.8398685150925,-0.00019181711934468382,2.7629310133925173,0.38501294293854693,0.8700260698676892,0.0,0.0,0.0,0,0,1.807815026561888,1.7993348389565176,0.20055766025613475,0.00214686280614955,0.0047864533346893
fractal_dynamic_aave_hedged_lp,614,sideways,2025-12-11 20:00:00+00:00,2025-12-12 14:00:00+00:00,19,103867.2025568462,103919.38997951164,0.0005024437106302404,-0.0006681303296571794,-0.26519211809804755,0.06487150781023006,-4.087959830898635,-0.0016290710521655871,4.004028025260595,1.8628295236209504,4.141737367133948,0.0,0.0,0.0,0,0,1.7787315674646371,1.7689349955971314,0.20054597017248627,0.010129030196400253,0.0129505722681227
fractal_dynamic_aave_hedged_lp,615,high_vol_chop,2025-12-12 15:00:00+00:00,2025-12-12 20:00:00+00:00,6,103758.39928051052,103695.73776932617,-0.0006039174815616333,-0.0021521701602519316,-0.9569569513942784,0.07652328878482496,-12.505434183378286,-0.0011254481437480424,4.635783740497573,0.5582170395834891,1.3087362721876992,0.0,0.0,0.0,0,0,1.8756086100543359,1.8708800396808376,0.2009094099912511,0.012670229312445066,0.0141217007141495
fractal_dynamic_aave_hedged_lp,617,high_vol_chop,2025-12-12 22:00:00+00:00,2025-12-13 01:00:00+00:00,4,103688.4971269998,103774.0601800831,0.0008251932996821143,0.0002981804624209161,0.9211382979131177,0.0540602346566895,17.039110239954066,-3.799477390331596e-05,0.1776044615025964,0.3737849088223052,0.8725127801325776,0.0,0.0,0.0,0,0,1.8674221093523649,1.863525795377344,0.2008834422315694,0.0106843179897455,0.0114703081022807
fractal_dynamic_aave_hedged_lp,619,high_vol_chop,2025-12-13 03:00:00+00:00,2025-12-13 14:00:00+00:00,12,103756.90858295748,103733.1684428874,-0.00022880539131608923,-0.0003414379941591994,-0.22064786227303412,0.04749482056100008,-4.64572472675509,-0.0008810770435319082,0.9271285141794575,1.128281639777466,2.6176370378348333,0.0,0.0,0.0,0,0,1.856057979305275,1.8433600961533525,0.20085886777712014,0.007803511947037933,0.0103053415601093
fractal_dynamic_aave_hedged_lp,620,sideways,2025-12-13 15:00:00+00:00,2025-12-15 17:00:00+00:00,51,103805.09142530836,103599.20472097592,-0.0019833969750951974,-0.0012914261072175526,-0.19905642845215132,0.05407322889773054,-3.6812380638232196,-0.0029915070159090007,14.361206668147133,4.824336159606094,11.212036316539653,0.0,0.0,0.0,0,0,1.8595438437665843,1.825359530732706,0.2008039523798317,0.008766946317139554,0.0323862621607021
fractal_dynamic_aave_hedged_lp,624,sideways,2025-12-15 21:00:00+00:00,2025-12-15 22:00:00+00:00,2,103513.36106207324,103577.81769623145,0.0006226890277436503,0.0003540461487483437,3.713579898465806,0.058978679552937174,62.96478535319917,0.0,0.986972528109618,0.18237758742095778,0.445897688053458,0.0,0.0,0.0,0,0,1.955942481033929,1.9538906988680167,0.20122435294855245,0.0295938142717532,0.0295943273332689
fractal_dynamic_aave_hedged_lp,625,high_vol_chop,2025-12-15 23:00:00+00:00,2025-12-16 00:00:00+00:00,2,103573.22165278767,103656.53181951848,0.0008043600981157972,0.0007599515517682232,26.863669015759577,0.056170477989477344,478.2524553341359,0.0,0.6905714722361154,0.18119496476092078,0.4423342859981076,0.0,0.0,0.0,0,0,1.9530615361666532,1.9456282910271605,0.20108804986714005,0.02996109565003715,0.0324568899910669
fractal_dynamic_aave_hedged_lp,626,downtrend,2025-12-16 01:00:00+00:00,2025-12-16 13:00:00+00:00,13,103586.42671671003,103659.97267548942,0.0007099960980458953,3.319478194496739e-05,0.02261983989277927,0.052350239569667875,0.43208665478362734,-0.0017219215237849195,4.110148140605816,1.1612097757570037,2.8520762308473753,0.0,0.0,0.0,0,0,1.9649536107093661,1.9502127161491123,0.20116774526446723,0.03216442799734757,0.0377579578437669
fractal_dynamic_aave_hedged_lp,627,sideways,2025-12-16 14:00:00+00:00,2025-12-17 14:00:00+00:00,25,103556.40912450298,103593.71380722304,0.00036023538316398707,-0.0006391943443192494,-0.20072108188090054,0.04503807493118026,-4.456697631672964,-0.0011296514692257231,16.332092226540226,2.238994515264763,5.485200969683049,0.0,0.0,0.0,0,0,1.95995090548709,1.9263133666590115,0.20110232320316626,0.03125003730738238,0.0356201543260324
fractal_dynamic_aave_hedged_lp,628,high_vol_chop,2025-12-17 15:00:00+00:00,2025-12-18 15:00:00+00:00,25,103576.13681980444,103690.65055478943,0.0011055995956310571,0.0009357396699454235,0.3878140305181135,0.0779546945744174,4.974864344416064,-0.002349475497283038,13.50907992097109,2.1601970256772636,5.457233311269133,0.0,0.0,0.0,0,0,2.0214347068770664,1.9466179789070897,0.20134738087453727,0.04383761381797533,0.0500461743040724
fractal_dynamic_aave_hedged_lp,630,high_vol_chop,2025-12-18 17:00:00+00:00,2025-12-19 16:00:00+00:00,24,103384.17036959394,103707.60113308752,0.0031284360297840763,0.0008247473856612952,0.35108601684905816,0.07352402301079725,4.775119783604605,-0.0008695709865196299,14.004313927227486,2.0970302497718487,5.224087669276804,0.0,0.0,0.0,0,0,1.994019524647289,1.9390270137874683,0.20117405838284275,0.0382996543018616,0.0558034700439757
fractal_dynamic_aave_hedged_lp,631,sideways,2025-12-19 17:00:00+00:00,2025-12-19 18:00:00+00:00,2,103718.4001627037,103626.24027519408,-0.0008885587067005707,-0.000784521645516012,-0.9678567692081492,0.06569766820291685,-14.731980535728942,-0.0008885587067005707,1.2479690658310574,0.1781683148305815,0.43536428507466896,0.0,0.0,0.0,0,0,1.9548924113390571,1.946128498403198,0.200900199185529,0.030949299085982297,0.0338443425660439
fractal_dynamic_aave_hedged_lp,632,uptrend,2025-12-19 19:00:00+00:00,2025-12-20 02:00:00+00:00,8,103713.76263108858,103688.4074720479,-0.0002444724634171891,0.0005999175178863503,0.9284425631412427,0.05313935552300529,17.471844624447844,-0.0007152581795714097,0.8655551187393935,0.7197674962785132,1.741493520434001,0.0,0.0,0.0,0,0,1.9356349616434256,1.9270638905720128,0.20079974071553186,0.026923497505618635,0.0285136666550037
fractal_dynamic_aave_hedged_lp,633,sideways,2025-12-20 03:00:00+00:00,2025-12-31 00:00:00+00:00,262,103666.6274516532,103761.01122053109,0.0009104547065728053,0.0007002108553242348,0.02367944683519463,0.045943685266051276,0.5154015551445511,-0.002754697678159057,40.09945860449442,23.69571804143384,57.76454109228601,0.0,0.0,0.0,0,0,1.9503875475640022,1.885572119580501,0.20070738228340054,0.02981234674268282,0.0382108250863912
fractal_fixed_hedge_lp,1,warmup,2025-01-01 00:00:00+00:00,2025-01-01 23:00:00+00:00,24,99925.0,99955.78284460024,0.00030805949062040483,0.00030805949062107096,0.11898765630570951,0.062072621568606476,1.916910439720949,-0.0015441189057988636,7.307572109220294,2.4395755248316213,5.7765748637056635,0.0,0.0,0.0,0,0,1.8939346826182806,1.882862728245672,0.21231800650992114,0.0,0.0
fractal_fixed_hedge_lp,2,sideways,2025-01-02 00:00:00+00:00,2025-01-03 21:00:00+00:00,46,99971.99753633268,100106.85612382728,0.001348963617993082,0.0015114010908390263,0.33323197235483004,0.06213477958482333,5.363050687255086,-0.0015358154848796879,23.325860653642295,5.013989981155394,11.442099750261601,0.0,0.0,0.0,0,0,1.8260163644433312,1.7484709119756787,0.2120583512531563,0.0,0.0
fractal_fixed_hedge_lp,4,sideways,2025-01-03 23:00:00+00:00,2025-01-07 14:00:00+00:00,88,100172.0923586245,100181.54431775068,9.43572097140688e-05,6.429391047135802e-05,0.006420484314338948,0.06423074982211709,0.09995966623649988,-0.0016127016535136818,45.491512365529346,9.92222801810789,21.571488804691107,0.0,0.0,0.0,0,0,1.7393342534575722,1.7049587173921272,0.21157298863136723,0.0,0.0
fractal_fixed_hedge_lp,5,downtrend,2025-01-07 15:00:00+00:00,2025-01-08 14:00:00+00:00,24,100138.46114778084,99946.70216455944,-0.0019149383865446623,-0.002344165832045886,-0.575407314602971,0.07610400148776435,-7.560802367211695,-0.0025655706459567496,21.591316427602237,2.505317421444116,5.871348512184401,0.0,0.0,0.0,0,0,1.8750453759960422,1.82999554935883,0.21194436530661498,0.0,0.0
fractal_fixed_hedge_lp,6,sideways,2025-01-08 15:00:00+00:00,2025-01-08 16:00:00+00:00,2,99978.48634197412,100007.41295568782,0.0002893283822558157,0.000607431659209956,13.292614610665833,0.0018982783172824273,7002.458222088067,0.0,1.6651131963950405,0.20609135386125,0.4901670760550504,0.0,0.0,0.0,0,0,1.9027751467347307,1.8932003024424644,0.21199204129249136,0.0,0.0
fractal_fixed_hedge_lp,8,sideways,2025-01-08 18:00:00+00:00,2025-01-09 14:00:00+00:00,21,99857.39480721232,99823.3225278166,-0.0003412093762459323,-0.00033204930430907886,-0.12936721880782487,0.06437202288252859,-2.009680805649139,-0.002218514534102378,15.55339941679486,2.1522098162683303,5.1556396715939545,0.0,0.0,0.0,0,0,1.91658857814443,1.8935364012467464,0.21208762254069863,0.0,0.0
fractal_fixed_hedge_lp,9,high_vol_chop,2025-01-09 15:00:00+00:00,2025-01-10 14:00:00+00:00,24,100035.87801734835,99861.2849554142,-0.0017453044387122363,0.000380296173642769,0.14887329194351917,0.07805206204282987,1.9073588582685648,-0.0022072306870440928,18.053173461583143,2.4278012625080003,5.896728301094996,0.0,0.0,0.0,0,0,1.9433485415922656,1.908503942065622,0.21211212275395794,0.0,0.0
fractal_fixed_hedge_lp,10,sideways,2025-01-10 15:00:00+00:00,2025-01-13 10:00:00+00:00,68,99991.12852997998,99771.2530343536,-0.0021989500354568925,-0.0009015698235878,-0.1096991092259616,0.06137443422808613,-1.7873746716472567,-0.003370773610914979,37.50726705254843,6.8709097540132795,16.70488212736769,0.0,0.0,0.0,0,0,1.9452337929256576,1.911678740939168,0.21199531757984855,0.0,0.0
fractal_fixed_hedge_lp,11,downtrend,2025-01-13 11:00:00+00:00,2025-01-13 20:00:00+00:00,10,99780.22166561498,99787.94113586872,7.736473345998363e-05,0.00016726362561958474,0.15778729989225315,0.06610176375204461,2.3870361535908726,-0.001995380662848878,18.31915364565873,0.9403875379238716,2.452278773135441,0.0,0.0,0.0,0,0,2.0863307522720733,2.0509384658023366,0.2124241985698761,0.0,0.0
fractal_fixed_hedge_lp,12,high_vol_chop,2025-01-13 21:00:00+00:00,2025-01-13 23:00:00+00:00,3,99784.95419629784,99793.68692762931,8.751551175034677e-05,5.758002114486516e-05,0.1830890079653058,0.041391524758934435,4.423345335346355,-0.0003963310763390737,2.013266130643956,0.2903457832134822,0.7357070506115815,0.0,0.0,0.0,0,0,2.02715032144938,2.020761045191952,0.21226584658042838,0.0,0.0
fractal_fixed_hedge_lp,14,high_vol_chop,2025-01-14 01:00:00+00:00,2025-01-14 10:00:00+00:00,10,99891.23986263864,99909.0830731602,0.00017862637951138183,0.0006127348818607548,0.710167603006326,0.06667732798197222,10.650810770316658,-0.0012947686369891853,3.399167831746581,0.9818374757621031,2.4467300976664936,0.0,0.0,0.0,0,0,1.9938034192995233,1.954518831344531,0.21203252367660969,0.0,0.0
fractal_fixed_hedge_lp,20,uptrend,2025-01-14 16:00:00+00:00,2025-01-14 19:00:00+00:00,4,99919.16210761436,100021.98672195364,0.0010290780283819245,0.0003956398738980127,1.3780479633577989,0.061798075348167045,22.299205203300435,-0.0002642404687394073,2.625281155584929,0.3963851414181929,0.978749421375113,0.0,0.0,0.0,0,0,1.9753889809299237,1.9666779882058416,0.21194875042074823,0.0,0.0
fractal_fixed_hedge_lp,21,sideways,2025-01-14 20:00:00+00:00,2025-01-15 18:00:00+00:00,23,99931.361464347,100094.7446196716,0.0016349537615665266,0.0007274190415771375,0.3191018080852963,0.0711102797217045,4.487421640501564,-0.0018796861706902313,13.086111356458531,2.308200267149572,5.628180391239761,0.0,0.0,0.0,0,0,1.9511734546646116,1.8796928711731684,0.21178829817007633,0.0,0.0
fractal_fixed_hedge_lp,22,uptrend,2025-01-15 19:00:00+00:00,2025-01-16 02:00:00+00:00,8,100225.64072337544,100218.07814455609,-7.545552979038028e-05,0.0012321678361149058,2.8512325027623877,0.06315919055001204,45.143588414178055,-0.0014047244191537356,5.766803430256374,0.8459693894387237,1.9594915895100797,0.0,0.0,0.0,0,0,1.853084110403897,1.83677784511062,0.21132273002023888,0.0,0.0
fractal_fixed_hedge_lp,23,high_vol_chop,2025-01-16 03:00:00+00:00,2025-01-16 18:00:00+00:00,16,100128.92154304932,100138.23341483978,9.299882238766877e-05,-0.000796709847110777,-0.353623091413953,0.06125981738067295,-5.772512987045218,-0.0014317515600426045,7.882928023586089,1.6561043353752392,3.9249315078344544,0.0,0.0,0.0,0,0,1.896112104785412,1.873729458809246,0.2115291733134868,0.0,0.0
fractal_fixed_hedge_lp,24,sideways,2025-01-16 19:00:00+00:00,2025-01-17 00:00:00+00:00,6,100069.75822862863,100069.20209195698,-5.557489910046343e-06,-0.0006893603025411865,-0.634618443118544,0.05092059479116332,-12.462903187232106,-0.0009083267560999753,3.155163425039035,0.6165383182620352,1.4719286053768306,0.0,0.0,0.0,0,0,1.9099815982183115,1.8961074320999405,0.21162369727075023,0.0,0.0
fractal_fixed_hedge_lp,25,high_vol_chop,2025-01-17 01:00:00+00:00,2025-01-17 07:00:00+00:00,7,100136.24950932268,100201.7336533676,0.000653950436188655,0.0013243991022218182,4.239857593120203,0.06644282377475054,63.81212224654764,-0.0012987925144597456,3.549070466349292,0.7302938843313276,1.7173047041973968,0.0,0.0,0.0,0,0,1.8812384211922077,1.872931564189436,0.21142114516591876,0.0,0.0
fractal_fixed_hedge_lp,26,sideways,2025-01-17 08:00:00+00:00,2025-01-17 19:00:00+00:00,12,100197.29169854237,100181.94347529596,-0.0001531800209987333,-0.00019750334999280028,-0.13427821384302885,0.04943635660266198,-2.7161834542596215,-0.0010314924256128455,9.448674678965375,1.2697624754035721,2.9440878889034785,0.0,0.0,0.0,0,0,1.854923012323863,1.8437754725071585,0.2112693849033217,0.0,0.0
fractal_fixed_hedge_lp,29,uptrend,2025-01-17 22:00:00+00:00,2025-01-18 00:00:00+00:00,3,100341.26376905551,100269.13998016385,-0.0007187849363514687,-0.00017573764672162984,-0.4014223515335066,0.05003067552879071,-8.023524513525778,-0.0007187849363514687,1.157868374809226,0.3230030138413001,0.7360562155053566,0.0,0.0,0.0,0,0,1.8230503479580022,1.817432143532805,0.21111453156120122,0.0,0.0
fractal_fixed_hedge_lp,30,sideways,2025-01-18 01:00:00+00:00,2025-01-18 03:00:00+00:00,3,100271.1875964394,100227.7639121044,-0.00043306243175023074,-0.00041265007426649625,-0.700364005947742,0.11769471224642115,-5.95068370175686,-0.0014658482627507574,2.3344579288595355,0.318915598308745,0.7360670295349064,0.0,0.0,0.0,0,0,1.8466440768410466,1.8286138157966336,0.21113235213175888,0.0,0.0
fractal_fixed_hedge_lp,31,high_vol_chop,2025-01-18 04:00:00+00:00,2025-01-18 15:00:00+00:00,12,100173.22093958396,100219.7086074971,0.00046407280785332183,-8.036999223470787e-05,-0.05698439865875471,0.08079647490408626,-0.7052832283388732,-0.0014397449812357799,15.766505045815876,1.2258123897764501,2.944376261612721,0.0,0.0,0.0,0,0,1.9217030840942735,1.8849882451076636,0.21148633236696993,0.0,0.0
fractal_fixed_hedge_lp,33,high_vol_chop,2025-01-18 17:00:00+00:00,2025-01-18 19:00:00+00:00,3,100220.64659893228,100174.00054709733,-0.00046543355504002903,-0.00026898572371414353,-0.5441283452830007,0.06880527593671722,-7.908235783887501,-0.000924653420192767,3.3325868890153174,0.3034957102402987,0.7361247070425037,0.0,0.0,0.0,0,0,1.940431288522184,1.9294402036499076,0.21136274528394394,0.0,0.0
fractal_fixed_hedge_lp,34,downtrend,2025-01-18 20:00:00+00:00,2025-01-18 22:00:00+00:00,3,100130.31843803532,100182.20842024052,0.0005182244800041591,8.19361620618686e-05,0.270288184928799,0.04050138628227661,6.673553913562633,0.0,2.8134838731572813,0.3037077259634397,0.7361355220783211,0.0,0.0,0.0,0,0,1.9390789799633972,1.9349488415683929,0.21138616631508422,0.0,0.0
fractal_fixed_hedge_lp,37,high_vol_chop,2025-01-19 01:00:00+00:00,2025-01-19 04:00:00+00:00,4,100205.444948046,100229.65349208975,0.00024158910782046128,0.0008250489447307885,5.086737512099401,0.06332730129381908,80.32455841594312,-0.0007241425856647776,2.8687707898726558,0.4119932863756939,0.9815404667490901,0.0,0.0,0.0,0,0,1.9060890750919441,1.8931422948438767,0.21118934705869424,0.0,0.0
fractal_fixed_hedge_lp,38,sideways,2025-01-19 05:00:00+00:00,2025-01-19 07:00:00+00:00,3,100095.95230066332,100202.75297245847,0.001066982923288995,-0.00026838883198765373,-0.5433328889699436,0.1126745632922124,-4.822143286775859,-2.062477015285502e-06,3.7050747181303905,0.3047300441145854,0.7361679681391401,0.0,0.0,0.0,0,0,1.9326717905669664,1.9245697560619,0.21136527752304776,0.0,0.0
fractal_fixed_hedge_lp,39,high_vol_chop,2025-01-19 08:00:00+00:00,2025-01-19 10:00:00+00:00,3,100121.14799523896,100103.63849831012,-0.00017488310191648981,-0.000989139232288383,-0.9444079992633416,0.07714431703849232,-12.242094239969937,-0.0007964824368513757,5.2964600389501015,0.2973874908298053,0.736178783810543,0.0,0.0,0.0,0,0,1.980510545732212,1.9685711777402684,0.21152800735262386,0.0,0.0
fractal_fixed_hedge_lp,41,high_vol_chop,2025-01-19 12:00:00+00:00,2025-01-19 16:00:00+00:00,5,100113.22661069749,100343.51648919606,0.0023002942397820636,0.0034182083592335655,393.8433073905317,0.14200531416058373,2773.4406259272964,-0.0008554226327722736,9.725647506475468,0.5148190550270608,1.2269946838240602,0.0,0.0,0.0,0,0,1.9077594389428856,1.86212969890656,0.21122013011139082,0.0,0.0
fractal_fixed_hedge_lp,42,uptrend,2025-01-19 17:00:00+00:00,2025-01-19 18:00:00+00:00,2,100364.03816184228,100286.75015627744,-0.0007700766826481686,-0.0005657199877456831,-0.9161356525156764,0.06449995229943423,-14.203664031604447,-0.0007700766826481686,2.280293654873219,0.2125332272126867,0.4908062860480722,0.0,0.0,0.0,0,0,1.8474657959681011,1.8446416667201635,0.21102035203550154,0.0,0.0
fractal_fixed_hedge_lp,43,high_vol_chop,2025-01-19 19:00:00+00:00,2025-01-20 07:00:00+00:00,13,100334.37142090753,100327.2346335474,-7.113003509218174e-05,0.00040368719902561523,0.3125452289963333,0.10541909129109847,2.9647877359641446,-0.003882788053298225,31.8883931601506,1.3217898958143603,3.19035803750219,0.0,0.0,0.0,0,0,1.9320687475703466,1.857516388026058,0.21130636471773917,0.0,0.0
fractal_fixed_hedge_lp,46,uptrend,2025-01-20 10:00:00+00:00,2025-01-20 11:00:00+00:00,2,100293.93670276697,100300.28941073566,6.334089754123085e-05,-0.00035182943866118865,-0.7858940069166123,0.03166688367725843,-24.817535407849494,0.0,1.36966048287303,0.2080394224181108,0.4908471489531359,0.0,0.0,0.0,0,0,1.887541966044509,1.8819105247767265,0.21106247913205495,0.0,0.0
fractal_fixed_hedge_lp,47,high_vol_chop,2025-01-20 12:00:00+00:00,2025-01-21 05:00:00+00:00,18,100203.9650486818,100115.6548732077,-0.0008813042021958983,-0.0018408175949706784,-0.5920824212371967,0.04925233051357621,-12.021409242228476,-0.0027857449005888046,23.199986775721527,1.8352768111736855,4.417840689320566,0.0,0.0,0.0,0,0,1.9261175207400614,1.8792749542657,0.21121610676908636,0.0,0.0
fractal_fixed_hedge_lp,49,high_vol_chop,2025-01-21 07:00:00+00:00,2025-01-21 16:00:00+00:00,10,100211.90677684725,100313.23579760564,0.0010111475174705564,0.001855673624174159,4.073666309868321,0.0479041022589187,85.03794284360882,-0.0006207868419731977,5.991016127524347,1.0175448570109602,2.4545362384403036,0.0,0.0,0.0,0,0,1.9298616004774742,1.9154660536687131,0.21119390412304626,0.0,0.0
fractal_fixed_hedge_lp,50,sideways,2025-01-21 17:00:00+00:00,2025-01-23 23:00:00+00:00,55,100242.2916943214,100312.07438451558,0.0006961402120273519,-1.1577864883038913e-05,-0.0018423495776772603,0.05699604382724295,-0.03232416592389268,-0.0028124265355677913,32.461062956053865,5.614047612703017,13.598247982263995,0.0,0.0,0.0,0,0,1.9380501663191076,1.8874085216095184,0.21115132018315985,0.0,0.0
fractal_fixed_hedge_lp,51,high_vol_chop,2025-01-24 00:00:00+00:00,2025-01-24 04:00:00+00:00,5,100335.4774487096,100300.7967199242,-0.00034564771770917435,-0.0001124257938099893,-0.17879381634192382,0.03611516799207159,-4.9506571970307505,-0.0005120675554790566,2.35668402253134,0.5167609369511961,1.241954542995088,0.0,0.0,0.0,0,0,1.9227390839875327,1.9038589571136724,0.2109343510037071,0.0,0.0
fractal_fixed_hedge_lp,52,uptrend,2025-01-24 05:00:00+00:00,2025-01-24 06:00:00+00:00,2,100318.40983120308,100439.69414157372,0.0012089935493866388,0.0013848087571763923,427.9183081715615,0.06839141364684187,6256.901054586135,0.0,1.4016081499281654,0.2127724403112049,0.49679043152815994,0.0,0.0,0.0,0,0,1.8679067764151234,1.861434124425042,0.21079766018924911,0.0,0.0
fractal_fixed_hedge_lp,54,uptrend,2025-01-24 08:00:00+00:00,2025-01-24 13:00:00+00:00,6,100363.4343224939,100427.68093858888,0.000640139673663942,0.00023581775840764152,0.410936034434219,0.07568976295444624,5.429215502782592,-0.0008602753214099756,2.7685179390396684,0.6392789105207466,1.4904082140140227,0.0,0.0,0.0,0,0,1.8651264054643073,1.858917632799372,0.21078910742456833,0.0,0.0
fractal_fixed_hedge_lp,55,high_vol_chop,2025-01-24 14:00:00+00:00,2025-01-24 18:00:00+00:00,5,100472.80011609224,100425.48467658056,-0.0004709278477061929,-2.1869090153003867e-05,-0.03759032839510601,0.10209876541011614,-0.3681761306722078,-0.0014709845928799758,2.704526736569676,0.5306790929746432,1.242040688643685,0.0,0.0,0.0,0,0,1.8723999357365184,1.8666856491890784,0.21073278565765524,0.0,0.0
fractal_fixed_hedge_lp,57,high_vol_chop,2025-01-24 20:00:00+00:00,2025-01-24 21:00:00+00:00,2,100401.15097941188,100378.67400941432,-0.00022387163671233612,-0.000234167230441229,-0.6414806247882961,0.014134644928465395,-45.38356839063109,-0.00022387163671233612,1.6188376951050145,0.2085434500917971,0.49682735182349813,0.0,0.0,0.0,0,0,1.905904265074791,1.9058488919439316,0.21075893512219085,0.0,0.0
fractal_fixed_hedge_lp,58,sideways,2025-01-24 22:00:00+00:00,2025-01-27 03:00:00+00:00,54,100390.76802330396,100187.83192369012,-0.0020214617699382265,-0.0019012214258408155,-0.2656091687826523,0.039906912933059493,-6.655718251827432,-0.0023578963255370677,17.342693899892083,5.590381891227021,13.41619952029369,0.0,0.0,0.0,0,0,1.9201945350046787,1.894196953701938,0.21085417848006052,0.0,0.0
fractal_fixed_hedge_lp,59,downtrend,2025-01-27 04:00:00+00:00,2025-01-27 20:00:00+00:00,17,100222.73147651389,100076.655681856,-0.0014575116094507345,-0.0011096780886402646,-0.4356767702789599,0.07649860799180996,-5.695224811484204,-0.002739600652643559,16.50970530330585,1.6465413415266168,4.224361265394719,0.0,0.0,0.0,0,0,2.0527506918680603,2.012179614355837,0.21136219556127936,0.0,0.0
fractal_fixed_hedge_lp,60,high_vol_chop,2025-01-27 21:00:00+00:00,2025-01-28 09:00:00+00:00,13,100139.16669069568,100196.51012489338,0.0005726374214278795,0.0011976263817043975,1.240128129189169,0.05803250600655634,21.369542942864864,-0.0008375019060726796,5.390721008235516,1.300221200417374,3.2363601981401326,0.0,0.0,0.0,0,0,1.9913418680858503,1.9762805740524008,0.21106746049594938,0.0,0.0
fractal_fixed_hedge_lp,62,sideways,2025-01-28 11:00:00+00:00,2025-01-30 12:00:00+00:00,50,100193.4580705953,100300.52447752203,0.001068596782549447,0.0008079910494125375,0.15200381399166596,0.05512291685396817,2.7575430087336454,-0.0020630363761777737,27.23257366252534,4.93725670577963,12.463602057351936,0.0,0.0,0.0,0,0,2.0198887469418487,1.9708543518060928,0.2111223409711687,0.0,0.0
fractal_fixed_hedge_lp,63,uptrend,2025-01-30 13:00:00+00:00,2025-01-30 14:00:00+00:00,2,100296.1206576231,100354.78965530434,0.0005849577959402552,0.0005410258626761255,9.687261059025154,0.041619208887669165,232.7593752483669,0.0,1.0428292648196589,0.20548657534049541,0.49945619329365976,0.0,0.0,0.0,0,0,1.9444939683858187,1.9424032358235348,0.21075699779375634,0.0,0.0
fractal_fixed_hedge_lp,65,uptrend,2025-01-30 16:00:00+00:00,2025-01-30 17:00:00+00:00,2,100274.23723769466,100334.8914243054,0.0006048830515357206,-0.0007204692714529726,-0.957437969741497,0.1276929799521314,-7.497968722324549,0.0,0.6538732802617915,0.2060987136094058,0.4994636509643488,0.0,0.0,0.0,0,0,1.9387471873960496,1.936824896991108,0.2107978190322668,0.0,0.0
fractal_fixed_hedge_lp,66,sideways,2025-01-30 18:00:00+00:00,2025-01-31 14:00:00+00:00,21,100356.0883237977,100385.57034011083,0.0002937740679769263,0.0005050976294085352,0.23447363738435212,0.060139359978593925,3.8988382561405865,-0.0011820365983093994,6.289832404489346,2.1674630938082666,5.261853743674674,0.0,0.0,0.0,0,0,1.9424417351044017,1.8933152007715053,0.21068652888607522,0.0,0.0
fractal_fixed_hedge_lp,68,high_vol_chop,2025-01-31 16:00:00+00:00,2025-02-01 10:00:00+00:00,19,100506.75384841574,100376.79040699886,-0.0012930816730275518,-0.0006693753257527302,-0.2656140653004133,0.07591388894729609,-3.4988862905550566,-0.002550954132109595,8.757871792019671,1.9841850408322972,4.767444132338073,0.0,0.0,0.0,0,0,1.9224526724806579,1.8663078349198992,0.21054223770770894,0.0,0.0
fractal_fixed_hedge_lp,69,sideways,2025-02-01 11:00:00+00:00,2025-02-01 14:00:00+00:00,4,100277.26064880476,100382.51062740215,0.0010495896867985799,5.6987480672399116e-05,0.13292074338267046,0.07271753624378598,1.8279049352972145,-0.00020152669286355174,0.8919974053608823,0.4108422350392564,1.0037301612333196,0.0,0.0,0.0,0,0,1.9545125352064494,1.9447171866672308,0.21070460899710658,0.0,0.0
fractal_fixed_hedge_lp,71,sideways,2025-02-01 16:00:00+00:00,2025-02-01 20:00:00+00:00,5,100412.26317268946,100258.11781620947,-0.0015351248105511806,-0.0006222544389004048,-0.6639613532152565,0.1104606733696714,-6.0108392694042445,-0.001755513620400051,1.9862619371696724,0.5088809719846266,1.254697205165868,0.0,0.0,0.0,0,0,1.972741455096309,1.9479919742862868,0.21070100591983515,0.0,0.0
fractal_fixed_hedge_lp,74,downtrend,2025-02-01 23:00:00+00:00,2025-02-02 00:00:00+00:00,2,100220.61372790152,100215.1608528312,-5.4408717602982826e-05,-6.667430701801091e-05,-0.2532637242802508,0.002789054153071722,-90.8063129578603,-5.4408717602982826e-05,1.39143830020231,0.1980379705450158,0.5018926838798949,0.0,0.0,0.0,0,0,2.027529509111309,2.0165993021678825,0.2109234308917991,0.0,0.0
fractal_fixed_hedge_lp,76,downtrend,2025-02-02 02:00:00+00:00,2025-02-02 07:00:00+00:00,6,100236.02845161223,100091.4898000776,-0.0014419830251395371,-0.0015021675241141397,-0.8886206667392741,0.06251298018612823,-14.214978458769126,-0.0014419830251395371,2.5391655207960184,0.5884643695355732,1.5057156940175873,0.0,0.0,0.0,0,0,2.0470320584269586,2.036919600934371,0.21103555782724118,0.0,0.0
fractal_fixed_hedge_lp,77,sideways,2025-02-02 08:00:00+00:00,2025-02-02 10:00:00+00:00,3,100215.57142155874,100102.86100550074,-0.0011246796726216424,0.00011360811439486973,0.39335826538684904,0.09747394833466427,4.035522025190813,-0.0011246796726216424,0.7641009611211871,0.2946215032523236,0.7528747864373966,0.0,0.0,0.0,0,0,2.0443294503385863,2.0426580208774627,0.21104085359729216,0.0,0.0
fractal_fixed_hedge_lp,78,downtrend,2025-02-02 11:00:00+00:00,2025-02-02 12:00:00+00:00,2,100097.23511848976,100118.53923991958,0.00021283426464879796,0.00015662124200388483,0.9856520014599557,0.017805179823634023,55.357598812432826,0.0,1.1392249783834814,0.1932150982146558,0.5019227982690645,0.0,0.0,0.0,0,0,2.0782119808444266,2.073951316366697,0.21114343711904499,0.0,0.0
fractal_fixed_hedge_lp,79,sideways,2025-02-02 13:00:00+00:00,2025-02-02 14:00:00+00:00,2,100070.9774353368,100218.77311686851,0.00147690854351068,0.0010011520115043027,79.06607454757008,0.12918400349147524,612.0422994383171,0.0,0.7327642755041665,0.1950615169688357,0.5019278175095951,0.0,0.0,0.0,0,0,2.0585519276124264,2.0585337295863906,0.21106362281479613,0.0,0.0
fractal_fixed_hedge_lp,80,downtrend,2025-02-02 15:00:00+00:00,2025-02-03 20:00:00+00:00,30,100094.32432159212,99635.28283160013,-0.004586089102486479,-0.0058221655197071565,-0.8182350075835797,0.30689641011666574,-2.6661602436878624,-0.017566561354034893,178.65096151573948,2.562747387602933,7.493416564202165,0.0,0.0,0.0,0,0,2.3494531123950306,2.0626942722000754,0.21233234577843974,0.0,0.0
fractal_fixed_hedge_lp,81,high_vol_chop,2025-02-03 21:00:00+00:00,2025-02-04 00:00:00+00:00,4,99808.1058539192,99981.4865284867,0.0017371402160588634,0.003474709832175682,1990.0640570010953,0.1378274707692333,14438.80560162851,-0.0009743844717541306,8.431196684031079,0.3579968544838747,0.9959975073338383,0.0,0.0,0.0,0,0,2.22590329406183,2.203982978806182,0.21146119408364764,0.0,0.0
fractal_fixed_hedge_lp,82,uptrend,2025-02-04 01:00:00+00:00,2025-02-04 06:00:00+00:00,6,99917.34240976178,99679.03401368386,-0.0023850553900904847,-0.003025085196314503,-0.9880056337927862,0.047191900909520745,-20.93591516237187,-0.0024046664279386842,8.301484085731545,0.5217194837605451,1.4888754816476337,0.0,0.0,0.0,0,0,2.2839284979154595,2.225065480036614,0.2117613185108441,0.0,0.0
fractal_fixed_hedge_lp,83,high_vol_chop,2025-02-04 07:00:00+00:00,2025-02-04 09:00:00+00:00,3,99623.38686290829,99696.77037786428,0.0007366093170169119,0.00017793475183536245,0.6812259444116688,0.0676461588173996,10.070430550987137,-0.00011761590863124116,1.8670493406110609,0.2531516361597737,0.7444542995874339,0.0,0.0,0.0,0,0,2.3526111930366223,2.348740747885814,0.2120878711579127,0.0,0.0
fractal_fixed_hedge_lp,84,uptrend,2025-02-04 10:00:00+00:00,2025-02-04 14:00:00+00:00,5,99750.85887341655,99936.4679067461,0.0018607261674317144,0.002404265734720523,66.16941140416922,0.025771582369867426,2567.5339005002515,0.0,5.656454453266747,0.4354664242878314,1.2407816980465838,0.0,0.0,0.0,0,0,2.279675784486073,2.252817486651347,0.21162118256514653,0.0,0.0
fractal_fixed_hedge_lp,85,high_vol_chop,2025-02-04 15:00:00+00:00,2025-02-04 20:00:00+00:00,6,99868.05480266295,99808.7209707333,-0.0005941222350520636,-0.0012782814791092445,-0.8454881983639565,0.0594833272458095,-14.213868616831949,-0.0011443974727091133,7.5490192264279585,0.5225289067127139,1.4889785165010327,0.0,0.0,0.0,0,0,2.279950407625376,2.244594689196908,0.2116068083060253,0.0,0.0
fractal_fixed_hedge_lp,86,downtrend,2025-02-04 21:00:00+00:00,2025-02-04 23:00:00+00:00,3,99616.40980769537,99822.01308288336,0.0020639498611212392,0.00013317585899108586,0.4752797255776746,0.17993695275326058,2.6413680920194547,0.0,4.986013733382492,0.25170898266957076,0.7445058181600519,0.0,0.0,0.0,0,0,2.3667164964224097,2.3262367588907016,0.21197809516484703,0.0,0.0
fractal_fixed_hedge_lp,87,high_vol_chop,2025-02-05 00:00:00+00:00,2025-02-05 20:00:00+00:00,21,99809.55183435867,99826.24608645588,0.00016726106660525097,4.240551198875231e-05,0.017846154417705318,0.04435769980184364,0.4023237114960496,-0.0015241913878610847,13.43594211233858,1.8119315471722528,5.211849860711603,0.0,0.0,0.0,0,0,2.30135967089246,2.254352274160579,0.2116866872712858,0.0,0.0
fractal_fixed_hedge_lp,89,high_vol_chop,2025-02-05 22:00:00+00:00,2025-02-06 05:00:00+00:00,8,99820.13749418134,100027.04578966,0.002072811164888666,0.0018679133688008775,6.717243432117033,0.028960109380102166,231.948137486397,-0.00016002286113603326,4.456255588072395,0.7026794447744891,1.995936795058007,0.0,0.0,0.0,0,0,2.272576265869329,2.2437947544924484,0.21149476051604754,0.0,0.0
fractal_fixed_hedge_lp,91,high_vol_chop,2025-02-06 07:00:00+00:00,2025-02-06 18:00:00+00:00,12,100002.3660816707,99761.57944947568,-0.0024078093512144294,-0.0018170853004195742,-0.7349081443188574,0.06284925063697443,-11.693188651743581,-0.0034053178380137883,8.518836874696603,1.0467133447992505,2.9992282173697977,0.0,0.0,0.0,0,0,2.2932715306739238,2.228092963441461,0.21158284421944673,0.0,0.0
fractal_fixed_hedge_lp,93,high_vol_chop,2025-02-06 20:00:00+00:00,2025-02-06 21:00:00+00:00,2,99726.2624384224,99683.99791893996,-0.0004238053091435434,-0.0003032168698536841,-0.7350704348733559,0.036032215826053135,-20.400367227537043,-0.0004238053091435434,1.5586122095267,0.1708922699645018,0.49989127339019757,0.0,0.0,0.0,0,0,2.340173504465855,2.3342576948829183,0.2119050881885701,0.0,0.0
fractal_fixed_hedge_lp,94,sideways,2025-02-06 22:00:00+00:00,2025-02-07 05:00:00+00:00,8,99673.36173660778,99771.8526834802,0.0009881371025961538,0.000881332674996349,1.623827841347817,0.06965381079656412,23.312835619152043,-0.0010692793323677785,4.077191791034693,0.6804949806554292,1.9961750907720126,0.0,0.0,0.0,0,0,2.3467998472223517,2.33273402568892,0.21181694299498868,0.0,0.0
fractal_fixed_hedge_lp,96,sideways,2025-02-07 07:00:00+00:00,2025-02-07 19:00:00+00:00,13,99789.53871606012,99690.93841949472,-0.0009880824967630764,0.0003517476391816654,0.2674184526831527,0.0701260256495299,3.8133980958743434,-0.002055507704006976,7.34275125364934,1.1125340933826484,3.242106529829229,0.0,0.0,0.0,0,0,2.3317948801748463,2.283082176739426,0.21170178697824865,0.0,0.0
fractal_fixed_hedge_lp,97,high_vol_chop,2025-02-07 20:00:00+00:00,2025-02-08 10:00:00+00:00,15,99517.46345936618,99602.52826510328,0.000854772647735702,-0.0008868424331549551,-0.4043760525828378,0.06564281038718194,-6.16024893202623,-0.0010853600870858182,6.561346661460789,1.2330298331143694,3.7411522272847813,0.0,0.0,0.0,0,0,2.4274371290016292,2.401080906402533,0.21216599480137324,0.0,0.0
fractal_fixed_hedge_lp,98,downtrend,2025-02-08 11:00:00+00:00,2025-02-08 14:00:00+00:00,4,99512.96142712155,99512.8562969572,-1.0564469477003513e-06,-0.0009002981119858866,-0.8608970449186599,0.08600857528939995,-10.00943268763528,-0.001133030050465167,1.1465921495497466,0.32811526690942977,0.9976876580749896,0.0,0.0,0.0,0,0,2.4325548446800136,2.4257518747374016,0.21219188625182167,0.0,0.0
fractal_fixed_hedge_lp,99,sideways,2025-02-08 15:00:00+00:00,2025-02-09 20:00:00+00:00,30,99479.11707072463,99628.1327381656,0.0014979592886317228,0.0011584075213799672,0.4022235530316316,0.045718500951681985,8.79782898955338,-0.001786731881855852,7.210391275934512,2.4893874561491667,7.483289136993889,0.0,0.0,0.0,0,0,2.4049864651326893,2.3732496491339483,0.21201841621509832,0.0,0.0
fractal_fixed_hedge_lp,100,high_vol_chop,2025-02-09 21:00:00+00:00,2025-02-10 21:00:00+00:00,25,99449.91850503309,99720.0397597279,0.002716153605305749,0.0009225006936937064,0.3813969063710674,0.06938226957298008,5.497037048779346,-0.0015800202280227271,13.487223749375744,2.073006334963124,6.236925922298069,0.0,0.0,0.0,0,0,2.407277106209191,2.368869942554148,0.21196385992089004,0.0,0.0
fractal_fixed_hedge_lp,101,sideways,2025-02-10 22:00:00+00:00,2025-02-10 23:00:00+00:00,2,99713.4283354067,99692.0012320956,-0.00021488683789938623,-0.00028117244738223857,-0.7082063745936753,0.00983371948080589,-72.01815914883477,-0.00021488683789938623,0.4803285646834183,0.1669950268323584,0.49898752322276274,0.0,0.0,0.0,0,0,2.390443112196709,2.3891866657506253,0.21182828068029408,0.0,0.0
fractal_fixed_hedge_lp,103,sideways,2025-02-11 01:00:00+00:00,2025-02-11 21:00:00+00:00,21,99836.61843815354,99652.45917948404,-0.001844606333332388,-0.00115364280927166,-0.3821512899548958,0.055393008494624175,-6.898908370213961,-0.0031235927077675196,7.092255020892026,1.7561531608785188,5.227648292635547,0.0,0.0,0.0,0,0,2.3819727436719704,2.335563780108636,0.21177369842252297,0.0,0.0
fractal_fixed_hedge_lp,104,high_vol_chop,2025-02-11 22:00:00+00:00,2025-02-11 23:00:00+00:00,2,99540.2183293972,99605.5397482695,0.0006562314205111885,-0.0004708306408177654,-0.8728927221605144,0.11797224291785102,-7.399136445751446,0.0,1.1341068994227044,0.16244883442548191,0.4978996326391309,0.0,0.0,0.0,0,0,2.452008934819056,2.443942598058916,0.21208438022681914,0.0,0.0
fractal_fixed_hedge_lp,105,sideways,2025-02-12 00:00:00+00:00,2025-02-12 21:00:00+00:00,22,99561.6261715621,99806.48187648234,0.0024593381439785844,0.0020173790405701997,1.2310548011167208,0.052512308137199634,23.443166845767415,-0.0017994248602206664,11.550595646633496,1.8011160318313406,5.451979623853098,0.0,0.0,0.0,0,0,2.4219269794975706,2.3713341880011627,0.21193191456678412,0.0,0.0
fractal_fixed_hedge_lp,106,uptrend,2025-02-12 22:00:00+00:00,2025-02-12 23:00:00+00:00,2,99922.3912018988,99890.07430384523,-0.00032341998289719953,0.0008375450751418878,38.13088454774934,0.09826378801328395,388.0461492344927,-0.00032341998289719953,2.9019616774033925,0.1709280261765001,0.49566384251368767,0.0,0.0,0.0,0,0,2.319888049938709,2.3164770437689084,0.2113569884066851,0.0,0.0
fractal_fixed_hedge_lp,108,uptrend,2025-02-13 01:00:00+00:00,2025-02-13 04:00:00+00:00,4,99902.5741387288,99864.15428980818,-0.00038457316292239696,0.00015621710080404583,0.40788521560038005,0.035437062237878666,11.510130632792457,-0.00047351228485414953,0.9326100542702986,0.3422365825724371,0.9936420537765568,0.0,0.0,0.0,0,0,2.322746659219077,2.3139076846803266,0.2114249000514291,0.0,0.0
fractal_fixed_hedge_lp,109,sideways,2025-02-13 05:00:00+00:00,2025-02-13 10:00:00+00:00,6,99861.15392958133,99780.0048106198,-0.0008126194798305786,-0.0008426394814720073,-0.7079330623495703,0.0368769189347994,-19.1971857410658,-0.001335968128185705,1.5642413017034187,0.5034929408345182,1.4904999172758895,0.0,0.0,0.0,0,0,2.368357766234367,2.338106815905749,0.21160460803212788,0.0,0.0
fractal_fixed_hedge_lp,110,high_vol_chop,2025-02-13 11:00:00+00:00,2025-02-13 12:00:00+00:00,2,99753.15499848004,99772.34101176796,0.0001923349019710141,-7.6806960135678e-05,-0.2856822627976351,0.03053783078634701,-9.355028023973437,0.0,0.9060690814585541,0.1659651317696227,0.4968431290491316,0.0,0.0,0.0,0,0,2.3949396252615016,2.3947443694434263,0.21164996401757358,0.0,0.0
fractal_fixed_hedge_lp,111,sideways,2025-02-13 13:00:00+00:00,2025-02-14 16:00:00+00:00,28,99761.81015425095,99848.89735588944,0.0008729512977343479,0.0007673102920628949,0.2712065045231269,0.0498316528201801,5.442454527883884,-0.0013216343882126447,9.36465577245633,2.3465071416045866,6.956319560030417,0.0,0.0,0.0,0,0,2.371961982591344,2.3192974559198927,0.21157576052678628,0.0,0.0
fractal_fixed_hedge_lp,113,sideways,2025-02-14 18:00:00+00:00,2025-02-17 15:00:00+00:00,70,100024.87896353322,99997.97983427286,-0.000268924387003433,9.519853937822731e-06,0.00119204597338185,0.04801757798553751,0.024825199924512733,-0.0029536046765726853,16.528585482337572,5.919236010908628,17.39509756195785,0.0,0.0,0.0,0,0,2.3512606161859235,2.251719410067629,0.2114016821045066,0.0,0.0
fractal_fixed_hedge_lp,114,high_vol_chop,2025-02-17 16:00:00+00:00,2025-02-18 14:00:00+00:00,23,99947.75571281974,99849.27479611676,-0.0009853239424999494,-0.0014870804230501244,-0.43266494347891227,0.04607956944237844,-9.389517929848518,-0.002117964812049289,9.262888014359419,1.957974693465845,5.7512900422666,0.0,0.0,0.0,0,0,2.3500728741598294,2.292387562272737,0.21128171930868192,0.0,0.0
fractal_fixed_hedge_lp,115,sideways,2025-02-18 15:00:00+00:00,2025-02-21 14:00:00+00:00,72,99796.81339469606,100058.23844828348,0.002619573157646604,0.0020927908849948107,0.28963189626789965,0.05407248829912628,5.356363381423666,-0.0013876647601180903,25.60472430591426,6.138003875509588,17.957280983169674,0.0,0.0,0.0,0,0,2.340975743721588,2.24430925795976,0.21114190112731648,0.0,0.0
fractal_fixed_hedge_lp,116,high_vol_chop,2025-02-21 15:00:00+00:00,2025-02-22 14:00:00+00:00,24,99969.43796453296,99985.54600646552,0.0001611296638306392,-0.0007265013150865585,-0.2330006698435353,0.05814530121426799,-4.007214082268103,-0.0022977261638700286,12.954349719090487,2.0215327866452784,5.98201607113312,0.0,0.0,0.0,0,0,2.367679270673355,2.3252897242703314,0.2111943961235796,0.0,0.0
fractal_fixed_hedge_lp,117,sideways,2025-02-22 15:00:00+00:00,2025-02-22 19:00:00+00:00,5,100088.1670979259,100032.29805621246,-0.0005581982699192078,0.0004675880826210399,1.2682823090486965,0.06468242895456074,19.60783368137987,-0.0010958780584603423,1.3617763936284746,0.4342502253640045,1.2463428786672692,0.0,0.0,0.0,0,0,2.296109930016892,2.286690475585963,0.21076384150740174,0.0,0.0
fractal_fixed_hedge_lp,119,sideways,2025-02-22 21:00:00+00:00,2025-02-23 06:00:00+00:00,10,100096.93899125532,100056.61488830028,-0.0004028505103294,-0.00015246314863681665,-0.12503194385688565,0.057215815962277955,-2.1852689112975066,-0.0011377191037880152,1.0790608053999902,0.8667372755521253,2.4927907311399236,0.0,0.0,0.0,0,0,2.3009064684950946,2.278794788670994,0.21082265492314806,0.0,0.0
fractal_fixed_hedge_lp,121,sideways,2025-02-23 08:00:00+00:00,2025-02-24 15:00:00+00:00,32,100192.3578166963,99798.14317391318,-0.003934577959571972,-0.003424524274508234,-0.609009641369501,0.05458826272888748,-11.156421012959258,-0.004298418695013573,12.472313543497194,2.764126685975036,7.977799841400131,0.0,0.0,0.0,0,0,2.309927247808289,2.2586623678371205,0.21079128218880772,0.0,0.0
fractal_fixed_hedge_lp,122,downtrend,2025-02-24 16:00:00+00:00,2025-02-25 20:00:00+00:00,29,99868.0190829179,99559.04082975825,-0.0030938658441109768,-0.002395859647791765,-0.5154735186934736,0.1094682432128649,-4.7088863725630175,-0.007680660669021622,44.06666815382084,2.2575802483267586,7.218907808757508,0.0,0.0,0.0,0,0,2.5616375206843545,2.390695423791415,0.2119238799919282,0.0,0.0
fractal_fixed_hedge_lp,123,high_vol_chop,2025-02-25 21:00:00+00:00,2025-02-26 14:00:00+00:00,18,99525.39591442802,99342.1936995492,-0.0018407584636622731,-0.0021780757267425566,-0.653943391645696,0.049720581309132005,-13.152368182903537,-0.002688416110875891,8.616307472150197,1.3925632989354486,4.47836896335717,0.0,0.0,0.0,0,0,2.573034292347146,2.537117000075581,0.2119140160400459,0.0,0.0
fractal_fixed_hedge_lp,125,high_vol_chop,2025-02-26 16:00:00+00:00,2025-02-26 17:00:00+00:00,2,99341.6869256874,99201.73660137416,-0.001408777409003914,-0.0022614494326945733,-0.999950639765404,0.036724315498557515,-27.22857121202656,-0.001408777409003914,4.471422129745179,0.14871670666036169,0.49762360738310063,0.0,0.0,0.0,0,0,2.6770213370170706,2.6595540159571263,0.21242912411006631,0.0,0.0
fractal_fixed_hedge_lp,126,downtrend,2025-02-26 18:00:00+00:00,2025-02-27 07:00:00+00:00,14,98933.08379372236,99293.88558742922,0.0036469275986499294,0.0009289049689251705,0.787752640392346,0.10385348947825045,7.58523035046715,-0.0014331094252733045,21.260077497509315,1.0233019411847735,3.497294943371596,0.0,0.0,0.0,0,0,2.734338782421833,2.706487388598684,0.21267311609393305,0.0,0.0
fractal_fixed_hedge_lp,129,high_vol_chop,2025-02-27 10:00:00+00:00,2025-02-27 13:00:00+00:00,4,99231.2274063803,99148.18250079844,-0.0008368827812818003,-0.0011310259879874218,-0.9161183763604289,0.047964704482656065,-19.099844067457884,-0.0010032137544876418,2.4569385244686828,0.2959430589081542,1.0022372076760786,0.0,0.0,0.0,0,0,2.7093957131544335,2.681900427626879,0.21253182699268466,0.0,0.0
fractal_fixed_hedge_lp,131,high_vol_chop,2025-02-27 15:00:00+00:00,2025-02-27 17:00:00+00:00,3,99180.39694263256,99096.37961790874,-0.0008471162378229646,-0.0001296248289998081,-0.3151319140978073,0.06655330785036777,-4.735030072529534,-0.0008471162378229646,2.0563740716072516,0.2181917473247135,0.7516947414239639,0.0,0.0,0.0,0,0,2.7561850552323413,2.744160692123846,0.21271627638602486,0.0,0.0
fractal_fixed_hedge_lp,135,high_vol_chop,2025-02-27 21:00:00+00:00,2025-02-28 00:00:00+00:00,4,99012.3763195328,99134.0755878934,0.0012291318811281648,0.0014859714988009198,24.838408671776076,0.08537529480829391,290.93203985473224,-0.00026104904799539863,3.530295774038109,0.2888905349655543,1.0040162195415887,0.0,0.0,0.0,0,0,2.78039962152631,2.7639806260575828,0.21282955378689844,0.0,0.0
fractal_fixed_hedge_lp,136,downtrend,2025-02-28 01:00:00+00:00,2025-02-28 14:00:00+00:00,14,98846.49330200243,98738.48248936977,-0.0010927126398168063,-0.00399048557398296,-0.9180707372392983,0.1127303951447754,-8.143950316684819,-0.003775256141953953,27.532150081838154,0.9474493919579476,3.5323191818382544,0.0,0.0,0.0,0,0,2.982996263115387,2.906986668025843,0.2138106243118041,0.0,0.0
fractal_fixed_hedge_lp,137,high_vol_chop,2025-02-28 15:00:00+00:00,2025-03-01 02:00:00+00:00,12,98854.25531645224,99057.83754144632,0.0020594179212860553,0.0032343524431917015,9.562048209191891,0.06198065409627832,154.274722469669,-0.001168084665374658,8.787566358132835,0.8465069973612237,3.02789941158438,0.0,0.0,0.0,0,0,2.8616702568484675,2.826145663747905,0.2131427053883699,0.0,0.0
fractal_fixed_hedge_lp,138,uptrend,2025-03-01 03:00:00+00:00,2025-03-01 08:00:00+00:00,6,99015.97950316116,98910.56960369938,-0.0010645746271531475,-0.0014866863784032125,-0.8860706985820529,0.04325796629256843,-20.48341090723622,-0.001647422771393403,1.5261914122763756,0.4271427446430238,1.5140179902694237,0.0,0.0,0.0,0,0,2.8357716512065636,2.807883898248634,0.21299299607398983,0.0,0.0
fractal_fixed_hedge_lp,139,high_vol_chop,2025-03-01 09:00:00+00:00,2025-03-01 14:00:00+00:00,6,98919.03026120372,98705.40914355266,-0.0021595553159687864,-0.002074201584003732,-0.9517557847836295,0.048843357587211526,-19.48587959139042,-0.0025434865368988424,3.483362867721098,0.41538996562700403,1.5140635150793498,0.0,0.0,0.0,0,0,2.9163856430303645,2.854572821308959,0.2134188361379817,0.0,0.0
fractal_fixed_hedge_lp,141,high_vol_chop,2025-03-01 16:00:00+00:00,2025-03-01 17:00:00+00:00,2,98799.11250570732,98835.14187617668,0.0003646730173541002,0.0009153115349993524,53.9943729841522,0.01229420386975182,4391.855996222565,0.0,0.6890422932899583,0.1395136933099022,0.5047004844719749,0.0,0.0,0.0,0,0,2.8940940462549793,2.885768884219814,0.21335454347311045,0.0,0.0
fractal_fixed_hedge_lp,144,sideways,2025-03-01 20:00:00+00:00,2025-03-02 15:00:00+00:00,20,98887.1292843699,98983.28924993488,0.0009724214491904082,0.0005017658761516941,0.2457258035374108,0.06965162915750613,3.527926144867923,-0.0025022005069743614,9.014203747668262,1.4078117036453632,5.047333660997756,0.0,0.0,0.0,0,0,2.8682786779571545,2.839011406869877,0.2131247874273528,0.0,0.0
fractal_fixed_hedge_lp,145,uptrend,2025-03-02 16:00:00+00:00,2025-03-03 08:00:00+00:00,17,99618.60212744916,99243.8388531776,-0.003761980857672542,0.0026322584874394206,2.8752309468911217,0.16913826763066359,16.999292869485807,-0.005513925328318958,28.384026995286376,1.3142579673570585,4.2595844405167504,0.0,0.0,0.0,0,0,2.5942827289099535,2.511287814050473,0.21171451020341817,0.0,0.0
fractal_fixed_hedge_lp,147,uptrend,2025-03-03 10:00:00+00:00,2025-03-03 13:00:00+00:00,4,99335.27316908872,99407.72385147266,0.000729355042499602,0.0011301940176593472,10.86659447925134,0.019546614792984644,555.9322979624791,0.0,1.9125416345182202,0.2954684305460644,0.9958188379439397,0.0,0.0,0.0,0,0,2.6962888127575666,2.6827081833526663,0.21215560090267455,0.0,0.0
fractal_fixed_hedge_lp,148,high_vol_chop,2025-03-03 14:00:00+00:00,2025-03-03 15:00:00+00:00,2,99206.31342721215,99219.16123132568,0.00012950591217109064,-0.0018968608558900257,-0.9997554621181859,0.14266166976863806,-7.007877194620965,0.0,3.6580739132625695,0.1424556280006292,0.4979168023852052,0.0,0.0,0.0,0,0,2.7962284735094336,2.788466158131664,0.21246979188668885,0.0,0.0
fractal_fixed_hedge_lp,149,downtrend,2025-03-03 16:00:00+00:00,2025-03-04 17:00:00+00:00,26,99175.54886184364,98706.78233716468,-0.004726634034886712,-0.00516411233276215,-0.8252531083288339,0.1166161461387362,-7.076662500465798,-0.007291013433819771,53.55938943307706,1.7171091009759036,6.473366381694789,0.0,0.0,0.0,0,0,3.0180077629392983,2.801049546549998,0.21362479876007023,0.0,0.0
fractal_fixed_hedge_lp,150,high_vol_chop,2025-03-04 18:00:00+00:00,2025-03-05 00:00:00+00:00,7,98779.80800257126,98880.21872127366,0.0010165105676231967,0.0017570867979119775,7.997430888855993,0.061398439250570355,130.25462839890838,-0.0009250394646093119,6.86793222751362,0.47306879314549927,1.743546613731977,0.0,0.0,0.0,0,0,2.948610709636017,2.928761116790433,0.2132231126312969,0.0,0.0
fractal_fixed_hedge_lp,151,uptrend,2025-03-05 01:00:00+00:00,2025-03-05 02:00:00+00:00,2,98880.61007132108,98930.69361456104,0.0005065052006034687,0.0005104650246543496,8.348971561858791,0.033259373899324624,251.02611934701298,0.0,1.2396292417561199,0.1367686623645818,0.4991530812019165,0.0,0.0,0.0,0,0,2.9197235430321236,2.9128045988721363,0.2131059447162844,0.0,0.0
fractal_fixed_hedge_lp,152,high_vol_chop,2025-03-05 03:00:00+00:00,2025-03-05 06:00:00+00:00,4,98917.14299869564,98911.69832422685,-5.5042779277036935e-05,-0.00019200603614677458,-0.3433036822132476,0.05925024005943151,-5.7941314983516286,-0.0009001115394503545,0.865697760844796,0.2724886879570033,0.9983210003277638,0.0,0.0,0.0,0,0,2.931057925906506,2.911879144037471,0.21316143570046298,0.0,0.0
fractal_fixed_hedge_lp,153,uptrend,2025-03-05 07:00:00+00:00,2025-03-05 13:00:00+00:00,7,98963.84525820737,98942.94114203213,-0.000211229829648385,0.0003158657503066209,0.4847122902797425,0.07554713911156258,6.416024431632736,-0.001756803014933861,4.4977673321157,0.486430942236793,1.7471093566015652,0.0,0.0,0.0,0,0,2.873468802925696,2.8480398908942743,0.21284393499166884,0.0,0.0
fractal_fixed_hedge_lp,155,uptrend,2025-03-05 15:00:00+00:00,2025-03-05 16:00:00+00:00,2,98914.55192399812,98946.39240467278,0.00032189885163824705,0.0004587574269694361,6.455088111000158,0.012249170374433302,526.9816578331981,0.0,2.071688197815547,0.1370586109017631,0.4991877039392555,0.0,0.0,0.0,0,0,2.913734579378201,2.9113321016602884,0.21304272904164176,0.0,0.0
fractal_fixed_hedge_lp,156,high_vol_chop,2025-03-05 17:00:00+00:00,2025-03-05 18:00:00+00:00,2,98934.5209199919,98942.36472117068,7.928275293433984e-05,-4.070571351022512e-05,-0.16330414861971898,0.013187452305270827,-12.38329776210442,0.0,1.8098992534553417,0.1377540490238796,0.49919265024062953,0.0,0.0,0.0,0,0,2.8990710998123226,2.8915594545632324,0.2130241707709496,0.0,0.0
fractal_fixed_hedge_lp,157,sideways,2025-03-05 19:00:00+00:00,2025-03-06 02:00:00+00:00,8,98990.78176533613,99210.7365588174,0.002221972486313728,0.002712405736440937,18.415340743863887,0.02562961658822807,718.5179957909409,-0.00011114997952565986,5.685791393201953,0.5625445457204465,1.998545457853725,0.0,0.0,0.0,0,0,2.8423973855576077,2.791221523696954,0.21269147845491987,0.0,0.0
fractal_fixed_hedge_lp,158,uptrend,2025-03-06 03:00:00+00:00,2025-03-06 05:00:00+00:00,3,99220.39080141144,99296.27001609089,0.0007647542412054786,0.0008621391216343532,11.38345941558161,0.01554144390503517,732.4582892773276,0.0,1.232319494915373,0.2166656756596992,0.7505533729399021,0.0,0.0,0.0,0,0,2.77135414372831,2.755563960147405,0.21232861868864514,0.0,0.0
fractal_fixed_hedge_lp,159,sideways,2025-03-06 06:00:00+00:00,2025-03-06 16:00:00+00:00,11,99300.2006035394,99130.32825847878,-0.0017106948830731827,-0.0016711781579025198,-0.7360455720258666,0.05092593042065691,-14.453257229588228,-0.002186288196470154,5.842488852408906,0.7835573333569584,2.752124697137981,0.0,0.0,0.0,0,0,2.8102819403038537,2.77602502521522,0.21243336690514728,0.0,0.0
fractal_fixed_hedge_lp,161,sideways,2025-03-06 18:00:00+00:00,2025-03-06 23:00:00+00:00,6,98944.89894576107,99043.52943240684,0.0009968223495768758,0.0010427676354296533,3.5797642506438168,0.0626142400641736,57.171727181786466,-0.0007096913878882338,2.5790427839847325,0.4151656155979645,1.50122974373331,0.0,0.0,0.0,0,0,2.8928169106932113,2.8809478759656533,0.21285307384216037,0.0,0.0
fractal_fixed_hedge_lp,164,downtrend,2025-03-07 02:00:00+00:00,2025-03-07 05:00:00+00:00,4,98919.156869724,98945.11799275356,0.00026244788017892873,0.000259949299552531,0.7668794812261839,0.03540499178009403,21.660207859654168,-0.00038478876624647995,1.6915668021879355,0.27034883017828026,0.9985537633134963,0.0,0.0,0.0,0,0,2.9549373368005516,2.9327670468865,0.21306259271381317,0.0,0.0
fractal_fixed_hedge_lp,165,high_vol_chop,2025-03-07 06:00:00+00:00,2025-03-08 14:00:00+00:00,33,98908.7428178574,98963.9336309105,0.0005579973163214458,0.00019016237019764404,0.05177021800125825,0.08379145725022825,0.6178460155747825,-0.00399606290049348,21.188895020701466,2.236609159285404,8.238823651352288,0.0,0.0,0.0,0,0,2.9473467312195907,2.870467655017344,0.21308224649627266,0.0,0.0
fractal_fixed_hedge_lp,166,sideways,2025-03-08 15:00:00+00:00,2025-03-09 15:00:00+00:00,25,98993.75202704918,98673.7742218814,-0.0032323030354517446,-0.002931971258450683,-0.642590029145165,0.055345532971749725,-11.610512983462735,-0.004757542657862324,9.77197683929694,1.7040513500871233,6.242429885697731,0.0,0.0,0.0,0,0,2.9313729280748886,2.868143740729796,0.21290480628800396,0.0,0.0
fractal_fixed_hedge_lp,167,downtrend,2025-03-09 16:00:00+00:00,2025-03-10 08:00:00+00:00,17,98591.9880757267,98641.6941010137,0.0005041588698750932,-0.0003251129402995767,-0.1542707655953569,0.06916317166542163,-2.230533416565179,-0.0020412078607121575,15.311644234007872,1.087464494715278,4.240115185571712,0.0,0.0,0.0,0,0,3.1195445105302886,3.0744159997260048,0.2138086732389976,0.0,0.0
fractal_fixed_hedge_lp,168,high_vol_chop,2025-03-10 09:00:00+00:00,2025-03-10 16:00:00+00:00,8,98705.94576455,98461.4514388697,-0.002476996940625087,-0.0018272462145614288,-0.8650248840114463,0.1512651992380592,-5.718598120180183,-0.005085584275216659,11.882337349822137,0.5179822677139239,1.9933053658720876,0.0,0.0,0.0,0,0,3.08023729197102,2.997860432149396,0.21358137336013816,0.0,0.0
fractal_fixed_hedge_lp,169,downtrend,2025-03-10 17:00:00+00:00,2025-03-11 15:00:00+00:00,23,98139.11828969314,98205.87990566768,0.0006802752779728749,-0.0025956506781813493,-0.6283822867145814,0.14451692358263415,-4.348157095630915,-0.00455153159017907,71.74797056750072,1.3496954757821127,5.721983850192972,0.0,0.0,0.0,0,0,3.3923866312302065,3.321191614391158,0.21489411341929052,0.0,0.0
fractal_fixed_hedge_lp,170,high_vol_chop,2025-03-11 16:00:00+00:00,2025-03-11 17:00:00+00:00,2,98238.74680954104,98136.00211077408,-0.0010458673599141877,-0.0007115439010447755,-0.9557398961618327,0.09136635826337645,-10.460523045110076,-0.0010458673599141877,2.009873539250748,0.1191373781203807,0.4972441932155025,0.0,0.0,0.0,0,0,3.339020336880723,3.327402966180096,0.21455726164198768,0.0,0.0
fractal_fixed_hedge_lp,172,high_vol_chop,2025-03-11 19:00:00+00:00,2025-03-11 23:00:00+00:00,5,98339.70693933193,98216.08641011373,-0.0012570764451683702,-0.0014043923815069137,-0.9147549153262208,0.020408087900227568,-44.82315637791919,-0.0012570764451683702,2.690366672725304,0.3021344504710966,1.2431380701386656,0.0,0.0,0.0,0,0,3.291708153776695,3.270412494738317,0.2143244716806846,0.0,0.0
fractal_fixed_hedge_lp,174,high_vol_chop,2025-03-12 01:00:00+00:00,2025-03-13 07:00:00+00:00,31,98257.1138544535,98065.50637611718,-0.0019500621463414136,-0.0011948528200845798,-0.28669355766992977,0.07003825479203098,-4.093385229561004,-0.0030830878307728238,17.473273908453848,1.8199495386204563,7.685728857109955,0.0,0.0,0.0,0,0,3.378814022618485,3.3080501621009857,0.21473814468603683,0.0,0.0
fractal_fixed_hedge_lp,175,sideways,2025-03-13 08:00:00+00:00,2025-03-14 16:00:00+00:00,33,98011.54066011844,98265.3925833425,0.0025900207415814336,0.0020382927148587804,0.7169052220280279,0.047374040817792826,15.132870442387329,-0.0026973108630640175,12.46197402453845,1.9300111719850646,8.16877402414354,0.0,0.0,0.0,0,0,3.3865238366042383,3.2964732120783644,0.21472352437571574,0.0,0.0
fractal_fixed_hedge_lp,177,sideways,2025-03-14 18:00:00+00:00,2025-03-19 10:00:00+00:00,113,98326.29518878931,98499.54894428936,0.0017620287143678137,0.0021948785037917418,0.18526358564599543,0.04310555725731785,4.297904897507014,-0.0032427948077323743,32.958215783306514,6.7258442219481545,28.017163641066578,0.0,0.0,0.0,0,0,3.33281847048419,3.23627110489282,0.21433024146031696,0.0,0.0
fractal_fixed_hedge_lp,178,uptrend,2025-03-19 11:00:00+00:00,2025-03-19 23:00:00+00:00,13,98687.6934562657,98866.83792198997,0.0018152665185517947,0.0037288391839072066,11.280232989130912,0.08320762853320803,135.567293383791,-0.0016168899583085539,9.938074180194917,0.8191433289036345,3.2126799347293344,0.0,0.0,0.0,0,0,3.1377695847569926,3.1056994256070403,0.21327794272193287,0.0,0.0
fractal_fixed_hedge_lp,179,high_vol_chop,2025-03-20 00:00:00+00:00,2025-03-20 01:00:00+00:00,2,98747.14116071563,98723.06377600256,-0.00024382867625394322,-0.0014542201309286629,-0.9982948803323307,0.06398817747023626,-15.601239475787256,-0.00024382867625394322,1.0023586546515162,0.125692206038134,0.4942766055463606,0.0,0.0,0.0,0,0,3.1459712642959303,3.1413619453150625,0.21324642205988326,0.0,0.0
fractal_fixed_hedge_lp,181,high_vol_chop,2025-03-20 03:00:00+00:00,2025-03-20 10:00:00+00:00,8,98726.44540734672,98541.13970121558,-0.0018769611867069935,-0.0014051949805914399,-0.7855697131025753,0.05861615259133869,-13.401932374842588,-0.0018769611867069935,2.329354574860645,0.49802060049019115,1.9771645174436845,0.0,0.0,0.0,0,0,3.1761768211109596,3.1574947903885064,0.21339156679808202,0.0,0.0
fractal_fixed_hedge_lp,182,sideways,2025-03-20 11:00:00+00:00,2025-03-24 17:00:00+00:00,103,98585.8630962699,98967.38158926964,0.0038699107662849563,0.0043255222067295485,0.4435220799710957,0.038450626892191093,11.534846524470327,-0.0020751968650750685,27.974751748708513,6.386889126050833,25.525164201114414,0.0,0.0,0.0,0,0,3.1982338366011933,3.051618668269517,0.21344691542691493,0.0,0.0
fractal_fixed_hedge_lp,184,sideways,2025-03-24 19:00:00+00:00,2025-03-28 04:00:00+00:00,82,98980.4834157431,98437.62471910518,-0.00548450237768372,-0.005574574624278905,-0.4496461421868535,0.047558228620656055,-9.454644448038964,-0.005620022655282164,31.896796638163096,5.242154840885742,20.536203985121112,0.0,0.0,0.0,0,0,3.1346359175338603,3.0589397917947254,0.2129651516536019,0.0,0.0
fractal_fixed_hedge_lp,185,downtrend,2025-03-28 05:00:00+00:00,2025-03-29 00:00:00+00:00,20,98413.26093998068,98393.98066551014,-0.00019591134656438136,-0.00044336760176411083,-0.17653816243203957,0.03236198030743118,-5.455110001148528,-0.0018217577794247264,9.000323728345393,1.1853058625650252,5.00545545419381,0.0,0.0,0.0,0,0,3.3785650576399133,3.338558318474775,0.21400666246175012,0.0,0.0
fractal_fixed_hedge_lp,187,downtrend,2025-03-29 02:00:00+00:00,2025-03-29 03:00:00+00:00,2,98384.67193233912,98333.90806041408,-0.0005159733821132884,-0.0001935004918416361,-0.571564108593268,0.0555007068173055,-10.298321253361955,-0.0005159733821132884,0.9425394729159962,0.1187868431494067,0.5005753044887398,0.0,0.0,0.0,0,0,3.3712733310705656,3.3668561561901984,0.2139227283579028,0.0,0.0
fractal_fixed_hedge_lp,188,sideways,2025-03-29 04:00:00+00:00,2025-04-01 08:00:00+00:00,77,98334.703887325,98337.48994917636,2.8332437493894247e-05,3.642577451534734e-05,0.004152545729613877,0.05664355215933191,0.07331012218183695,-0.004411374797847034,29.539665179282565,4.44102303064173,19.39880553439319,0.0,0.0,0.0,0,0,3.494978714156906,3.376704342226016,0.21447030679466492,0.0,0.0
fractal_fixed_hedge_lp,190,sideways,2025-04-01 10:00:00+00:00,2025-04-01 19:00:00+00:00,10,98275.3134584688,98421.8641688673,0.0014912260794817112,0.0012475925202637406,1.9808541080653987,0.08076944645532248,24.524794894578182,-0.0011820373687938535,6.253397691742066,0.5992976619762365,2.532772284004611,0.0,0.0,0.0,0,0,3.3814641508420684,3.3347670741193776,0.21386360636504623,0.0,0.0
fractal_fixed_hedge_lp,192,sideways,2025-04-01 21:00:00+00:00,2025-04-02 21:00:00+00:00,25,98464.25993626913,98274.49510231304,-0.0019272458258348113,-0.0018546527567520066,-0.4782014650807591,0.06416089763269514,-7.45316045636302,-0.0026150189512936795,17.161187682544096,1.485399810053817,6.307128488764414,0.0,0.0,0.0,0,0,3.397195655440014,3.340753369726968,0.21387042178891416,0.0,0.0
fractal_fixed_hedge_lp,193,downtrend,2025-04-02 22:00:00+00:00,2025-04-02 23:00:00+00:00,2,98013.3334616377,98035.22493546308,0.00022335199765399771,-0.0024347127563552062,-0.9999769315557083,0.1906573977593717,-5.244889226998561,0.0,4.00678445018093,0.11326349464954541,0.5043273024521033,0.0,0.0,0.0,0,0,3.562172285854688,3.559496057661951,0.2145848558719335,0.0,0.0
fractal_fixed_hedge_lp,194,high_vol_chop,2025-04-03 00:00:00+00:00,2025-04-03 11:00:00+00:00,12,98089.12340580304,98020.41172411398,-0.0007005025562802913,-0.0001511009064228963,-0.104445317791788,0.045200288907449114,-2.310722349709919,-0.0016054523244999341,4.654236151080568,0.6908342226753463,3.0399191536480337,0.0,0.0,0.0,0,0,3.5204655287746895,3.486215528067061,0.21439143801446023,0.0,0.0
fractal_fixed_hedge_lp,197,downtrend,2025-04-03 14:00:00+00:00,2025-04-03 19:00:00+00:00,6,97852.8055531668,98005.82669397588,0.0015637889986295228,0.0002913427676611846,0.5300470552145629,0.07232651637981603,7.328530140053609,-0.00023645431178342946,3.0899759437440935,0.3376709255399854,1.52004336739099,0.0,0.0,0.0,0,0,3.601379432844545,3.579727295809896,0.21473483239204164,0.0,0.0
fractal_fixed_hedge_lp,198,high_vol_chop,2025-04-03 20:00:00+00:00,2025-04-03 23:00:00+00:00,4,98006.548015669,98097.585766891,0.0009288945796503967,0.000936261404147265,6.763654878029299,0.030694343332713585,220.35509294706733,0.0,1.679393245812662,0.2292062709483695,1.013387637057052,0.0,0.0,0.0,0,0,3.5371011442663436,3.5226297822946404,0.21447648219857704,0.0,0.0
fractal_fixed_hedge_lp,200,high_vol_chop,2025-04-04 01:00:00+00:00,2025-04-04 14:00:00+00:00,14,97933.64243764998,97984.27939075156,0.0005170537094423278,-0.001458734619661728,-0.5988490423490554,0.0840982326106769,-7.120827914676378,-0.0023916928142604377,7.484002643342592,0.7901388896925065,3.5147140576350253,0.0,0.0,0.0,0,0,3.5588629016176654,3.498022399148645,0.21455357830575245,0.0,0.0
fractal_fixed_hedge_lp,201,sideways,2025-04-04 15:00:00+00:00,2025-04-04 16:00:00+00:00,2,98069.89393757105,98024.70333041156,-0.00046080000033699164,0.00041255536001649773,5.089827992941139,0.08832314083268751,57.62734369447881,-0.00046080000033699164,1.5909205097161705,0.1127200189854751,0.5021219549993341,0.0,0.0,0.0,0,0,3.5636942763761095,3.5616889139192587,0.21451072367378685,0.0,0.0
fractal_fixed_hedge_lp,202,high_vol_chop,2025-04-04 17:00:00+00:00,2025-04-05 00:00:00+00:00,8,98156.61411549144,98113.0011294399,-0.00044432040005193407,0.0009007708876274112,1.680223411386955,0.05973650834973722,28.127245093566742,-0.0007585229568640717,2.337791986954471,0.4559765374045378,2.008537688892778,0.0,0.0,0.0,0,0,3.5239780759084263,3.512471314234214,0.2143293757859851,0.0,0.0
fractal_fixed_hedge_lp,203,sideways,2025-04-05 01:00:00+00:00,2025-04-06 16:00:00+00:00,40,98185.54775780492,97783.49208236892,-0.004094855960143473,-0.003358464660929261,-0.5213289279994828,0.0481563823387568,-10.825749416394833,-0.004094855960143473,8.579546178290684,2.2538900744974675,10.043885397014554,0.0,0.0,0.0,0,0,3.5654196859186307,3.5160052108603232,0.21447826082202082,0.0,0.0
fractal_fixed_hedge_lp,204,downtrend,2025-04-06 17:00:00+00:00,2025-04-07 17:00:00+00:00,25,97527.61620460158,97111.77094837595,-0.004263871838651623,-0.006869473769940071,-0.9106656581776125,0.17068799716313196,-5.335264771472245,-0.011558096173295729,113.77583536919815,1.2121169734538502,6.257656500374664,0.0,0.0,0.0,0,0,4.135520921613767,3.8012736869670833,0.21678326042846208,0.0,0.0
fractal_fixed_hedge_lp,205,high_vol_chop,2025-04-07 18:00:00+00:00,2025-04-08 05:00:00+00:00,12,97091.41045722373,97229.26685122048,0.0014198618945544528,0.0012099038221327074,1.417408042100146,0.06916097363887942,20.49433325651359,-0.0015110069024467654,7.893128902534954,0.5940042881105141,3.0243207032696384,0.0,0.0,0.0,0,0,4.073976901157859,4.005867534038427,0.21635130773059838,0.0,0.0
fractal_fixed_hedge_lp,206,uptrend,2025-04-08 06:00:00+00:00,2025-04-08 07:00:00+00:00,2,97230.49489805812,97138.94147619768,-0.000941612216994625,-0.0009289936862427739,-0.9829376935759507,0.06315327462587142,-15.564318705546263,-0.000941612216994625,0.5079945010922983,0.09987238129499709,0.5081128490929329,0.0,0.0,0.0,0,0,4.070131197871875,4.062643350406791,0.2163671592161801,0.0,0.0
fractal_fixed_hedge_lp,208,uptrend,2025-04-08 09:00:00+00:00,2025-04-08 11:00:00+00:00,3,97177.63374778016,97216.4210606698,0.0003991382728079085,0.0010618287331336518,21.17343484873703,0.025031683503351318,845.8653947866618,0.0,1.462373380356894,0.1498917433734715,0.7621826725937568,0.0,0.0,0.0,0,0,4.068094902056033,4.031713309984043,0.21633867868583026,0.0,0.0
fractal_fixed_hedge_lp,209,high_vol_chop,2025-04-08 12:00:00+00:00,2025-04-08 16:00:00+00:00,5,97186.4746278163,96729.75265772172,-0.004699439627207647,-0.005006030849915466,-0.999848146216661,0.08161680672947819,-12.25051783183203,-0.004699439627207647,5.6499992606509295,0.2440113282099074,1.2703299766352103,0.0,0.0,0.0,0,0,4.166556498659579,4.075670846035967,0.21675978192360912,0.0,0.0
fractal_fixed_hedge_lp,212,downtrend,2025-04-08 19:00:00+00:00,2025-04-09 13:00:00+00:00,19,96672.526167425,96847.42961135774,0.0018092363039095005,0.0012571916311037157,0.7847305671494957,0.10231890792837275,7.669458001827364,-0.003203151607344523,22.919810904751102,0.8849311256413782,4.843763081093084,0.0,0.0,0.0,0,0,4.379772791311151,4.308800785720208,0.21755149027623835,0.0,0.0
fractal_fixed_hedge_lp,213,high_vol_chop,2025-04-09 14:00:00+00:00,2025-04-09 16:00:00+00:00,3,96751.30982702826,96881.164843681,0.0013421525443417792,0.0003483337911871498,1.7647703078074541,0.090943958801849,19.405030648078345,0.0,6.976956499489916,0.1420838680094619,0.7657589351455922,0.0,0.0,0.0,0,0,4.311936959216742,4.264758895769263,0.21718546833975014,0.0,0.0
fractal_fixed_hedge_lp,214,uptrend,2025-04-09 17:00:00+00:00,2025-04-10 14:00:00+00:00,22,97538.34290660906,97324.8119115212,-0.0021892005617966115,0.004579291222974291,5.16709739558434,0.15165341726833667,34.071750499638526,-0.0050715989946900075,51.796360886717366,1.1288842944533517,5.572602549260653,0.0,0.0,0.0,0,0,3.9509075695109614,3.827450464246353,0.2156473040797213,0.0,0.0
fractal_fixed_hedge_lp,215,high_vol_chop,2025-04-10 15:00:00+00:00,2025-04-10 16:00:00+00:00,2,96930.435064073,96959.64372076857,0.00030133627973771837,-0.003752056475430088,-0.999999929306723,0.28812198553684065,-3.470751901988605,0.0,11.07501407928362,0.094741517825566,0.5047929538095717,0.0,0.0,0.0,0,0,4.262606417297393,4.242020087792013,0.21687327344371438,0.0,0.0
fractal_fixed_hedge_lp,216,downtrend,2025-04-10 17:00:00+00:00,2025-04-11 02:00:00+00:00,10,96975.02994315668,97153.58581956984,0.0018412562132521515,0.002000235266538697,4.757227457273333,0.04419724643634411,107.63628598729599,-0.0007545148351634223,6.820875881883012,0.47868365474952246,2.5171091578774583,0.0,0.0,0.0,0,0,4.206890634136043,4.15305538750316,0.216595915721,0.0,0.0
fractal_fixed_hedge_lp,217,high_vol_chop,2025-04-11 03:00:00+00:00,2025-04-11 14:00:00+00:00,12,97140.81351619533,97275.0102612937,0.001381466144258825,0.001249819455448442,1.4887946807450532,0.044078335555625486,33.77610932849859,-0.0005009507239545075,8.2053738776101,0.5830900507051832,3.0012878912898113,0.0,0.0,0.0,0,0,4.117893927094827,4.079704878113598,0.21620294436259266,0.0,0.0
fractal_fixed_hedge_lp,218,sideways,2025-04-11 15:00:00+00:00,2025-04-12 13:00:00+00:00,23,97289.38181008503,97705.06081831334,0.004272604065258978,0.004420976732508075,4.366115977859108,0.05858978929663066,74.52008328198906,-0.0015865308062402717,7.294969540399052,1.1319544125667893,5.752966075940655,0.0,0.0,0.0,0,0,4.066516462539392,3.910538031356755,0.21595541375298416,0.0,0.0
fractal_fixed_hedge_lp,219,uptrend,2025-04-12 14:00:00+00:00,2025-04-12 15:00:00+00:00,2,97718.18065935731,97770.12930451098,0.0005316169908520241,0.0006659684324705761,17.466732493033167,0.02629638154018638,664.2257021689596,0.0,1.6343633145406784,0.1033568443554774,0.5002888294589408,0.0,0.0,0.0,0,0,3.8723434813860083,3.86989516404882,0.215076738067427,0.0,0.0
fractal_fixed_hedge_lp,220,sideways,2025-04-12 16:00:00+00:00,2025-04-12 17:00:00+00:00,2,97693.24228690469,97671.54753724686,-0.00022207011611008465,-0.0010083014921364875,-0.9879487699427172,0.03734863479806812,-26.452071816928086,-0.00022207011611008465,1.4387759193039071,0.10235904547117519,0.5002937752488616,0.0,0.0,0.0,0,0,3.9101613182375985,3.898790734618355,0.21521165716036705,0.0,0.0
fractal_fixed_hedge_lp,222,sideways,2025-04-12 19:00:00+00:00,2025-04-12 21:00:00+00:00,3,97639.03439521093,97727.3717313977,0.0009047338160803609,9.888440797434228e-05,0.334728894784601,0.0709616614927414,4.717038577497796,0.0,0.8838377747840696,0.1542920719352965,0.7504536457521302,0.0,0.0,0.0,0,0,3.891110950960916,3.884516972428637,0.21519239288238493,0.0,0.0
fractal_fixed_hedge_lp,228,sideways,2025-04-13 03:00:00+00:00,2025-04-13 16:00:00+00:00,14,97613.62911077324,97465.51629922936,-0.0015173374137723572,-0.001058487044409251,-0.4845223002923734,0.07130096179042951,-6.795452517407826,-0.0029400113943195416,4.3072412142230405,0.7023726274723208,3.5023507157457408,0.0,0.0,0.0,0,0,3.9895497937686946,3.9377761726393854,0.21560709229614589,0.0,0.0
fractal_fixed_hedge_lp,229,high_vol_chop,2025-04-13 17:00:00+00:00,2025-04-14 12:00:00+00:00,20,97719.5727082201,97828.0857413684,0.0011104534142030165,0.00371997662256196,4.085160965859202,0.10935801054723306,37.35584567986239,-0.0034030349102635027,11.541136087369978,1.0166964579118822,5.003778613603263,0.0,0.0,0.0,0,0,3.938408486968887,3.816716986366912,0.21532174155127884,0.0,0.0
fractal_fixed_hedge_lp,230,uptrend,2025-04-14 13:00:00+00:00,2025-04-14 14:00:00+00:00,2,97786.94606113702,97903.0216261933,0.0011870251575676338,0.0007659956162588966,27.610576984721757,0.1063905455714718,259.5209643527331,0.0,1.6438843447274394,0.1040784834984762,0.5004050684491994,0.0,0.0,0.0,0,0,3.846465923665425,3.828949510541513,0.21483077193336558,0.0,0.0
fractal_fixed_hedge_lp,231,high_vol_chop,2025-04-14 15:00:00+00:00,2025-04-15 09:00:00+00:00,19,97657.76380416464,97682.0386326369,0.00024857039037828876,-0.0022571621374479767,-0.6471974739154474,0.06930749406451356,-9.338059075011657,-0.0013112021362511328,5.980427070669293,0.9741382910577734,4.771431607944989,0.0,0.0,0.0,0,0,3.9186157211225034,3.887740735614757,0.2152288824487233,0.0,0.0
fractal_fixed_hedge_lp,232,sideways,2025-04-15 10:00:00+00:00,2025-04-16 16:00:00+00:00,31,97639.4026916088,97465.16884633532,-0.0017844624247016494,-0.002220160321562692,-0.46638026709148117,0.040200305508659655,-11.601411013929159,-0.0031482065083352495,12.953782755540033,1.547540194679081,7.762266199343129,0.0,0.0,0.0,0,0,4.013661267512174,3.902834824862466,0.21556463679162619,0.0,0.0
fractal_fixed_hedge_lp,233,high_vol_chop,2025-04-16 17:00:00+00:00,2025-04-17 16:00:00+00:00,24,97271.09061919592,97566.50933172776,0.003037065901608571,0.0010397610407082425,0.46128416648547566,0.07319125035307664,6.302449599647881,-0.0017840291645718764,14.136978139217945,1.1869212655992323,5.98881416959269,0.0,0.0,0.0,0,0,4.036858823149706,3.993290431286313,0.2156036400052839,0.0,0.0
fractal_fixed_hedge_lp,234,sideways,2025-04-17 17:00:00+00:00,2025-04-22 06:00:00+00:00,110,97626.43180133223,97470.16901706236,-0.0016006196414907192,-0.0009874322175220662,-0.07565912250545637,0.04678257997682468,-1.617249893933525,-0.004862831079583629,32.429506993341874,5.475852578334031,27.468255344250696,0.0,0.0,0.0,0,0,4.013623699109727,3.888007944211917,0.21539170386136852,0.0,0.0
fractal_fixed_hedge_lp,235,high_vol_chop,2025-04-22 07:00:00+00:00,2025-04-22 15:00:00+00:00,9,97654.742682687,98012.58627401009,0.0036643749345162124,0.005564956564841461,220.74807743884662,0.06044027252888944,3652.33425003722,-7.736149022952166e-05,8.538093591748748,0.45883903645254,2.238313576694667,0.0,0.0,0.0,0,0,3.9035737595559414,3.76386083318724,0.21488663881194614,0.0,0.0
fractal_fixed_hedge_lp,236,uptrend,2025-04-22 16:00:00+00:00,2025-04-23 20:00:00+00:00,29,98072.0488547011,98519.18095473191,0.0045592205450224466,0.005168669657441782,3.7458646459090215,0.074456241440679,50.30961237673323,-0.0014409242273510925,28.338379720808234,1.589095053479501,7.188720735489389,0.0,0.0,0.0,0,0,3.6205653851635966,3.5279255483811967,0.21346883608131006,0.0,0.0
fractal_fixed_hedge_lp,237,sideways,2025-04-23 21:00:00+00:00,2025-05-01 13:00:00+00:00,185,98550.53532715328,98878.33183600032,0.0033261768468213493,0.003645491951800306,0.188040239880221,0.05272047185864318,3.566740456807824,-0.0038895223735826434,102.13146226231288,10.413840026084078,46.53847779938094,0.0,0.0,0.0,0,0,3.5757676383804493,3.471560201773099,0.21299290954357383,0.0,0.0
fractal_fixed_hedge_lp,238,uptrend,2025-05-01 14:00:00+00:00,2025-05-01 16:00:00+00:00,3,98860.83154510664,98979.39642403908,0.0011993109614734099,0.0010221105692436172,18.747731502288204,0.05623188378244154,333.40038144235535,0.0,2.4165526727817905,0.1762052188411992,0.7625509315163987,0.0,0.0,0.0,0,0,3.462142639170644,3.451121282152993,0.21224728318014466,0.0,0.0
fractal_fixed_hedge_lp,239,sideways,2025-05-01 17:00:00+00:00,2025-05-08 05:00:00+00:00,157,98919.2437542617,99200.36237741732,0.0028419002459620923,0.0022324439364287407,0.13249482399689527,0.048522386438993176,2.730591665426019,-0.003884940994736019,57.22498668322214,8.964282971625252,39.456947989452196,0.0,0.0,0.0,0,0,3.521914338422145,3.37972328057365,0.2123983470365521,0.0,0.0
fractal_fixed_hedge_lp,240,high_vol_chop,2025-05-08 06:00:00+00:00,2025-05-08 07:00:00+00:00,2,99189.95489741798,99352.39352988548,0.0016376520448617704,0.0015325665030310187,817.5240243947419,0.11532573605133598,7088.825550879902,0.0,1.7427021963667357,0.11884456244868599,0.4971798257458906,0.0,0.0,0.0,0,0,3.3468429412726497,3.331580131368701,0.21143316161509823,0.0,0.0
fractal_fixed_hedge_lp,241,uptrend,2025-05-08 08:00:00+00:00,2025-05-10 05:00:00+00:00,46,99404.03523540292,100842.1782508429,0.014467652264158692,0.01499495551165797,16.019559337380503,0.1069252480622133,149.8201746332138,-0.003132738922588918,68.29175685089376,3.15733054829586,11.419092245818229,0.0,0.0,0.0,0,0,2.906018414428936,2.6633005828721927,0.20905291955298716,0.0,0.0
fractal_fixed_hedge_lp,242,high_vol_chop,2025-05-10 06:00:00+00:00,2025-05-10 13:00:00+00:00,8,100859.78612742404,101151.13993663952,0.0028887014379288534,0.0030638140821206417,27.495538592590044,0.11525938409801086,238.5535790231987,-0.0014682667412575512,8.539520578453448,0.5923124247890763,1.9845784407690463,0.0,0.0,0.0,0,0,2.680640517808361,2.635616258709985,0.2077156091486695,0.0,0.0
fractal_fixed_hedge_lp,243,uptrend,2025-05-10 14:00:00+00:00,2025-05-10 16:00:00+00:00,3,101151.45708260887,101257.6902101288,0.001050238232684686,0.0010533768927964982,20.633469807317297,0.045275014982506856,455.73634410258194,0.0,4.381972606871841,0.2263811319472983,0.7442369141732205,0.0,0.0,0.0,0,0,2.6301133547442075,2.6111766155628007,0.20738119094558724,0.0,0.0
fractal_fixed_hedge_lp,245,uptrend,2025-05-10 18:00:00+00:00,2025-05-11 06:00:00+00:00,13,101315.90410500763,101346.26324206102,0.0002996482864321415,0.001151943067483785,1.1722981463204913,0.08362867530940492,14.017896875483022,-0.0025253830688612977,14.077300693759298,1.017814351782803,3.225168444183492,0.0,0.0,0.0,0,0,2.53528391990311,2.4880660134290604,0.20691765596470352,0.0,0.0
fractal_fixed_hedge_lp,246,high_vol_chop,2025-05-11 07:00:00+00:00,2025-05-11 10:00:00+00:00,4,101233.64745877964,101314.37995081938,0.0007974867454283441,-0.0003145976005596296,-0.49796083375097877,0.09188429656536201,-5.419433487165608,-0.0006430743332568323,2.99691317437464,0.3082285326141546,0.992400734265029,0.0,0.0,0.0,0,0,2.5759027660325344,2.5549774586320426,0.2071463220131645,0.0,0.0
fractal_fixed_hedge_lp,248,high_vol_chop,2025-05-11 12:00:00+00:00,2025-05-12 06:00:00+00:00,19,101430.67293434014,101369.2211393658,-0.0006058502146989442,-0.00022384631150862422,-0.098068301198315,0.0722356962568071,-1.3576155042469542,-0.002456504190636144,12.580480476974117,1.4691395045443514,4.714191389972171,0.0,0.0,0.0,0,0,2.5672066232597484,2.5387560838158985,0.2070440919932185,0.0,0.0
fractal_fixed_hedge_lp,249,sideways,2025-05-12 07:00:00+00:00,2025-05-12 10:00:00+00:00,4,101435.55186218608,101494.16398086946,0.0005778261921718375,0.001232552051789737,13.844461785783613,0.08396079260392311,164.8919853709995,-0.0008396235098905303,7.765516595344707,0.3163089632393396,0.9925171099857137,0.0,0.0,0.0,0,0,2.510300423854529,2.4937766227668883,0.20669519924145513,0.0,0.0
fractal_fixed_hedge_lp,250,high_vol_chop,2025-05-12 11:00:00+00:00,2025-05-12 12:00:00+00:00,2,101411.04150631795,101509.58164589747,0.000971690440368711,0.00015190691191779848,0.9450773472678542,0.11850988959943622,7.9746707254746285,0.0,1.411656082889749,0.156886278907287,0.4962658289492379,0.0,0.0,0.0,0,0,2.530625041834189,2.5210031665155004,0.2067983012382427,0.0,0.0
fractal_fixed_hedge_lp,252,high_vol_chop,2025-05-12 14:00:00+00:00,2025-05-13 13:00:00+00:00,24,101429.02139179676,101532.65142914082,0.0010217000610088789,-0.00039934323369594793,-0.13566027933120917,0.0655790014753105,-2.068654238083866,-0.002403203499815265,17.273086903991498,1.8399984550417154,5.9718323289737825,0.0,0.0,0.0,0,0,2.5968090976496234,2.521460242407715,0.20707985872821322,0.0,0.0
fractal_fixed_hedge_lp,253,sideways,2025-05-13 14:00:00+00:00,2025-05-13 15:00:00+00:00,2,101516.34515549064,101557.16219046444,0.00040207352728560686,0.00024140767505453908,1.8784098584611466,0.03723870117735588,50.442410692974725,0.0,1.460575461812823,0.1585696375025942,0.49865076962306243,0.0,0.0,0.0,0,0,2.51580076350655,2.505234402566468,0.20662211536380043,0.0,0.0
fractal_fixed_hedge_lp,255,uptrend,2025-05-13 17:00:00+00:00,2025-05-14 08:00:00+00:00,16,101693.3586106327,101729.33496397482,0.00035377288973093,0.001391993098292632,1.1416708229292651,0.05755071556707613,19.837647745641537,-0.0017283155589398191,14.068138513466238,1.320734902141798,3.9841830931765143,0.0,0.0,0.0,0,0,2.413609576154176,2.3848034722320883,0.20603962118784158,0.0,0.0
fractal_fixed_hedge_lp,256,high_vol_chop,2025-05-14 09:00:00+00:00,2025-05-14 17:00:00+00:00,9,101663.27693902812,101594.82026127633,-0.0006733668224451206,-0.001322280370221307,-0.7241425994702941,0.04707340760858673,-15.383262785891928,-0.0016050508552787335,6.268064976084133,0.7246536470717672,2.2389569607619424,0.0,0.0,0.0,0,0,2.471820987827799,2.449426641317216,0.2063483540850229,0.0,0.0
fractal_fixed_hedge_lp,257,sideways,2025-05-14 18:00:00+00:00,2025-05-15 00:00:00+00:00,7,101632.06603165102,101797.41209653208,0.0016269084289752822,0.001994115789906825,11.09761862753197,0.04874221736872104,227.6798066772719,-0.0005024769493520154,2.8914991109277253,0.5657314227284063,1.7426390390814621,0.0,0.0,0.0,0,0,2.4643329089817136,2.442492759618198,0.20627374125410491,0.0,0.0
fractal_fixed_hedge_lp,259,sideways,2025-05-15 02:00:00+00:00,2025-05-15 06:00:00+00:00,5,101651.6388951914,101548.46700838263,-0.0010149554687961526,-0.0004358684783133393,-0.5341110817031898,0.04798913703503586,-11.129833014360031,-0.0010149554687961526,1.4403841395364905,0.40122330753753477,1.2497557986774097,0.0,0.0,0.0,0,0,2.491941498849073,2.479477676079034,0.20642070851422475,0.0,0.0
fractal_fixed_hedge_lp,260,high_vol_chop,2025-05-15 07:00:00+00:00,2025-05-15 11:00:00+00:00,5,101486.87192793116,101588.90897447636,0.0010054211407526381,0.0003982528469914648,1.0089256697902482,0.06410296841466064,15.739141177735265,-0.0005836898285245251,3.2464111966496603,0.3960188545227523,1.2497865435432554,0.0,0.0,0.0,0,0,2.524767455492209,2.5071645227988437,0.20661379807259078,0.0,0.0
fractal_fixed_hedge_lp,262,high_vol_chop,2025-05-15 13:00:00+00:00,2025-05-16 14:00:00+00:00,26,101440.68912262253,101643.0087986053,0.0019944627519061786,0.0006358623131745844,0.23883150838587874,0.07506801143301167,3.181535035052906,-0.001691168989927827,20.626122758116708,2.076203942442049,6.490717189599316,0.0,0.0,0.0,0,0,2.5013803985998218,2.448928656361039,0.20641689909320043,0.0,0.0
fractal_fixed_hedge_lp,263,sideways,2025-05-16 15:00:00+00:00,2025-05-17 08:00:00+00:00,18,101692.2812397381,101443.8548209763,-0.0024429230589896322,-0.0019593475240744507,-0.6149894403774224,0.06795984802491915,-9.049305704037499,-0.003401180008265281,8.435526618192853,1.4144754162990878,4.489641662663271,0.0,0.0,0.0,0,0,2.5400296333008896,2.477611492619223,0.20657919344481768,0.0,0.0
fractal_fixed_hedge_lp,264,downtrend,2025-05-17 09:00:00+00:00,2025-05-17 11:00:00+00:00,3,101394.45028081756,101395.45385615372,9.897734376762557e-06,-0.00047712071774075326,-0.751801130758991,0.027614025693100862,-27.225336106890868,-7.486379053978087e-05,0.49135435529615273,0.2310829901341779,0.7483121779483803,0.0,0.0,0.0,0,0,2.5906432293797335,2.586611133419663,0.20684425106115753,0.0,0.0
fractal_fixed_hedge_lp,267,sideways,2025-05-17 14:00:00+00:00,2025-05-18 16:00:00+00:00,27,101380.2782387952,101687.29994737628,0.0030284165117193673,0.003926062623593296,2.5654677241220996,0.06089652834897349,42.12830835643761,-0.0013804452618787488,7.959287890293581,2.0938733926187503,6.735371631421487,0.0,0.0,0.0,0,0,2.5737713377518454,2.493487135877809,0.206693454909445,0.0,0.0
fractal_fixed_hedge_lp,268,high_vol_chop,2025-05-18 17:00:00+00:00,2025-05-19 04:00:00+00:00,12,101494.9549060201,101048.8016315088,-0.0043958172593348,-0.006279036971164498,-0.9899295321636832,0.11274487553510175,-8.780261874123765,-0.004747453645715827,15.509423282590433,0.9034789903668697,2.9908840165640367,0.0,0.0,0.0,0,0,2.6490839349108666,2.5747186307779986,0.20703011233149507,0.0,0.0
fractal_fixed_hedge_lp,269,downtrend,2025-05-19 05:00:00+00:00,2025-05-19 06:00:00+00:00,2,101154.34285308627,101086.4948063574,-0.00067073785282179,0.000373019513740136,4.121876222069766,0.11351434667825946,36.31150019964126,-0.00067073785282179,2.107792439861896,0.1465109120025638,0.4978208669132403,0.0,0.0,0.0,0,0,2.7183623639398333,2.7040047420239985,0.20736731417244075,0.0,0.0
fractal_fixed_hedge_lp,270,high_vol_chop,2025-05-19 07:00:00+00:00,2025-05-19 19:00:00+00:00,13,101221.96011643042,101549.15964482533,0.0032324954784370696,0.0045769203824330695,20.695475275881698,0.07878356806331804,262.68771248401475,-0.0010526871854849018,8.661160673644645,0.9847731069414454,3.2359544878310795,0.0,0.0,0.0,0,0,2.6296351169988488,2.553459508907391,0.20690060347568867,0.0,0.0
fractal_fixed_hedge_lp,272,high_vol_chop,2025-05-19 21:00:00+00:00,2025-05-20 01:00:00+00:00,5,101509.3242627244,101653.283427773,0.0014181866158029521,0.00046665305196502693,1.2645712426353626,0.06448974037537512,19.608874764802568,-0.00019483107425299906,3.0922439908822525,0.3897551670159135,1.2423377674782035,0.0,0.0,0.0,0,0,2.550045591635977,2.5319304917885894,0.20645502499514906,0.0,0.0
fractal_fixed_hedge_lp,273,uptrend,2025-05-20 02:00:00+00:00,2025-05-20 09:00:00+00:00,8,101719.06912542548,101637.98278219342,-0.000797159705935524,-0.00015051796718856814,-0.15196178495095714,0.052934408410224974,-2.870756272050898,-0.0013195024378880316,2.957540018272539,0.6282840470419037,1.9822328120596522,0.0,0.0,0.0,0,0,2.5241012880763556,2.501900409004469,0.20625756524417863,0.0,0.0
fractal_fixed_hedge_lp,274,sideways,2025-05-20 10:00:00+00:00,2025-05-20 18:00:00+00:00,9,101544.54009817708,101387.34528744272,-0.0015480380390947568,-0.002465982577475989,-0.9095707381113415,0.06782034367557317,-13.41147344316601,-0.0017983406347490405,3.6140430495488545,0.6893575055492824,2.2301043105931098,0.0,0.0,0.0,0,0,2.5882112235290666,2.5566802707580734,0.2065919555702695,0.0,0.0
fractal_fixed_hedge_lp,275,high_vol_chop,2025-05-20 19:00:00+00:00,2025-05-20 21:00:00+00:00,3,101533.94277154934,101551.4867582628,0.0001727893769765121,0.001618954223081115,111.56420589128034,0.08290170383716823,1345.7408078175292,-0.00032404691814502673,2.4647930375740543,0.2319350276226237,0.7433898447142335,0.0,0.0,0.0,0,0,2.5641550958322825,2.5587467613296,0.2064474850323997,0.0,0.0
fractal_fixed_hedge_lp,276,sideways,2025-05-20 22:00:00+00:00,2025-05-21 06:00:00+00:00,9,101514.82613613045,101828.46725553916,0.0030896089896081946,0.0027274883521470894,13.170204591378477,0.05156463953131554,255.41155161920847,-0.0007940806995788696,4.93112607736839,0.705451176721622,2.226172322453035,0.0,0.0,0.0,0,0,2.5248220976089257,2.4763159316007584,0.20624089185309577,0.0,0.0
fractal_fixed_hedge_lp,277,high_vol_chop,2025-05-21 07:00:00+00:00,2025-05-22 08:00:00+00:00,26,101698.96534362616,101956.46552963536,0.0025319843239224316,0.0012569989271757898,0.5269098574551383,0.11218280822646608,4.69688596483922,-0.00453536684903888,24.139461438632225,2.047617534906037,6.428358561110984,0.0,0.0,0.0,0,0,2.512447811756864,2.4158219102179994,0.20612909735425006,0.0,0.0
fractal_fixed_hedge_lp,278,uptrend,2025-05-22 09:00:00+00:00,2025-05-22 10:00:00+00:00,2,102016.50331931276,102001.85542351771,-0.00014358359009025712,0.00044518897008227754,6.025130380774254,0.048474074340586176,124.29593473906849,-0.00014358359009025712,1.0925250888230948,0.1635989680480037,0.4945227867252973,0.0,0.0,0.0,0,0,2.4182373380032853,2.414428919522407,0.20550261387764168,0.0,0.0
fractal_fixed_hedge_lp,279,high_vol_chop,2025-05-22 11:00:00+00:00,2025-05-22 16:00:00+00:00,6,102023.88462627836,101992.88474762451,-0.00030384922871151687,-8.794620309537926e-05,-0.1205047389584546,0.04431808178809355,-2.7190874265417615,-0.0008125778598766509,4.10158647051685,0.4896707825926703,1.483597218886215,0.0,0.0,0.0,0,0,2.423865673282283,2.413600290694111,0.20554138667388724,0.0,0.0
fractal_fixed_hedge_lp,280,uptrend,2025-05-22 17:00:00+00:00,2025-05-22 18:00:00+00:00,2,101996.87238411106,102017.3434911599,0.00020070328207455468,0.00023980833168812943,1.8583215168433793,0.010695343802550663,173.75051715496986,0.0,0.6618626376857719,0.1635141401145511,0.49454202602144726,0.0,0.0,0.0,0,0,2.4195800294973235,2.419360393226893,0.2055003851080487,0.0,0.0
fractal_fixed_hedge_lp,282,uptrend,2025-05-22 20:00:00+00:00,2025-05-22 21:00:00+00:00,2,101921.41180035136,101947.6292485735,0.0002572319962903524,0.00042520032357096227,5.436478589556724,0.005910468379265177,919.8050375548439,0.0,0.4032569015607804,0.16224909745480248,0.4945492409504748,0.0,0.0,0.0,0,0,2.4384832290672507,2.436070693807217,0.2056443329862244,0.0,0.0
fractal_fixed_hedge_lp,283,sideways,2025-05-22 22:00:00+00:00,2025-05-23 10:00:00+00:00,13,101981.70045271018,101971.4740583699,-0.00010027675842705364,0.0002338927346539066,0.17068528483699352,0.04131297676098801,4.1315174605905485,-0.0015408693547075414,5.670573928430258,1.0695695957058478,3.214687312290779,0.0,0.0,0.0,0,0,2.4046541433857884,2.364279649059442,0.20542967833726866,0.0,0.0
fractal_fixed_hedge_lp,284,high_vol_chop,2025-05-23 11:00:00+00:00,2025-05-23 22:00:00+00:00,12,101696.27878279026,101682.74088480612,-0.00013312087862193955,-0.002831509265017629,-0.873805847681198,0.09236197169979139,-9.460666891362731,-0.0017001414177940655,9.624963339988426,0.9444994135624674,2.9675840594135496,0.0,0.0,0.0,0,0,2.5136705093615745,2.491927863377404,0.20601506643143477,0.0,0.0
fractal_fixed_hedge_lp,285,downtrend,2025-05-23 23:00:00+00:00,2025-05-24 05:00:00+00:00,7,101598.1835845675,101722.33729050164,0.0012220071417989864,0.0003894112742341971,0.6277936927751986,0.053281676427279906,11.782543922618995,-0.0001695110300221625,1.7408793963536482,0.5462473260344899,1.731170676834468,0.0,0.0,0.0,0,0,2.535467706616072,2.514400601821916,0.20610917658930847,0.0,0.0
fractal_fixed_hedge_lp,286,high_vol_chop,2025-05-24 06:00:00+00:00,2025-05-24 10:00:00+00:00,5,101690.28384149964,101765.26342417853,0.000737332809452651,0.0004219931906823682,1.0942094208366595,0.047586881569544326,22.99392993923256,-0.0005477898606692788,0.8124342398646147,0.3927388865487329,1.2365865640342368,0.0,0.0,0.0,0,0,2.5189386842543007,2.5038042919723056,0.2060237574234732,0.0,0.0
fractal_fixed_hedge_lp,287,sideways,2025-05-24 11:00:00+00:00,2025-05-27 15:00:00+00:00,77,101818.71715318983,102040.7658367565,0.002180823818793476,0.002707234308720885,0.3601237647287092,0.044689290647813115,8.058390713040597,-0.003089972788828832,23.540586300679024,6.057466682446535,19.093692945809135,0.0,0.0,0.0,0,0,2.5224844631466605,2.412435759652233,0.20598206445265507,0.0,0.0
fractal_fixed_hedge_lp,288,uptrend,2025-05-27 16:00:00+00:00,2025-05-27 19:00:00+00:00,4,102098.3197572682,102064.34176262045,-0.0003327968053591368,0.0002310441877872993,0.6585244600697189,0.08253679269757751,7.978556454000022,-0.001369627704170262,2.6227968204834724,0.3339422957459674,1.0012781549979262,0.0,0.0,0.0,0,0,2.3987264734743152,2.387727929103362,0.20516556256547905,0.0,0.0
fractal_fixed_hedge_lp,289,sideways,2025-05-27 20:00:00+00:00,2025-05-29 12:00:00+00:00,41,102117.95732383095,102192.14066688686,0.0007264475808173021,0.0012521405817091935,0.3065148485623512,0.054284571918181874,5.646444979327327,-0.001862777741976518,20.059223720785212,3.422820169867327,10.307224614626955,0.0,0.0,0.0,0,0,2.4096574860375397,2.3237918259854204,0.20523678646411117,0.0,0.0
fractal_fixed_hedge_lp,290,high_vol_chop,2025-05-29 13:00:00+00:00,2025-05-29 22:00:00+00:00,10,102116.8506495989,102116.65693228388,-1.8970161514975104e-06,-0.0007386452041261427,-0.4765387581156607,0.053355828583405276,-8.931334603317804,-0.0008537205505783074,8.192739318238182,0.8288366071049382,2.5154075043733664,0.0,0.0,0.0,0,0,2.427937029079999,2.409818237537916,0.20523380406038347,0.0,0.0
fractal_fixed_hedge_lp,295,sideways,2025-05-30 03:00:00+00:00,2025-05-30 15:00:00+00:00,13,102034.53342624004,102018.92346451351,-0.0001529870447030124,0.0003779151271765535,0.2899565656229979,0.04983992886009607,5.8177564104660915,-0.0014671489221731449,8.624192581764873,1.0676106011587831,3.285386195056412,0.0,0.0,0.0,0,0,2.4619785135271197,2.435850150214568,0.20538693508231057,0.0,0.0
fractal_fixed_hedge_lp,296,high_vol_chop,2025-05-30 16:00:00+00:00,2025-05-30 23:00:00+00:00,8,101857.5844664912,101726.8376536579,-0.0012836237332558564,-0.002863055215018395,-0.9566973718316434,0.07335746980568403,-13.041580828316881,-0.002164393661201802,6.047818776356053,0.6418942840736006,2.02188153854088,0.0,0.0,0.0,0,0,2.5200590438621533,2.4981048556369703,0.20564321678074063,0.0,0.0
fractal_fixed_hedge_lp,297,sideways,2025-05-31 00:00:00+00:00,2025-05-31 01:00:00+00:00,2,101789.05032281394,101668.03580339608,-0.0011888756112182763,-0.0005780367464289782,-0.9205424981718303,0.11915604576922392,-7.725520700432571,-0.0011888756112182763,1.9768633791468346,0.1573940077385106,0.5054829349351697,0.0,0.0,0.0,0,0,2.569346850293986,2.555676811942786,0.2059055538054363,0.0,0.0
fractal_fixed_hedge_lp,299,sideways,2025-05-31 03:00:00+00:00,2025-06-03 08:00:00+00:00,78,101685.32736360244,101968.0587877016,0.0027804544807941145,0.0026552000222643812,0.3468980353702782,0.054470359420257436,6.368565198805488,-0.0025993997974941285,29.494146539630037,6.198758078516759,19.70215504645102,0.0,0.0,0.0,0,0,2.543200210087541,2.433861640944239,0.20575571719547114,0.0,0.0
fractal_fixed_hedge_lp,300,uptrend,2025-06-03 09:00:00+00:00,2025-06-03 10:00:00+00:00,2,102012.3923560614,102039.9762189618,0.000270397176885373,0.0007052937176135199,20.935308596389753,0.010879045400759194,1924.36999986495,0.0,0.6792381888881208,0.1629877575936339,0.5021986386518478,0.0,0.0,0.0,0,0,2.4649765031695194,2.4637401499913856,0.20524169153632255,0.0,0.0
fractal_fixed_hedge_lp,301,sideways,2025-06-03 11:00:00+00:00,2025-06-05 19:00:00+00:00,57,102082.02894132047,101853.09628378262,-0.0022426342806082245,-0.00183143844308864,-0.2455160154806666,0.04880380431015929,-5.030673713884196,-0.0033040109270474627,29.636561544741653,4.617125700724638,14.224043202310758,0.0,0.0,0.0,0,0,2.4647693937247763,2.4148187860519355,0.20516031643557686,0.0,0.0
fractal_fixed_hedge_lp,302,downtrend,2025-06-05 20:00:00+00:00,2025-06-06 09:00:00+00:00,14,101560.46151927784,101740.56502821804,0.0017733624507605406,-0.0011048388283754207,-0.4992736901105299,0.0917417011610911,-5.442167343658095,-0.0007107100259913235,11.394987248153484,1.0585084613058369,3.4920902437432915,0.0,0.0,0.0,0,0,2.639453989636618,2.610195793609018,0.20603569874341357,0.0,0.0
fractal_fixed_hedge_lp,304,downtrend,2025-06-06 11:00:00+00:00,2025-06-06 12:00:00+00:00,2,101770.95735305044,101731.9261162183,-0.00038352038584787973,0.00019799173617540688,1.380041599197018,0.06388213055024979,21.602936334621386,-0.00038352038584787973,0.8659701271717495,0.1533690790001678,0.4988920230231074,0.0,0.0,0.0,0,0,2.6023210537872625,2.601899796756073,0.2057378097872099,0.0,0.0
fractal_fixed_hedge_lp,305,high_vol_chop,2025-06-06 13:00:00+00:00,2025-06-06 19:00:00+00:00,7,101841.30340617405,101812.33544808548,-0.0002844421381081874,0.0007904041035782239,1.6878552644953166,0.06764791097753933,24.950589605874505,-0.00116764422369664,3.29922826081156,0.5423318866266642,1.7461605614535292,0.0,0.0,0.0,0,0,2.5758374791470104,2.557425431084254,0.2056509813129895,0.0,0.0
fractal_fixed_hedge_lp,306,sideways,2025-06-06 20:00:00+00:00,2025-06-09 21:00:00+00:00,74,101782.23292804792,102173.00129448304,0.0038392591240492546,0.003542457255403031,0.5198464796517921,0.0471451826006815,11.026502623924031,-0.002157135655176834,19.7132615674127,5.76286220163299,18.463073325924586,0.0,0.0,0.0,0,0,2.5633714542614134,2.4387286011012894,0.20552212325176775,0.0,0.0
fractal_fixed_hedge_lp,307,uptrend,2025-06-09 22:00:00+00:00,2025-06-10 20:00:00+00:00,23,102202.63671266148,102470.30521697932,0.0026189980310427075,0.002909809036923283,2.02420550701574,0.07755695959754606,26.099598508239957,-0.0017612559180113507,14.774037753233642,1.9290789030689515,5.727669025008463,0.0,0.0,0.0,0,0,2.3757186882390964,2.324726892813902,0.2043970635163791,0.0,0.0
fractal_fixed_hedge_lp,309,uptrend,2025-06-10 22:00:00+00:00,2025-06-10 23:00:00+00:00,2,102617.4601901512,102588.18081988228,-0.0002853254233213809,0.00033088170034578646,3.2589477949369465,0.059676477286513416,54.61025756078689,-0.0002853254233213809,2.558117240111187,0.1735652906693148,0.49798985781364946,0.0,0.0,0.0,0,0,2.2953662261713452,2.290132455454255,0.20394790306442773,0.0,0.0
fractal_fixed_hedge_lp,310,sideways,2025-06-11 00:00:00+00:00,2025-06-11 15:00:00+00:00,16,102659.99181951996,102804.75348320922,0.0014101078825698998,0.002111087862130878,2.172761357562506,0.04781924486708383,45.436965046223825,-0.0015642189952516095,10.717743053668983,1.3807815643138528,3.9840940502130064,0.0,0.0,0.0,0,0,2.308515446193012,2.2508531192782324,0.20392001137746735,0.0,0.0
fractal_fixed_hedge_lp,312,sideways,2025-06-11 17:00:00+00:00,2025-06-12 14:00:00+00:00,22,102753.74637248632,102539.57278112994,-0.002084338517254536,-0.0023418762664588755,-0.6068586837981285,0.051019990134687394,-11.894527658591967,-0.0027789135917845043,14.082616681359923,1.8825235647150835,5.478664650919892,0.0,0.0,0.0,0,0,2.328449096228769,2.2791034908892143,0.20400254606494325,0.0,0.0
fractal_fixed_hedge_lp,314,sideways,2025-06-12 16:00:00+00:00,2025-06-12 19:00:00+00:00,4,102448.92270041411,102434.15291310118,-0.00014416732673827592,-0.0006419903556604822,-0.7549787599628497,0.09350888027228858,-8.073872318483833,-0.0013752392687516046,3.0357852056663432,0.33780726882463497,0.9961889838072406,0.0,0.0,0.0,0,0,2.359389854390719,2.3351277343027776,0.20415733995098764,0.0,0.0
fractal_fixed_hedge_lp,315,downtrend,2025-06-12 20:00:00+00:00,2025-06-12 21:00:00+00:00,2,102186.16490414708,102297.9773598123,0.0010942034645307075,-0.0013293960013940342,-0.9970519999655452,0.2326383995753681,-4.285844477031528,0.0,2.31959191938995,0.162924986538979,0.4981017927704191,0.0,0.0,0.0,0,0,2.445811825560966,2.4431311503031914,0.20462903656606957,0.0,0.0
fractal_fixed_hedge_lp,316,sideways,2025-06-12 22:00:00+00:00,2025-06-12 23:00:00+00:00,2,102275.33352689043,102338.3925017108,0.0006165609306352238,0.00039507273693550893,4.641087449821152,0.055454373220757885,83.692000833649,0.0,0.8114570905854634,0.1632044419698791,0.4981066600783667,0.0,0.0,0.0,0,0,2.4416453483500513,2.440477907099084,0.20449780735517986,0.0,0.0
fractal_fixed_hedge_lp,317,downtrend,2025-06-13 00:00:00+00:00,2025-06-13 19:00:00+00:00,20,101939.35811113806,102013.88073440624,0.0007310485826967916,-0.0031709679952141023,-0.7511962140580466,0.10914680017549812,-6.882439181452791,-0.0017336222209175522,20.94130146250336,1.5618779472530249,4.981334313184643,0.0,0.0,0.0,0,0,2.551620580171924,2.516933741912788,0.2051738267923034,0.0,0.0
fractal_fixed_hedge_lp,318,high_vol_chop,2025-06-13 20:00:00+00:00,2025-06-13 23:00:00+00:00,4,102014.7766420216,102101.63637333436,0.0008514426455841217,0.0008602323359958586,5.573845547958203,0.020183173495421827,276.1629903851604,0.0,1.4745487822988252,0.3167406524022106,0.9963252750886831,0.0,0.0,0.0,0,0,2.516520335427259,2.5008470024011435,0.20499722997374553,0.0,0.0
fractal_fixed_hedge_lp,319,sideways,2025-06-14 00:00:00+00:00,2025-06-16 19:00:00+00:00,68,102128.32860970432,102368.3959434767,0.002350643910856709,0.0026126865309672453,0.39953016149957654,0.046902376257757776,8.518335175682985,-0.0024500760588176407,25.604461654393162,5.385569085282429,16.9870822459088,0.0,0.0,0.0,0,0,2.5241852024362723,2.425522871066938,0.20490643362996605,0.0,0.0
fractal_fixed_hedge_lp,320,uptrend,2025-06-16 20:00:00+00:00,2025-06-16 21:00:00+00:00,2,102412.96577964848,102389.2013009243,-0.00023204560617173797,0.00020324004548322172,1.435375490526945,0.044171715601221316,32.49535298754069,-0.00023204560617173797,1.1722020167562732,0.1658417786100143,0.5029932889542773,0.0,0.0,0.0,0,0,2.4264255752402737,2.416961888049049,0.2042370760791239,0.0,0.0
fractal_fixed_hedge_lp,322,high_vol_chop,2025-06-16 23:00:00+00:00,2025-06-17 14:00:00+00:00,16,102063.52267056784,102146.2754701763,0.0008107970158504063,0.00038019706403646936,0.23135887018084866,0.04094463174394178,5.650530004219194,-0.0020401241885636967,9.556537380392456,1.280068640041498,4.015411482914503,0.0,0.0,0.0,0,0,2.509683222840299,2.473744624646919,0.2047052378493453,0.0,0.0
fractal_fixed_hedge_lp,323,downtrend,2025-06-17 15:00:00+00:00,2025-06-17 18:00:00+00:00,4,101976.0223900137,101882.73751573532,-0.0009147726307818793,-0.0025800055188298643,-0.99650881282716,0.0652466818494365,-15.272942386966248,-0.0009147726307818793,4.2507494903561565,0.3087101672025301,1.0037567117782698,0.0,0.0,0.0,0,0,2.6012976852852767,2.582791791944251,0.2051668217080721,0.0,0.0
fractal_fixed_hedge_lp,327,sideways,2025-06-17 22:00:00+00:00,2025-06-20 21:00:00+00:00,72,102030.88708919156,101813.76223085917,-0.0021280306829302154,-0.0018376785555944686,-0.20051692328221193,0.0490483148451132,-4.088151120286448,-0.0037345291264290204,35.03014392173691,5.589565497400754,17.961766453875523,0.0,0.0,0.0,0,0,2.5711486076118764,2.528644265505464,0.2049161886863074,0.0,0.0
fractal_fixed_hedge_lp,329,sideways,2025-06-20 23:00:00+00:00,2025-06-21 20:00:00+00:00,22,101684.65796878251,101756.27679788068,0.0007043228597980455,0.0006195031204780932,0.2796652272268756,0.0394542591409695,7.0883406079844455,-0.0012750144577142741,7.433516040890935,1.6486345726565745,5.497437490645177,0.0,0.0,0.0,0,0,2.6677649699742605,2.640854269682429,0.20536197362647562,0.0,0.0
fractal_fixed_hedge_lp,331,high_vol_chop,2025-06-21 22:00:00+00:00,2025-06-22 00:00:00+00:00,3,101387.25333209983,101460.19153661406,0.0007194021153262842,0.0009626383385883397,15.602476556088213,0.03845517884751267,405.7314781438704,-4.559197498066325e-05,7.058692358788903,0.2129442591547761,0.7497001297255093,0.0,0.0,0.0,0,0,2.8165355259193494,2.812042256958383,0.20613967951063128,0.0,0.0
fractal_fixed_hedge_lp,332,downtrend,2025-06-22 01:00:00+00:00,2025-06-22 20:00:00+00:00,20,101383.85451005156,101104.19147905197,-0.002758457274593673,-0.003508765873299069,-0.7855206854571231,0.0677145308999102,-11.600474447917424,-0.0038176527653286385,17.865431217252535,1.38622781907301,4.998282353904283,0.0,0.0,0.0,0,0,2.885545142373391,2.8215464598238427,0.20646053630793654,0.0,0.0
fractal_fixed_hedge_lp,333,high_vol_chop,2025-06-22 21:00:00+00:00,2025-06-23 12:00:00+00:00,16,101073.14233390513,101300.53381867665,0.0022497715962992437,0.0019419802161746436,1.892737001065624,0.05042104638707914,37.5386299311443,-0.0007302594636513504,8.886013234814527,1.1106866140628577,3.9989783788313966,0.0,0.0,0.0,0,0,2.8805970154738008,2.849708629380079,0.2064096639870125,0.0,0.0
fractal_fixed_hedge_lp,334,sideways,2025-06-23 13:00:00+00:00,2025-06-23 16:00:00+00:00,4,101404.5349782471,101179.34245426266,-0.0022207342505219385,-0.0011963546473596764,-0.9273124501858038,0.11911573945463858,-7.784969932868872,-0.00276916727849974,5.63355293808263,0.2799003720827331,0.9997935556419264,0.0,0.0,0.0,0,0,2.858006449637216,2.8137415841373974,0.2062481097950535,0.0,0.0
fractal_fixed_hedge_lp,336,uptrend,2025-06-23 18:00:00+00:00,2025-06-24 19:00:00+00:00,26,101501.358065108,101877.89157957485,0.0037096401628964326,0.005064571423511577,4.4852600440984105,0.0701652702191966,63.92421820776062,-0.0011509156585243208,19.692616267438098,1.940138611116437,6.510821577878965,0.0,0.0,0.0,0,0,2.685436382225301,2.6046344506480126,0.2052524585215827,0.0,0.0
fractal_fixed_hedge_lp,337,high_vol_chop,2025-06-24 20:00:00+00:00,2025-06-24 21:00:00+00:00,2,101906.45998694196,101925.46317977057,0.0001864768222843427,0.0004669472390737006,6.72723845728163,0.006217182774595388,1082.0396795748757,0.0,0.6366263223749229,0.1519204033731299,0.5011357758077735,0.0,0.0,0.0,0,0,2.6389536493817367,2.636613756283445,0.2050675373928211,0.0,0.0
fractal_fixed_hedge_lp,338,sideways,2025-06-24 22:00:00+00:00,2025-06-30 14:00:00+00:00,137,101950.88198330198,102077.09237822412,0.0012379529481931772,0.0014876478725058817,0.09971593937435097,0.0466687627107505,2.1366741602382495,-0.003148038452811752,41.056296237835795,10.605351684218263,35.07248808616167,0.0,0.0,0.0,0,0,2.645972638903195,2.566074056838741,0.20488219422779577,0.0,0.0
fractal_fixed_hedge_lp,339,high_vol_chop,2025-06-30 15:00:00+00:00,2025-06-30 21:00:00+00:00,7,102149.5560553594,102189.26057507146,0.0003886900858438569,0.0010988576793677929,2.9526526335180594,0.06900737864891675,42.787491588979655,-0.0007976327441785447,2.9348643316484413,0.5597282909404112,1.81644859956611,0.0,0.0,0.0,0,0,2.5962765916152946,2.5696873689084647,0.20444585209960936,0.0,0.0
fractal_fixed_hedge_lp,340,sideways,2025-06-30 22:00:00+00:00,2025-07-02 15:00:00+00:00,42,102187.0939349686,102149.73504492364,-0.0003655930373039906,-0.0003867875149052846,-0.07751893606902338,0.050316416792672486,-1.5406291029911408,-0.003455343969181235,12.639814198242675,3.279950336885456,10.839388820064329,0.0,0.0,0.0,0,0,2.644149230907876,2.5870997553507635,0.20469424242607198,0.0,0.0
fractal_fixed_hedge_lp,341,uptrend,2025-07-02 16:00:00+00:00,2025-07-03 14:00:00+00:00,23,102328.3442234117,102492.30145214863,0.0016022660190706528,0.0033535711773931,2.5791890743825903,0.07443548232426972,34.64999478537193,-0.0016225337557180808,12.352365631069006,1.875505000516203,5.859219782733676,0.0,0.0,0.0,0,0,2.499353548553287,2.463259879564029,0.20385976569079728,0.0,0.0
fractal_fixed_hedge_lp,342,sideways,2025-07-03 15:00:00+00:00,2025-07-09 18:00:00+00:00,148,102447.94280552736,102824.7215041296,0.0036777575838440324,0.0032433660603881087,0.21126050954919862,0.0536601530834849,3.937009073017697,-0.0035376625631803327,39.79869539017045,11.853292066963137,37.49332215072125,0.0,0.0,0.0,0,0,2.5311536035807207,2.380734212561716,0.20385299995321277,0.0,0.0
fractal_fixed_hedge_lp,343,uptrend,2025-07-09 19:00:00+00:00,2025-07-10 11:00:00+00:00,17,103022.46842808544,103043.45759687804,0.00020373389526429087,0.0021272714338413934,1.9892011605100768,0.06794566595487896,29.27635092768178,-0.0011217276472706983,6.561460454744065,1.4683606482474232,4.280297237009558,0.0,0.0,0.0,0,0,2.332080200379648,2.314717033153639,0.20259361161281192,0.0,0.0
fractal_fixed_hedge_lp,344,sideways,2025-07-10 12:00:00+00:00,2025-07-10 13:00:00+00:00,2,103002.22068782386,103022.9629984466,0.00020137731482128274,-0.00019889276727891314,-0.5815663587386817,0.03981263485867245,-14.607582763691363,0.0,0.34119979681554463,0.1730582465161618,0.5032445155776564,0.0,0.0,0.0,0,0,2.3263735532351815,2.3236956646192697,0.20259509096796519,0.0,0.0
fractal_fixed_hedge_lp,347,uptrend,2025-07-10 16:00:00+00:00,2025-07-10 17:00:00+00:00,2,103073.7298098124,103112.46041436004,0.00037575631171105073,0.001071727443645809,108.03321554641765,0.02117501802926838,5101.918468125636,0.0,1.3760646109722074,0.1754470024496959,0.50325441968665,0.0,0.0,0.0,0,0,2.2947764248878597,2.28582617041573,0.20243352518711255,0.0,0.0
fractal_fixed_hedge_lp,348,sideways,2025-07-10 18:00:00+00:00,2025-07-10 20:00:00+00:00,3,103102.30918779375,103120.50451296131,0.00017647834768097503,7.80128664270574e-05,0.25581992362664563,0.03314594891401466,7.717984610737173,-0.0002490402121583246,1.282936154822437,0.2628191245799209,0.7548909147844356,0.0,0.0,0.0,0,0,2.297840642202343,2.2952691755775576,0.20241820326226956,0.0,0.0
fractal_fixed_hedge_lp,349,uptrend,2025-07-10 21:00:00+00:00,2025-07-11 20:00:00+00:00,24,103579.40556830703,103567.7134781535,-0.00011288045233881494,0.004336760834368736,3.8525057848506545,0.11839316011394262,32.53993542484185,-0.0031069441350199956,21.35780054885845,2.225115579618604,6.039528460346532,0.0,0.0,0.0,0,0,2.1715149402768446,2.146411429335052,0.2016674773103527,0.0,0.0
fractal_fixed_hedge_lp,350,sideways,2025-07-11 21:00:00+00:00,2025-07-15 14:00:00+00:00,90,103488.7662023198,103502.313966831,0.0001309104843776332,-0.0006314662082049782,-0.05963024522408289,0.06291535576801911,-0.9477852345610338,-0.002774221353310957,34.126356436568585,8.371653387215629,22.73519842582408,0.0,0.0,0.0,0,0,2.1729319251605954,2.1115506510969144,0.20151779144260043,0.0,0.0
fractal_fixed_hedge_lp,351,high_vol_chop,2025-07-15 15:00:00+00:00,2025-07-16 00:00:00+00:00,10,103688.9465677962,103877.02624442484,0.0018138835705661105,0.0036203275388990708,22.704857294713477,0.06797787174449993,334.0036501885707,-0.0005478168249382076,7.20517928893878,0.9699832540062121,2.5510980863670447,0.0,0.0,0.0,0,0,2.1043191866925457,2.060884429234662,0.20103534371900805,0.0,0.0
fractal_fixed_hedge_lp,354,uptrend,2025-07-16 03:00:00+00:00,2025-07-16 12:00:00+00:00,10,103833.93538449609,103989.03215269971,0.0014937001822121765,0.0011211117317966313,1.668572725339958,0.05173652836810616,32.251346929736734,-0.0006248971481250809,2.742610736008373,0.9865373729848137,2.5354764893720465,0.0,0.0,0.0,0,0,2.056127892074939,2.046287384687256,0.20070055452450797,0.0,0.0
fractal_fixed_hedge_lp,356,uptrend,2025-07-16 14:00:00+00:00,2025-07-17 15:00:00+00:00,26,104103.25232013248,104367.47953781606,0.002538126444609601,0.004226203346245239,3.140866347985985,0.08464402343953065,37.1067704529642,-0.0018670323007131673,35.99376909297325,2.750417067452413,6.592859447320185,0.0,0.0,0.0,0,0,1.918238288162886,1.86843905086653,0.1999392035972512,0.0,0.0
fractal_fixed_hedge_lp,357,sideways,2025-07-17 16:00:00+00:00,2025-07-18 00:00:00+00:00,9,104349.68777285791,104508.94247376348,0.0015261636551537894,0.0013554311800370034,2.737410734743736,0.0910704497528865,30.058166421397004,-0.0013120226252335554,9.041176524822731,0.9712360648092573,2.2800042118535337,0.0,0.0,0.0,0,0,1.878255931327721,1.829384010640685,0.19966079859081412,0.0,0.0
fractal_fixed_hedge_lp,358,uptrend,2025-07-18 01:00:00+00:00,2025-07-18 06:00:00+00:00,6,104681.3992141101,104768.84869644928,0.0008353870219131032,0.002486928070782435,36.57757799945204,0.0710920303663755,514.5102455359355,-0.0005602398188193636,5.62137864316901,0.6754322617730774,1.507593189409294,0.0,0.0,0.0,0,0,1.7857369244291277,1.7639374172176292,0.19917065719072422,0.0,0.0
fractal_fixed_hedge_lp,359,high_vol_chop,2025-07-18 07:00:00+00:00,2025-07-18 10:00:00+00:00,4,104762.7623216378,104695.43458871558,-0.0006426685535029231,-0.0007007245822314712,-0.7845711847658771,0.05009936451032847,-15.660302130262155,-0.0009858834180822562,2.506952204098525,0.4484924397347796,1.0050867941155321,0.0,0.0,0.0,0,0,1.7928432978927267,1.78850662536425,0.19916420466904883,0.0,0.0
fractal_fixed_hedge_lp,360,uptrend,2025-07-18 11:00:00+00:00,2025-07-18 13:00:00+00:00,3,104701.14400302689,104826.27084536564,0.0011950857226081801,0.0012496844505593963,37.351759049529754,0.09645706014430892,387.2371705466451,-0.00038383636089300843,4.974990574741696,0.3379609051005147,0.7538280464795244,0.0,0.0,0.0,0,0,1.7844475295138544,1.7796017599109293,0.19909661791323885,0.0,0.0
fractal_fixed_hedge_lp,361,high_vol_chop,2025-07-18 14:00:00+00:00,2025-07-18 15:00:00+00:00,2,104749.46335388828,104624.64992981456,-0.0011915423724132568,-0.0019233815524020148,-0.9997823284497379,0.030366097960979565,-32.9242937217175,-0.0011915423724132568,5.397989452565071,0.2218944949890057,0.5025581981690119,0.0,0.0,0.0,0,0,1.8119071198228816,1.80642071966879,0.19917456572081738,0.0,0.0
fractal_fixed_hedge_lp,362,uptrend,2025-07-18 16:00:00+00:00,2025-07-18 17:00:00+00:00,2,104680.86800019196,104702.75480661196,0.00020908124701413122,0.0007465246177627005,25.27342436943112,0.021724085138156785,1163.382679118679,0.0,2.105500416270388,0.2226787652208579,0.5025631319716513,0.0,0.0,0.0,0,0,1.8055523345696476,1.79876498448481,0.19916333011300286,0.0,0.0
fractal_fixed_hedge_lp,363,high_vol_chop,2025-07-18 18:00:00+00:00,2025-07-19 00:00:00+00:00,7,104747.45907074586,104711.79728645436,-0.0003404548865230117,8.636334219791486e-05,0.11412894822209951,0.08947795911119455,1.27549789194757,-0.001788657024769158,7.046016942842016,0.7700292742876352,1.7590098162958752,0.0,0.0,0.0,0,0,1.8275282656877838,1.8124588623138351,0.19920387004885504,0.0,0.0
fractal_fixed_hedge_lp,364,sideways,2025-07-19 01:00:00+00:00,2025-07-20 10:00:00+00:00,34,104612.92675499678,104863.01372227044,0.0023905933523813427,0.0014441203353854348,0.45035007165361995,0.06442463256275756,6.990339777489973,-0.0013485774354938806,11.383331447981618,3.7933727143022478,8.544621755940677,0.0,0.0,0.0,0,0,1.8023530673560364,1.7454811249356,0.19907494093768383,0.0,0.0
fractal_fixed_hedge_lp,365,uptrend,2025-07-20 11:00:00+00:00,2025-07-20 18:00:00+00:00,8,104930.50979817468,104925.5871087425,-4.691380458976546e-05,0.0005967155076984643,0.921696924314469,0.06255953242042146,14.733117218977123,-0.0010265805483422596,5.259186859573674,0.9343624293406046,2.010706491328819,0.0,0.0,0.0,0,0,1.721631867991765,1.700788580225017,0.19867721153633772,0.0,0.0
fractal_fixed_hedge_lp,366,sideways,2025-07-20 19:00:00+00:00,2025-07-20 20:00:00+00:00,2,105019.58360697296,104958.01299672418,-0.0005862774173548413,0.00030903699350348646,2.870458289791873,0.09808883022310515,29.263865042155707,-0.0005862774173548413,1.4252154015166525,0.23247624868293099,0.5026889603059113,0.0,0.0,0.0,0,0,1.7298706093332747,1.727606374357714,0.19854540290751865,0.0,0.0
fractal_fixed_hedge_lp,368,sideways,2025-07-20 22:00:00+00:00,2025-07-22 12:00:00+00:00,39,104944.42282398784,104890.21786011547,-0.0005165111438392156,-1.9361624983615933e-05,-0.00433951790753051,0.06549192039510164,-0.06626035519115847,-0.0029589393186615354,26.980343517264828,4.518788938349566,9.760206094289135,0.0,0.0,0.0,0,0,1.72820841702909,1.6866228637647955,0.1986005048222259,0.0,0.0
fractal_fixed_hedge_lp,369,high_vol_chop,2025-07-22 13:00:00+00:00,2025-07-23 03:00:00+00:00,15,104836.79567914526,105021.7606769349,0.001764313727746103,0.0012540999485277649,1.0791008272807594,0.08269148088420124,13.04972187874953,-0.001759821910310544,8.54220934572686,1.7204835718390434,3.7535212671336646,0.0,0.0,0.0,0,0,1.745424310852412,1.7294238154172457,0.19862299878342468,0.0,0.0
fractal_fixed_hedge_lp,370,sideways,2025-07-23 04:00:00+00:00,2025-07-24 06:00:00+00:00,27,104976.29062467016,104685.55591986362,-0.0027695273197071435,-0.003201286618165655,-0.6466533549462277,0.06574740698723677,-9.835419898335449,-0.0027695273197071435,13.952240217379767,3.0326337927467497,6.765218146177397,0.0,0.0,0.0,0,0,1.7849527953609639,1.734968980302512,0.19876998659637377,0.0,0.0
fractal_fixed_hedge_lp,371,high_vol_chop,2025-07-24 07:00:00+00:00,2025-07-24 12:00:00+00:00,6,104739.76913310395,104806.01359683464,0.0006324671543480598,0.0011506618645957811,4.360195919273645,0.05664795894454188,76.97004447313378,-0.0005617046500361322,6.372462058719975,0.676077237173402,1.5087011583302257,0.0,0.0,0.0,0,0,1.7853033391395483,1.7730969410537654,0.1987856258351021,0.0,0.0
fractal_fixed_hedge_lp,373,high_vol_chop,2025-07-24 14:00:00+00:00,2025-07-26 01:00:00+00:00,36,104920.6382050673,105065.3465773625,0.0013792174234812382,0.0013239115286953762,0.37980025108374105,0.057694174707111315,6.5829913160526985,-0.0024558804490708575,24.887654606823617,4.159380204815012,9.144426125882491,0.0,0.0,0.0,0,0,1.75898116550855,1.732343455059662,0.1985317717761584,0.0,0.0
fractal_fixed_hedge_lp,374,sideways,2025-07-26 02:00:00+00:00,2025-08-01 05:00:00+00:00,148,105030.0856488142,105052.60011279568,0.00021436204533586967,-0.00012131939770954059,-0.007155508966293467,0.06068605225515217,-0.11791027263082471,-0.003217842414371619,67.17877324529582,17.665804681543037,37.73421067382944,0.0,0.0,0.0,0,0,1.709154409996083,1.6503676520185186,0.19804107222350398,0.0,0.0
fractal_fixed_hedge_lp,375,downtrend,2025-08-01 06:00:00+00:00,2025-08-01 11:00:00+00:00,6,104985.7166962935,105094.41659828718,0.001035378005830312,0.0003980528368321412,0.7878995710107604,0.0717313740614127,10.984030088928751,-0.0006733883683132103,3.0624722111087976,0.6824721620990243,1.5241816175240674,0.0,0.0,0.0,0,0,1.7867213646560651,1.7721725472307202,0.19820222291611492,0.0,0.0
fractal_fixed_hedge_lp,378,sideways,2025-08-01 14:00:00+00:00,2025-08-01 15:00:00+00:00,2,105050.62041344368,104916.30324670135,-0.0012785947023796762,0.00043150052983587095,5.616487737539518,0.1979410799217818,28.374543271962157,-0.0012785947023796762,3.639481901569525,0.2269777267974982,0.5080756419666284,0.0,0.0,0.0,0,0,1.7907694821434426,1.78654561169305,0.19823987954025324,0.0,0.0
fractal_fixed_hedge_lp,379,downtrend,2025-08-01 16:00:00+00:00,2025-08-01 23:00:00+00:00,8,104936.60253778267,104760.1909174996,-0.0016811257084443643,-0.0014879701664159972,-0.8041763424824222,0.06258717122054891,-12.8489006101364,-0.00172243534708727,7.707445886044297,0.8845769385730452,2.0323529120582426,0.0,0.0,0.0,0,0,1.838266764751539,1.8093734723184285,0.19846391974713523,0.0,0.0
fractal_fixed_hedge_lp,380,sideways,2025-08-02 00:00:00+00:00,2025-08-02 01:00:00+00:00,2,104735.69370717544,104784.579937405,0.0004667580697583773,0.0002328080895215301,1.7720323551322918,0.04636673423498949,38.21775210976735,0.0,0.5775371216986968,0.22014358341464652,0.5081008143119169,0.0,0.0,0.0,0,0,1.8464434172255246,1.846237889307752,0.19865185207221814,0.0,0.0
fractal_fixed_hedge_lp,382,sideways,2025-08-02 03:00:00+00:00,2025-08-02 06:00:00+00:00,4,104820.0448847449,104736.94689941705,-0.00079276807617501,-0.000695878018738938,-0.7822708362664674,0.08173554045678579,-9.570755046026276,-0.0013999555678239073,3.460366622865877,0.4402298659844719,1.016221767210934,0.0,0.0,0.0,0,0,1.8467871553978958,1.8371416224437729,0.19854592921747893,0.0,0.0
fractal_fixed_hedge_lp,383,high_vol_chop,2025-08-02 07:00:00+00:00,2025-08-02 11:00:00+00:00,5,104898.52960464753,104832.90517872144,-0.0006255991020409635,0.0009161836595881212,3.974967871400173,0.08191092837726,48.527930889667445,-0.0011879262321616846,1.66989771807539,0.5479839481105678,1.2703055294922376,0.0,0.0,0.0,0,0,1.8545438074535927,1.8445823616612131,0.19849747888954208,0.0,0.0
fractal_fixed_hedge_lp,384,sideways,2025-08-02 12:00:00+00:00,2025-08-04 15:00:00+00:00,52,104829.74199697233,105086.81237527767,0.0024522656777383744,0.002422018126116088,0.5030908939061569,0.06953880501041373,7.234678447966094,-0.002799904240138318,19.84529827031929,5.683146793965458,13.203674256782026,0.0,0.0,0.0,0,0,1.8591968401205625,1.7792039714100398,0.19848934003778712,0.0,0.0
fractal_fixed_hedge_lp,385,uptrend,2025-08-04 16:00:00+00:00,2025-08-04 18:00:00+00:00,3,105116.13833979398,105159.9996659732,0.00041726538733222185,0.0006964460053671129,6.636310061148303,0.03611019034833762,183.7794261711449,-0.00017498352313816135,1.6777529289306585,0.3450628463502339,0.7606379911848111,0.0,0.0,0.0,0,0,1.7634876938691193,1.7613115610468684,0.19784525861901744,0.0,0.0
fractal_fixed_hedge_lp,387,uptrend,2025-08-04 20:00:00+00:00,2025-08-04 23:00:00+00:00,4,105139.80854473254,105161.6129803135,0.00020738515584861617,-0.0001887977780489214,-0.3386725458099572,0.06769201837595956,-5.003138537382346,-0.0008945829397523086,1.2444374427004732,0.4644075902989548,1.0142065470960508,0.0,0.0,0.0,0,0,1.7471248744063044,1.739175906444044,0.19783386208461015,0.0,0.0
fractal_fixed_hedge_lp,388,sideways,2025-08-05 00:00:00+00:00,2025-08-07 09:00:00+00:00,58,105178.38586528935,105130.69551859052,-0.0004534234510872315,-0.00029399950083264237,-0.04343887875270913,0.057894809646009064,-0.7503069622011195,-0.0029037619880528664,25.25506005358784,6.61431285243221,14.748079018938071,0.0,0.0,0.0,0,0,1.784042316740773,1.7396565716243242,0.1979673120027587,0.0,0.0
fractal_fixed_hedge_lp,389,uptrend,2025-08-07 10:00:00+00:00,2025-08-07 14:00:00+00:00,5,105290.9119714826,105266.49926842569,-0.00023185954608806458,0.0012917611660918649,8.59944309534342,0.07976482990692287,107.80995966992046,-0.0006758769331318693,6.137551321020965,0.601949876836788,1.2740084477249904,0.0,0.0,0.0,0,0,1.6932116842144325,1.6830745733797192,0.1974984471503008,0.0,0.0
fractal_fixed_hedge_lp,390,sideways,2025-08-07 15:00:00+00:00,2025-08-07 18:00:00+00:00,4,105308.01816886208,105277.26423973216,-0.0002920378681954272,0.00010226398124091318,0.25100429943047997,0.036746665873944775,6.830668673221169,-0.0005301845558610685,3.872435223723187,0.48066890731385264,1.01922953345101,0.0,0.0,0.0,0,0,1.696367422235745,1.6920313781840737,0.19753431735669758,0.0,0.0
fractal_fixed_hedge_lp,391,uptrend,2025-08-07 19:00:00+00:00,2025-08-08 07:00:00+00:00,13,105337.90318975665,105370.42402384964,0.000308728701713612,0.0008848993635071079,0.8148854660328808,0.04601239962543335,17.710127545324823,-0.001193287530939835,6.151668565540604,1.5921704643203647,3.312635803665502,0.0,0.0,0.0,0,0,1.664516490262302,1.648580234886054,0.1972698766185127,0.0,0.0
fractal_fixed_hedge_lp,392,sideways,2025-08-08 08:00:00+00:00,2025-08-08 16:00:00+00:00,9,105412.73372430154,105438.820719257,0.0002474747977192493,0.0006491071478638144,0.8806033579531012,0.06655507149413965,13.231198437381899,-0.0012516404724803865,5.026011291533905,1.1118448988896406,2.2934885226349757,0.0,0.0,0.0,0,0,1.6504002181343596,1.6233686813464376,0.19721925661300205,0.0,0.0
fractal_fixed_hedge_lp,393,uptrend,2025-08-08 17:00:00+00:00,2025-08-08 18:00:00+00:00,2,105539.71111380636,105487.62502438868,-0.0004935212430278169,0.0004628684653220638,6.590479931139211,0.09598863388177753,68.65896163556451,-0.0004935212430278169,1.6206335723954908,0.2539694260366912,0.509678036021125,0.0,0.0,0.0,0,0,1.6055001125895052,1.6008060225261391,0.1970592399009288,0.0,0.0
fractal_fixed_hedge_lp,394,sideways,2025-08-08 19:00:00+00:00,2025-08-09 04:00:00+00:00,10,105510.33198833694,105668.24751889268,0.001496683098041851,0.0017122624048298007,3.475683974815607,0.05483189058426602,63.38800172272288,-0.0009371390937571444,6.879463458717055,1.2683567000162,2.5484661093631833,0.0,0.0,0.0,0,0,1.607462604244422,1.591629099597091,0.19694486461150804,0.0,0.0
fractal_fixed_hedge_lp,395,uptrend,2025-08-09 05:00:00+00:00,2025-08-09 12:00:00+00:00,8,105718.06561891848,105640.14887409852,-0.0007370239359166808,-0.0002659137958086477,-0.2526445176668588,0.06876060491250288,-3.6742625808534726,-0.0014643470536755965,5.052597856694774,1.0524803340786841,2.0388640056160336,0.0,0.0,0.0,0,0,1.549798131275215,1.5393109489739043,0.1966696142886682,0.0,0.0
fractal_fixed_hedge_lp,397,uptrend,2025-08-09 14:00:00+00:00,2025-08-09 16:00:00+00:00,3,105621.63552557954,105755.62487543684,0.001268578631551831,-0.0005354661796559412,-0.7906986105877319,0.13170367795880483,-6.003618295572975,0.0,3.012427942139766,0.395973620317271,0.7645986808586138,0.0,0.0,0.0,0,0,1.5447570849179961,1.5430898408696114,0.1967099436986888,0.0,0.0
fractal_fixed_hedge_lp,398,sideways,2025-08-09 17:00:00+00:00,2025-08-09 19:00:00+00:00,3,105702.34491557072,105758.57615133194,0.0005319771837242193,2.790656193063512e-05,0.08489805477505596,0.054191664016746806,1.5666257221557174,-0.00010505818473860451,1.0202140483984294,0.39981283535960377,0.7646100713407298,0.0,0.0,0.0,0,0,1.529952097775512,1.5251027182410848,0.1966008210478288,0.0,0.0
fractal_fixed_hedge_lp,399,uptrend,2025-08-09 20:00:00+00:00,2025-08-10 02:00:00+00:00,7,105732.66240929786,105835.77109778208,0.0009751829390720612,0.0007299166579137761,1.4920492291250063,0.05426796453182309,27.494107103465414,-0.000625261125682619,4.203437502489578,0.940356298855605,1.7841344637342322,0.0,0.0,0.0,0,0,1.5178827518005846,1.5065140529956311,0.1964740808205198,0.0,0.0
fractal_fixed_hedge_lp,400,sideways,2025-08-10 03:00:00+00:00,2025-08-12 11:00:00+00:00,57,105732.03054554488,105791.50149147582,0.000562468588034104,-0.0004182858578635207,-0.062273903036634715,0.08068030355804104,-0.771860048739593,-0.002785444787365865,28.13087462676731,7.611538508236911,14.523227671993647,0.0,0.0,0.0,0,0,1.5265980067120775,1.500861447430664,0.19642934909048676,0.0,0.0
fractal_fixed_hedge_lp,402,sideways,2025-08-12 13:00:00+00:00,2025-08-12 18:00:00+00:00,6,105854.07941110276,105905.79262648034,0.0004885330415727029,-0.0007339604377413211,-0.6576684890359938,0.05814525353506622,-11.31078547347579,-0.00031257283102625877,5.151809502795459,0.8408609334840673,1.5332645100274624,0.0,0.0,0.0,0,0,1.4588922731782488,1.4438637681420163,0.1962386031697204,0.0,0.0
fractal_fixed_hedge_lp,403,uptrend,2025-08-12 19:00:00+00:00,2025-08-13 14:00:00+00:00,20,105920.41872580236,106196.7991360415,0.002609321352426086,0.0027477865218148434,2.3263646032471863,0.08084513976556344,28.77556535857605,-0.001878987936986376,18.929133723674113,2.899200039983631,5.084834491899577,0.0,0.0,0.0,0,0,1.403219028646622,1.3805511771557182,0.1958833055939813,0.0,0.0
fractal_fixed_hedge_lp,405,uptrend,2025-08-13 16:00:00+00:00,2025-08-13 18:00:00+00:00,3,106082.76126281642,106038.34823230612,-0.0004186639750097809,-0.0006410155422930108,-0.8462404953493381,0.0013657605034867518,-619.6111933160372,-0.0004186639750097809,2.5249561728637673,0.4419399335177974,0.7614534547889806,0.0,0.0,0.0,0,0,1.3783977469842361,1.3748208925535228,0.1958897392631865,0.0,0.0
fractal_fixed_hedge_lp,406,sideways,2025-08-13 19:00:00+00:00,2025-08-14 11:00:00+00:00,17,106048.27823667646,106040.9051323754,-6.952592181275197e-05,2.411297527626921e-05,0.012502637077418388,0.0615774691970436,0.20303915117737015,-0.0018702821031310046,10.19354726285792,2.5217257487249873,4.322151037119971,0.0,0.0,0.0,0,0,1.3712050552020876,1.3607202190943497,0.19572844308553716,0.0,0.0
fractal_fixed_hedge_lp,407,high_vol_chop,2025-08-14 12:00:00+00:00,2025-08-14 20:00:00+00:00,9,106060.6790283578,105975.28186356956,-0.0008051727140593323,-0.0006188486294406159,-0.452576447265987,0.09188063445789568,-4.925700066572573,-0.0017474786343566473,21.00012801605908,1.2900089095439338,2.2898967583152925,0.0,0.0,0.0,0,0,1.4202268273697536,1.3907307990375803,0.1958114879825486,0.0,0.0
fractal_fixed_hedge_lp,409,high_vol_chop,2025-08-14 22:00:00+00:00,2025-08-15 11:00:00+00:00,14,105979.2001144002,106155.6896240281,0.0016653221522469064,0.0011683422731765258,1.076371140102367,0.060845121170218626,17.690344260982585,-0.0010867582501096207,4.912156242687615,2.031475364140494,3.57635357889583,0.0,0.0,0.0,0,0,1.4084849685394165,1.3975206019190571,0.1957416013798434,0.0,0.0
fractal_fixed_hedge_lp,410,sideways,2025-08-15 12:00:00+00:00,2025-08-16 09:00:00+00:00,22,106141.08187602996,106088.95076278756,-0.0004911492545675022,-0.0006286884996647979,-0.2215192798459925,0.06526955117233067,-3.3939145568983142,-0.002078314392205849,17.242363344240403,3.082544932401654,5.624173135545072,0.0,0.0,0.0,0,0,1.459821482036697,1.4035877948207676,0.19586535630710403,0.0,0.0
fractal_fixed_hedge_lp,411,downtrend,2025-08-16 10:00:00+00:00,2025-08-16 11:00:00+00:00,2,105947.98766941667,106076.40350035852,0.00121206484206704,-0.00011827115207396766,-0.4043239395197017,0.1681534894085676,-2.40449330514518,0.0,0.7601844723903923,0.2767811808048951,0.5113190046793381,0.0,0.0,0.0,0,0,1.4779134998989951,1.4751736698949849,0.1958911086448949,0.0,0.0
fractal_fixed_hedge_lp,412,sideways,2025-08-16 12:00:00+00:00,2025-08-18 07:00:00+00:00,44,105931.60533721808,106019.6065387271,0.000830736032262358,-0.0005354344581568471,-0.10114062622803588,0.07581589563249841,-1.334029300640248,-0.0031789338516131638,26.929388787190874,6.148557922468054,11.24092184842367,0.0,0.0,0.0,0,0,1.4630585116038903,1.422517164601469,0.19582662339493345,0.0,0.0
fractal_fixed_hedge_lp,413,downtrend,2025-08-18 08:00:00+00:00,2025-08-18 11:00:00+00:00,4,105981.40472863145,105872.69063997784,-0.0010257845603384164,-0.0013857427276491308,-0.9520156915062191,0.07385774561488516,-12.889855811065422,-0.0016333787522547771,2.5902750986269893,0.5354842228359667,1.0181849409811023,0.0,0.0,0.0,0,0,1.5211636239098918,1.514123783630142,0.19589203180970516,0.0,0.0
fractal_fixed_hedge_lp,416,high_vol_chop,2025-08-18 14:00:00+00:00,2025-08-19 01:00:00+00:00,12,105913.96925769544,105956.25131726744,0.0003992113586936963,-0.0010766417652464666,-0.5445056129810832,0.0886357110895815,-6.1431854755558675,-0.0018443232346229133,9.096581110180523,1.6297887257897736,3.0535330454831664,0.0,0.0,0.0,0,0,1.498898609515564,1.488426780189094,0.19583995104204485,0.0,0.0
fractal_fixed_hedge_lp,417,sideways,2025-08-19 02:00:00+00:00,2025-08-19 17:00:00+00:00,16,105981.54827724026,105849.22068910446,-0.0012485908187492845,-0.0010101398155590857,-0.42496885070442514,0.08131777501378266,-5.226026543795579,-0.002032767774954536,13.262631793743822,2.121552852062222,4.063838308406181,0.0,0.0,0.0,0,0,1.532602273968338,1.5089191284895125,0.19590295318810588,0.0,0.0
fractal_fixed_hedge_lp,419,sideways,2025-08-19 19:00:00+00:00,2025-08-19 22:00:00+00:00,4,105947.89260795582,105937.91283400403,-9.419511522246182e-05,0.0007536799751772794,4.206654199602558,0.07465908000229264,56.34484378153842,-0.0009710064270002094,2.12509816734746,0.5181553361490849,1.0160148181211386,0.0,0.0,0.0,0,0,1.5686823254402613,1.563915213339039,0.19597999081878387,0.0,0.0
fractal_fixed_hedge_lp,420,downtrend,2025-08-19 23:00:00+00:00,2025-08-20 00:00:00+00:00,2,105828.7478798226,105843.80330008842,0.00014226210332668465,-0.0008883461208366583,-0.9796094820245632,0.07761269591029507,-12.621768520408027,0.0,1.4914988541027014,0.2549653490906625,0.5068416946453006,0.0,0.0,0.0,0,0,1.5903235338292894,1.584472005936142,0.1961069135968394,0.0,0.0
fractal_fixed_hedge_lp,423,sideways,2025-08-20 03:00:00+00:00,2025-08-20 12:00:00+00:00,10,105926.33322775674,105899.43503244867,-0.0002539330352371305,0.0008740363132146989,1.1496851718700936,0.07054616436857482,16.296919643475714,-0.001542502398428125,3.7093226406468602,1.3045891081378236,2.528441812593954,0.0,0.0,0.0,0,0,1.550566506451125,1.5343875447533466,0.19592182925376797,0.0,0.0
fractal_fixed_hedge_lp,424,high_vol_chop,2025-08-20 13:00:00+00:00,2025-08-20 21:00:00+00:00,9,105934.78702669288,106153.74370456756,0.002066900628397983,0.0024014167029409172,9.325090446822184,0.051389126202564375,181.46038152244066,-0.0006992493517267162,10.683857145479578,1.1999841735784758,2.275703996922625,0.0,0.0,0.0,0,0,1.5175753449018206,1.493329153813107,0.19564531543702243,0.0,0.0
fractal_fixed_hedge_lp,425,uptrend,2025-08-20 22:00:00+00:00,2025-08-21 01:00:00+00:00,4,106067.54712643502,106010.21145009076,-0.0005405581433490791,-0.0013521167456538308,-0.9483435070060162,0.04323215546259441,-21.936068115469002,-0.0007607163925629212,1.4272256671406467,0.5404765721078773,1.0126297368406947,0.0,0.0,0.0,0,0,1.4988930813483743,1.4895177425473982,0.1956839617302401,0.0,0.0
fractal_fixed_hedge_lp,426,high_vol_chop,2025-08-21 02:00:00+00:00,2025-08-21 10:00:00+00:00,9,106015.3397347144,106057.20401802204,0.0003948889227953778,0.0004432834091023796,0.5393602628082002,0.06486537278289338,8.315072274593371,-0.0013452498141143243,3.451147961906827,1.2054599971954325,2.2811301075967925,0.0,0.0,0.0,0,0,1.5138849546085515,1.5064775666387842,0.1956932586843276,0.0,0.0
fractal_fixed_hedge_lp,429,sideways,2025-08-21 13:00:00+00:00,2025-08-22 13:00:00+00:00,25,106115.80031473828,106074.1551828209,-0.00039244986885889066,0.0007284847759476687,0.29067860922957256,0.07570272888455834,3.8397375301072465,-0.0015221620598523389,14.650424424434732,3.343402189528211,6.369927086191673,0.0,0.0,0.0,0,0,1.5243021003782153,1.50307346349872,0.19563519375606298,0.0,0.0
fractal_fixed_hedge_lp,430,uptrend,2025-08-22 14:00:00+00:00,2025-08-23 13:00:00+00:00,24,106327.96397128506,106285.20934014003,-0.0004021014749852059,0.0019896850175744607,1.0657916092886315,0.07442237817988691,14.320848585522198,-0.001897805422972132,39.93268032172,3.5855945625829286,6.140662125777351,0.0,0.0,0.0,0,0,1.3703226898350767,1.3412865040063984,0.19500835432693764,0.0,0.0
fractal_fixed_hedge_lp,431,high_vol_chop,2025-08-23 14:00:00+00:00,2025-08-23 15:00:00+00:00,2,106428.24275496422,106422.27372932012,-5.608497791176337e-05,0.001289590433429355,281.8076999909643,0.09277569627245427,3037.5164112310185,-5.608497791176337e-05,1.9946131145584332,0.298054086617639,0.5117549545403572,0.0,0.0,0.0,0,0,1.3736054509973958,1.370068738736108,0.1949089587105931,0.0,0.0
fractal_fixed_hedge_lp,432,sideways,2025-08-23 16:00:00+00:00,2025-08-25 02:00:00+00:00,35,106394.61195433536,106413.69535171204,0.00017936432142717784,-8.060697547151996e-05,-0.019973422306419297,0.08510481211004468,-0.23469204397740384,-0.0018084048656589191,21.777147049865107,5.261630458826563,8.958297308300764,0.0,0.0,0.0,0,0,1.36216466849403,1.3190735417695485,0.19493648554051418,0.0,0.0
fractal_fixed_hedge_lp,433,high_vol_chop,2025-08-25 03:00:00+00:00,2025-08-25 16:00:00+00:00,14,106497.58833265584,106444.49592299583,-0.0004985315676273583,0.0002894417977121755,0.1985130490778353,0.08433778364299638,2.353785462493836,-0.0022808795253752567,10.118311082030687,2.0454300728823576,3.5912698343315523,0.0,0.0,0.0,0,0,1.4047785800889663,1.376845164224206,0.1949673176981385,0.0,0.0
fractal_fixed_hedge_lp,434,downtrend,2025-08-25 17:00:00+00:00,2025-08-26 05:00:00+00:00,13,106304.11438108978,106309.76346953592,5.314082600693659e-05,-0.0012657531259989696,-0.5740626999396279,0.06064073994428166,-9.466617664413267,-0.0017267417985928901,23.327477382251345,1.814310331624633,3.338497495592799,0.0,0.0,0.0,0,0,1.4724872759215388,1.4188005156595582,0.19509527930930898,0.0,0.0
fractal_fixed_hedge_lp,435,high_vol_chop,2025-08-26 06:00:00+00:00,2025-08-26 19:00:00+00:00,14,106292.95858988822,106280.20329757888,-0.0001200012915113513,-0.00027805698171345927,-0.15971017672925303,0.047731042636628244,-3.346044165536273,-0.0009146085165873119,9.228017374277442,1.9857448428125524,3.5999732096716928,0.0,0.0,0.0,0,0,1.4505923839377068,1.4157046726894484,0.1950808788992507,0.0,0.0
fractal_fixed_hedge_lp,436,uptrend,2025-08-26 20:00:00+00:00,2025-08-26 21:00:00+00:00,2,106380.0719394358,106290.30136300062,-0.0008438664761036829,9.501360656494207e-05,0.5160978463650547,0.11803744261707956,4.3723231791738035,-0.0008438664761036829,1.1207973998289162,0.29049953059623557,0.5143024586285809,0.0,0.0,0.0,0,0,1.4163395391596474,1.413260152216195,0.19496688752393285,0.0,0.0
fractal_fixed_hedge_lp,438,uptrend,2025-08-26 23:00:00+00:00,2025-08-27 00:00:00+00:00,2,106383.22752305446,106386.07494130186,2.6765668928341313e-05,0.0008751988873505478,45.140663077556894,0.05437774428519648,830.1312176688755,0.0,0.7752810103820593,0.2892120501198375,0.5131359461287449,0.0,0.0,0.0,0,0,1.4194382048315517,1.4146531789173018,0.1948721072786562,0.0,0.0
fractal_fixed_hedge_lp,439,sideways,2025-08-27 01:00:00+00:00,2025-08-29 07:00:00+00:00,55,106308.05828225032,106310.76183794715,2.5431333621428465e-05,-0.0007079225678383594,-0.10666415897706694,0.0697045822686199,-1.530231664914313,-0.0022808485412801893,25.795694815254137,7.849470159959227,14.043359325296631,0.0,0.0,0.0,0,0,1.4315602687465436,1.3975018569128088,0.19486020516206493,0.0,0.0
fractal_fixed_hedge_lp,440,downtrend,2025-08-29 08:00:00+00:00,2025-08-29 11:00:00+00:00,4,106079.18013411152,106272.1714383665,0.0018193136863517978,-0.0003629961719160413,-0.5484666009976236,0.14109284060208566,-3.8872744971123363,0.0,2.5666130168233394,0.5438582872834601,1.0195200529539785,0.0,0.0,0.0,0,0,1.4996946109010716,1.4978131766698697,0.19511671284442897,0.0,0.0
fractal_fixed_hedge_lp,442,downtrend,2025-08-29 13:00:00+00:00,2025-08-29 14:00:00+00:00,2,106155.48351054773,106052.48861621384,-0.0009702267930761233,-0.0027117786197133897,-0.999993166846148,0.051159436106485795,-19.54660260063681,-0.0009702267930761233,5.504213363147301,0.2697632969552466,0.5097701286394822,0.0,0.0,0.0,0,0,1.5118120482912278,1.503183516003133,0.195304632874056,0.0,0.0
fractal_fixed_hedge_lp,443,sideways,2025-08-29 15:00:00+00:00,2025-08-30 00:00:00+00:00,10,106308.85247584488,106240.11800312478,-0.0006465545542005957,0.0017692124848662782,3.7042236882232062,0.10505199073474324,35.260861429807534,-0.0014526363733705638,6.647438262487412,1.3591610094229516,2.548926411590167,0.0,0.0,0.0,0,0,1.5003277007785276,1.4911349103553626,0.1949889973561372,0.0,0.0
fractal_fixed_hedge_lp,444,high_vol_chop,2025-08-30 01:00:00+00:00,2025-08-30 07:00:00+00:00,7,106267.4867649792,106316.45133208646,0.0004607671508742861,0.0007184981567831539,1.4567178654424517,0.04740554038232302,30.72885265507162,-0.0010335390567027813,3.4283112590005658,0.9537562798373054,1.7843236274602443,0.0,0.0,0.0,0,0,1.496848094743211,1.4790807573982732,0.1948944811107007,0.0,0.0
fractal_fixed_hedge_lp,445,sideways,2025-08-30 08:00:00+00:00,2025-09-02 12:00:00+00:00,77,106346.91412735567,106217.99269405744,-0.0012122724420930986,-0.0009260903349894711,-0.100041497545167,0.06594212031403429,-1.5171107187445931,-0.0027664669464230185,40.376693308910944,10.630005800175349,19.669836500728398,0.0,0.0,0.0,0,0,1.4805475563523625,1.450508692189693,0.19483229236425895,0.0,0.0
fractal_fixed_hedge_lp,446,high_vol_chop,2025-09-02 13:00:00+00:00,2025-09-03 01:00:00+00:00,13,106334.51168728236,106220.7716341256,-0.0010696438188502189,2.6162611415303516e-05,0.01778565857674841,0.07803139666483441,0.2279295173088153,-0.0016996670791343815,7.1288547353401555,1.7784779537002084,3.353369366891323,0.0,0.0,0.0,0,0,1.5084815674306287,1.487776309832474,0.194830900608909,0.0,0.0
fractal_fixed_hedge_lp,447,sideways,2025-09-03 02:00:00+00:00,2025-09-05 13:00:00+00:00,60,106352.75499014776,106462.59378398531,0.0010327780775187811,0.002276599446034755,0.3937608491117217,0.07538761987202121,5.223150031532686,-0.0021880916991288135,27.137882185450962,8.3527857374286,15.53282122451659,0.0,0.0,0.0,0,0,1.4879623202043417,1.4540721506657883,0.19465060424702094,0.0,0.0
fractal_fixed_hedge_lp,448,high_vol_chop,2025-09-05 14:00:00+00:00,2025-09-06 13:00:00+00:00,24,106395.96474528025,106365.2283783328,-0.00028888658532333356,-0.0009145503804847133,-0.2839201711615802,0.053881141446569435,-5.269379295595029,-0.0014796383200911256,5.427240892033751,3.2961827206604477,6.235603584005654,0.0,0.0,0.0,0,0,1.5134380873167028,1.5019144609992718,0.19463460883007752,0.0,0.0
fractal_fixed_hedge_lp,449,sideways,2025-09-06 14:00:00+00:00,2025-09-12 18:00:00+00:00,149,106378.4497219599,106531.76438469574,0.0014412191861843393,0.0015656997018855812,0.09634130113358341,0.05455196585885484,1.766046367290453,-0.0021349903585820007,37.011646928502614,20.657769398443996,38.61665335273945,0.0,0.0,0.0,0,0,1.4960501122810008,1.4096763253292028,0.1944298059090351,0.0,0.0
fractal_fixed_hedge_lp,450,uptrend,2025-09-12 19:00:00+00:00,2025-09-12 23:00:00+00:00,5,106498.71551277742,106556.6889169708,0.0005443577785351206,0.00023396338565362385,0.506600680210678,0.08917656951066481,5.680872038367573,-0.001314752862634161,2.849064323017501,0.7463666645255674,1.300153368951566,0.0,0.0,0.0,0,0,1.3936216467380127,1.38337775232091,0.19393710500199282,0.0,0.0
fractal_fixed_hedge_lp,451,sideways,2025-09-13 00:00:00+00:00,2025-09-13 02:00:00+00:00,3,106613.792926267,106672.41915392,0.0005498934616607887,0.0010860907759564498,22.799488901640906,0.09044658628924643,252.07683160897398,-0.0006792192539094577,0.9185515998246956,0.4501958653857875,0.780107765799849,0.0,0.0,0.0,0,0,1.3862621563966748,1.3854413251144522,0.19380419433115156,0.0,0.0
fractal_fixed_hedge_lp,453,sideways,2025-09-13 04:00:00+00:00,2025-09-22 04:00:00+00:00,217,106697.1637786954,106509.5404740306,-0.0017584657175513385,-0.0009645999695262475,-0.038209285359436906,0.07926237922299455,-0.48206079269889157,-0.0067980055740123335,52.70856362998302,30.540413440733992,54.8221074906139,0.0,0.0,0.0,0,0,1.4369317375105426,1.3746353641615128,0.19381836906338434,0.0,0.0
fractal_fixed_hedge_lp,454,downtrend,2025-09-22 05:00:00+00:00,2025-09-22 23:00:00+00:00,19,106528.45522622942,106355.98615488171,-0.0016189953283508585,-0.0014416954431074602,-0.48581753418440066,0.07463092220771375,-6.509601111885861,-0.002731044887941847,10.296594772958997,2.3754966571424867,4.632887931775566,0.0,0.0,0.0,0,0,1.5602699412546386,1.5467115433614118,0.1940945187949564,0.0,0.0
fractal_fixed_hedge_lp,455,sideways,2025-09-23 00:00:00+00:00,2025-09-25 15:00:00+00:00,64,106431.00342832287,106153.34771600472,-0.002608786005716346,-0.001905284753618286,-0.22974573342770166,0.06212127229181014,-3.6983423705246707,-0.0032709591940309757,22.546164952988875,7.912540161365108,15.603864865638222,0.0,0.0,0.0,0,0,1.5779516771272317,1.5506251991821995,0.19406104394085077,0.0,0.0
fractal_fixed_hedge_lp,456,downtrend,2025-09-25 16:00:00+00:00,2025-09-25 23:00:00+00:00,8,106161.21119404177,106010.86564862145,-0.0014162003591454697,-0.0013422286762397873,-0.7702417587424397,0.11404207668427527,-6.754013791548614,-0.0020267869130071725,8.634838564923939,0.9407108192445588,1.9702585399719819,0.0,0.0,0.0,0,0,1.6756528655052363,1.6569908368379802,0.19448067920954054,0.0,0.0
fractal_fixed_hedge_lp,457,high_vol_chop,2025-09-26 00:00:00+00:00,2025-09-26 16:00:00+00:00,17,106128.81409903316,106164.28631871485,0.00033423740746396646,0.0014472164636589735,1.1068691399596857,0.05511998524604551,20.081085563046233,-0.0011837253815606408,11.537324188068851,2.0109741518387074,4.167014642512165,0.0,0.0,0.0,0,0,1.6577797918022465,1.6361613466417588,0.1943533336815934,0.0,0.0
fractal_fixed_hedge_lp,459,sideways,2025-09-26 18:00:00+00:00,2025-10-01 07:00:00+00:00,110,106326.10467816316,106372.49920277936,0.0004363418067145908,0.0020456311733565435,0.1767309722654964,0.0601864217146493,2.936392748241424,-0.0021888698241022686,21.753107024244855,13.549454904790645,27.060909512207854,0.0,0.0,0.0,0,0,1.5983820341329644,1.5453439964773363,0.19392044255481097,0.0,0.0
fractal_fixed_hedge_lp,460,high_vol_chop,2025-10-01 08:00:00+00:00,2025-10-01 14:00:00+00:00,7,106551.07364123594,106586.62764209836,0.00033368036235970067,0.002013005625737696,11.38641909131372,0.07259006112844288,156.85920240742422,-0.0011898933960504676,3.606647249697744,0.9122649027426465,1.7333433270107466,0.0,0.0,0.0,0,0,1.5200586128012092,1.5105501370857053,0.19344595056419442,0.0,0.0
fractal_fixed_hedge_lp,461,uptrend,2025-10-01 15:00:00+00:00,2025-10-01 16:00:00+00:00,2,106605.37010683148,106618.92577892033,0.00012715749755631833,0.0003030224103761636,2.7698571391190394,0.0032220533364167516,859.6558932818288,0.0,0.3368050961580592,0.2623854470368991,0.4952516356359166,0.0,0.0,0.0,0,0,1.5100046118269888,1.5096086267050766,0.19337000510504396,0.0,0.0
fractal_fixed_hedge_lp,462,high_vol_chop,2025-10-01 17:00:00+00:00,2025-10-02 00:00:00+00:00,8,106618.64381627634,106702.43802748062,0.000785924564456808,0.0007832779025878089,1.3569150320157428,0.0680589312054773,19.937354407154427,-0.0009013434319218305,3.085526786499031,1.048282745259014,1.9810540329957682,0.0,0.0,0.0,0,0,1.5118803917478918,1.502609144170535,0.19342903727966318,0.0,0.0
fractal_fixed_hedge_lp,463,uptrend,2025-10-02 01:00:00+00:00,2025-10-02 07:00:00+00:00,7,106579.48296594508,106716.75707458788,0.001287997509676897,0.00013419606310760557,0.18284850919587092,0.06205086328041059,2.9467520599926296,-0.0006141181967502796,1.9186387901318085,0.9306566255158198,1.7334846117831764,0.0,0.0,0.0,0,0,1.490132610257718,1.4837065526973514,0.1932674137855373,0.0,0.0
fractal_fixed_hedge_lp,464,sideways,2025-10-02 08:00:00+00:00,2025-10-06 18:00:00+00:00,107,106646.75207714172,106808.34485174716,0.0015152151514989942,0.0008582323870220954,0.07275770785282853,0.0712962014026174,1.0204990787932424,-0.0022733340931512247,35.28534787721219,14.549193824767084,26.36379973249755,0.0,0.0,0.0,0,0,1.4498439956298086,1.3872795236394937,0.1930443774721262,0.0,0.0
fractal_fixed_hedge_lp,466,sideways,2025-10-06 20:00:00+00:00,2025-10-07 17:00:00+00:00,22,106837.20459365484,106834.36516636558,-2.6577139490502333e-05,-0.000244321751825205,-0.09271292244566764,0.0548302380324994,-1.6909086258336892,-0.0018833982696413454,10.064686766686009,3.066689091263699,5.375760750302977,0.0,0.0,0.0,0,0,1.4027108958994694,1.3766797411544756,0.19278822327608075,0.0,0.0
fractal_fixed_hedge_lp,467,downtrend,2025-10-07 18:00:00+00:00,2025-10-07 19:00:00+00:00,2,106761.88138407563,106759.8003279033,-1.9492501868167977e-05,-0.0006979480651768677,-0.9530221864152819,0.04361208419911894,-21.852250446552496,-1.9492501868167977e-05,0.605285430508502,0.2672972986575287,0.4885187056653367,0.0,0.0,0.0,0,0,1.462109605381948,1.4596182074464614,0.19291332920285542,0.0,0.0
fractal_fixed_hedge_lp,468,sideways,2025-10-07 20:00:00+00:00,2025-10-07 22:00:00+00:00,3,106767.4704932625,106768.88850726752,1.3281329963810151e-05,8.512735445642683e-05,0.2821794117633307,0.006613061300894984,42.67001301275428,-5.315034119734996e-05,0.6585685230006674,0.4035169213566897,0.7327867163550541,0.0,0.0,0.0,0,0,1.4528102620934407,1.4497694177971951,0.19289307731319205,0.0,0.0
fractal_fixed_hedge_lp,470,sideways,2025-10-08 00:00:00+00:00,2025-10-08 02:00:00+00:00,3,106727.5285296036,106751.19271161107,0.0002217251943663623,-0.00026111522339244964,-0.5335274086058857,0.036257736855495305,-14.714856879574462,-6.972372504077118e-05,0.4773320289577895,0.3996295140687387,0.7292604531160964,0.0,0.0,0.0,0,0,1.4598815956896989,1.4584295652953267,0.19295561977814427,0.0,0.0
fractal_fixed_hedge_lp,471,downtrend,2025-10-08 03:00:00+00:00,2025-10-08 05:00:00+00:00,3,106691.11408945214,106727.40020708702,0.0003401044027382394,-0.0002228781142366021,-0.4784116633534785,0.04064277193702755,-11.771137659969057,0.0,1.2004998484553653,0.3968380678663016,0.7292707427297878,0.0,0.0,0.0,0,0,1.4701775186026753,1.465608441315967,0.19300099577714327,0.0,0.0
fractal_fixed_hedge_lp,472,sideways,2025-10-08 06:00:00+00:00,2025-10-08 11:00:00+00:00,6,106676.8742949994,106819.66110682524,0.0013384982712465465,0.000864453735022197,2.5309157364237724,0.0770291183660869,32.85661046249287,-0.0009335142430370036,2.3662974094104356,0.7989591059547216,1.4585723548813834,0.0,0.0,0.0,0,0,1.46049543852324,1.4532625598345077,0.19291021306101022,0.0,0.0
fractal_fixed_hedge_lp,474,sideways,2025-10-08 13:00:00+00:00,2025-10-10 14:00:00+00:00,50,106699.34878451792,106739.14299017534,0.0003729564061143442,-0.0007886969750628969,-0.12910532150970366,0.06848323241751134,-1.8852106851879717,-0.002651290059214384,20.47676634668551,6.558816615550321,12.197150421329283,0.0,0.0,0.0,0,0,1.488101785026298,1.4407400718440964,0.19292902495345743,0.0,0.0
fractal_fixed_hedge_lp,475,high_vol_chop,2025-10-10 15:00:00+00:00,2025-10-10 16:00:00+00:00,2,106563.0921583608,106570.43879762544,6.894168624271835e-05,-0.0015805278909296616,-0.9990202260766872,0.11371962715771196,-8.78494109632629,0.0,6.273947729995143,0.2459880060652061,0.4898581009897461,0.0,0.0,0.0,0,0,1.5931203119229926,1.592131260109794,0.19317949563038062,0.0,0.0
fractal_fixed_hedge_lp,476,downtrend,2025-10-10 17:00:00+00:00,2025-10-11 19:00:00+00:00,27,106481.9891306004,106172.10505549754,-0.002910201787485245,-0.0037377507930158593,-0.7032794564526206,0.22805601260645766,-3.0838014241099048,-0.009504430027638566,167.35242309459818,3.1129462815374205,6.613538654463085,0.0,0.0,0.0,0,0,1.7003810853198145,1.5978609706672091,0.19366015347850393,0.0,0.0
fractal_fixed_hedge_lp,479,high_vol_chop,2025-10-11 22:00:00+00:00,2025-10-12 01:00:00+00:00,4,106348.04976400308,106286.52108353464,-0.0005785595561459411,0.00025621790422314383,0.7525035023056483,0.07980905208831811,9.428798897058877,-0.001127658338005877,2.5862227137286027,0.4469259771139035,0.9798647360839003,0.0,0.0,0.0,0,0,1.7540162125362806,1.744903307384845,0.19367569582392063,0.0,0.0
fractal_fixed_hedge_lp,480,sideways,2025-10-12 02:00:00+00:00,2025-10-12 13:00:00+00:00,12,106172.4930748823,106406.24237245537,0.0022015994049251475,0.0011264014260721211,1.2746138090683239,0.08576835712491454,14.861119552656861,-0.0012824692392515713,5.226113229608018,1.3703010910283273,2.939705619729088,0.0,0.0,0.0,0,0,1.7163390321831138,1.702185055236154,0.1934737004767985,0.0,0.0
fractal_fixed_hedge_lp,482,uptrend,2025-10-12 15:00:00+00:00,2025-10-13 13:00:00+00:00,23,106599.44136520907,106737.60007131351,0.0012960546916105375,0.0008362991234509565,0.3749093042306142,0.0704147860028716,5.324297999220291,-0.001394572210629108,19.03099056162955,2.8517550638438083,5.63492961077721,0.0,0.0,0.0,0,0,1.5808814749108036,1.5575372904919296,0.19280163192257327,0.0,0.0
fractal_fixed_hedge_lp,483,high_vol_chop,2025-10-13 14:00:00+00:00,2025-10-13 15:00:00+00:00,2,106671.28422659718,106778.01423100158,0.0010005504778369811,0.0003786309572360036,4.2492736279564784,0.10733646812600832,39.58834962752843,0.0,1.878829041947938,0.2466757540044393,0.4900228962233115,0.0,0.0,0.0,0,0,1.5892500041311335,1.5815242329222046,0.19281533663051836,0.0,0.0
fractal_fixed_hedge_lp,485,high_vol_chop,2025-10-13 17:00:00+00:00,2025-10-14 09:00:00+00:00,17,106754.53089178032,106621.21721327322,-0.0012487870762342146,-0.0012411482562820764,-0.47268311769520155,0.06756174168724674,-6.996313385219128,-0.003080882142934227,9.12924072126134,2.130240748695847,4.189019449508055,0.0,0.0,0.0,0,0,1.574113911738658,1.5257954701243923,0.19269127126211336,0.0,0.0
fractal_fixed_hedge_lp,487,high_vol_chop,2025-10-14 11:00:00+00:00,2025-10-14 12:00:00+00:00,2,106614.53445423662,106641.30318686142,0.00025107958086412197,0.0012977831290597042,292.12666094376436,0.052638253499399566,5549.70276411425,0.0,1.0117483035255646,0.2393940468838054,0.4947954910812661,0.0,0.0,0.0,0,0,1.6535255664535047,1.6471448409064644,0.19296567409891305,0.0,0.0
fractal_fixed_hedge_lp,489,high_vol_chop,2025-10-14 14:00:00+00:00,2025-10-15 05:00:00+00:00,16,106711.97834320832,106791.141131051,0.0007418360063391471,0.0018627700951932002,1.7701955588266034,0.07360271158667421,24.050684012395784,-0.0013991471440699677,12.320432095111755,2.0025058990644116,3.993983126795205,0.0,0.0,0.0,0,0,1.5957594544295786,1.5865529416694943,0.19271666910446633,0.0,0.0
fractal_fixed_hedge_lp,490,sideways,2025-10-15 06:00:00+00:00,2025-10-15 13:00:00+00:00,8,106731.15343282162,106674.722510568,-0.0005287202511977673,-0.0010901524157340692,-0.6971046871077762,0.07551134603984165,-9.23178732292716,-0.0023588192276084996,4.051734358241447,1.0204957444626777,2.026633255904064,0.0,0.0,0.0,0,0,1.5888732045326783,1.5646332543276524,0.19266264724873963,0.0,0.0
fractal_fixed_hedge_lp,492,sideways,2025-10-15 15:00:00+00:00,2025-10-16 15:00:00+00:00,25,106596.45606117725,106568.7498643136,-0.00025991667910363336,-0.0013154418358307662,-0.36949503521223026,0.07371304228654957,-5.012614101258606,-0.0022188704483394606,13.812420792593912,3.1019630034752903,6.343221260473842,0.0,0.0,0.0,0,0,1.6360598536816235,1.6114325938623877,0.19281582508444334,0.0,0.0
fractal_fixed_hedge_lp,493,high_vol_chop,2025-10-16 16:00:00+00:00,2025-10-17 05:00:00+00:00,14,106555.87195956096,106646.969479836,0.0008549272658535667,0.0007339826696091123,0.5826410126170647,0.05865953252869957,9.932588745605901,-0.0014254144567648064,6.5829138626968415,1.6761799643418815,3.5129946194054043,0.0,0.0,0.0,0,0,1.6767005638767232,1.6510554833030964,0.19299052912334425,0.0,0.0
fractal_fixed_hedge_lp,494,downtrend,2025-10-17 06:00:00+00:00,2025-10-17 14:00:00+00:00,9,106521.72719108444,106473.7051884354,-0.00045081885090825224,-0.001624652742086341,-0.7945627443444987,0.0891005660526642,-8.917594798161671,-0.0018783385253542395,12.680720786578604,1.020295466387095,2.222027362899301,0.0,0.0,0.0,0,0,1.7424116087788817,1.714249263913899,0.19318999183733612,0.0,0.0
fractal_fixed_hedge_lp,495,high_vol_chop,2025-10-17 15:00:00+00:00,2025-10-18 05:00:00+00:00,15,106403.94389913489,106482.65888193216,0.0007397750488638,8.409300193790159e-05,0.050334041493129034,0.05177239767180631,0.9722177020312011,-0.0010825280439018536,5.956922255546488,1.7386438936255528,3.7035910007294475,0.0,0.0,0.0,0,0,1.7042128522224955,1.6889612881104443,0.19305118119371253,0.0,0.0
fractal_fixed_hedge_lp,496,sideways,2025-10-18 06:00:00+00:00,2025-10-20 05:00:00+00:00,48,106583.84180725616,106829.61485090682,0.0023059127864344386,0.0032583330714850423,0.8106377074809623,0.057281549157379076,14.151811873204812,-0.0015404102213489868,12.681984488035596,5.6806798786752974,11.846182659357831,0.0,0.0,0.0,0,0,1.6685996238247138,1.6125398720981103,0.19282814070023624,0.0,0.0
fractal_fixed_hedge_lp,498,sideways,2025-10-20 07:00:00+00:00,2025-10-21 03:00:00+00:00,21,106888.43304017128,106716.68814710047,-0.0016067678062626767,-0.0007183070921216173,-0.25899235740727633,0.06370774240175084,-4.065319969651893,-0.0024215935342747352,5.169808828160058,2.527072313924159,5.178411885327418,0.0,0.0,0.0,0,0,1.639447738923794,1.6149679903436118,0.19258725584285394,0.0,0.0
fractal_fixed_hedge_lp,500,sideways,2025-10-21 05:00:00+00:00,2025-10-21 13:00:00+00:00,9,106580.91077710871,106590.127648366,8.647769276959316e-05,-0.0002830066313247448,-0.2408066368710563,0.06354668349989741,-3.7894446036895864,-0.001021667146232752,2.0867071650236535,1.0653703208033,2.249626106177323,0.0,0.0,0.0,0,0,1.6892946902485155,1.6827314728290648,0.1928410600507936,0.0,0.0
fractal_fixed_hedge_lp,501,high_vol_chop,2025-10-21 14:00:00+00:00,2025-10-22 13:00:00+00:00,24,106660.11734724,106544.03956755436,-0.0010882960057857494,-0.00043238601762141116,-0.14602642307811808,0.0755439480641837,-1.9329996223397143,-0.0030212376128666563,13.155201600155124,2.856038323277634,5.982932990908914,0.0,0.0,0.0,0,0,1.6765594103625494,1.6044500230453247,0.19273700869034283,0.0,0.0
fractal_fixed_hedge_lp,505,downtrend,2025-10-22 17:00:00+00:00,2025-10-22 18:00:00+00:00,2,106537.0669361814,106559.00859889812,0.00020595332073347627,-0.0008630605350098408,-0.9772192034723542,0.08436475944342983,-11.583263081875097,0.0,0.6709244554076577,0.23122072297621848,0.4976311296995129,0.0,0.0,0.0,0,0,1.7217616747706384,1.720660578630126,0.19288737816038476,0.0,0.0
fractal_fixed_hedge_lp,506,sideways,2025-10-22 19:00:00+00:00,2025-10-22 20:00:00+00:00,2,106509.3631439444,106551.90229005244,0.00039939348853823553,-6.668895421513277e-05,-0.2533116325972835,0.05726623977235784,-4.423402577229384,0.0,0.8131493701912405,0.23044497045701479,0.4976359128778013,0.0,0.0,0.0,0,0,1.7275884280703644,1.7225223621422143,0.19291673169444445,0.0,0.0
fractal_fixed_hedge_lp,508,sideways,2025-10-22 22:00:00+00:00,2025-10-26 21:00:00+00:00,96,106451.2927450649,106880.0279297772,0.004027524454203402,0.003937548695073234,0.43131812672208647,0.049397968784504635,8.731495187660109,-0.0019181752641125316,18.695319953044418,11.5416362112448,24.059009600927148,0.0,0.0,0.0,0,0,1.6681322067748192,1.6052905016039716,0.19254346713666126,0.0,0.0
fractal_fixed_hedge_lp,509,uptrend,2025-10-26 22:00:00+00:00,2025-10-27 08:00:00+00:00,11,106963.2742909578,107009.10770664204,0.0004284967526291261,0.0012077071775247195,1.6148161157095156,0.061582094444888116,26.222169451457496,-0.0009079941321731289,3.9854602632722163,1.419903298743102,2.773847706015049,0.0,0.0,0.0,0,0,1.5629229530950732,1.5479754471775151,0.1918927009561733,0.0,0.0
fractal_fixed_hedge_lp,510,sideways,2025-10-27 09:00:00+00:00,2025-10-30 04:00:00+00:00,68,107042.06190880074,106808.404150712,-0.002182859279073024,-0.0018755745210050634,-0.21482212899034836,0.052582218959348746,-4.085451950143586,-0.004131403096023889,33.54899252336418,8.494086762280208,17.161421091474235,0.0,0.0,0.0,0,0,1.6173850653318802,1.552993406141692,0.19209367468181993,0.0,0.0
fractal_fixed_hedge_lp,511,high_vol_chop,2025-10-30 05:00:00+00:00,2025-10-30 12:00:00+00:00,8,106722.3051321265,106563.82671655872,-0.0014849605747512262,-0.002289870690401652,-0.9187548065107541,0.09092432174343322,-10.104609953575034,-0.0027444580825131126,2.514265023169173,0.909079881363768,1.9118423824976025,0.0,0.0,0.0,0,0,1.6825843165918841,1.664559343425347,0.1923197751128328,0.0,0.0
fractal_fixed_hedge_lp,513,high_vol_chop,2025-10-30 14:00:00+00:00,2025-10-30 16:00:00+00:00,3,106581.36328224702,106649.46259967735,0.0006389420751731212,-0.00016828200991703124,-0.38824586604645595,0.07571323198781582,-5.127846954267314,-0.00016169742975213897,1.3511263277259786,0.3310309789350784,0.7169623855325199,0.0,0.0,0.0,0,0,1.7327020040044274,1.7253791585320355,0.19257974086560462,0.0,0.0
fractal_fixed_hedge_lp,514,downtrend,2025-10-30 17:00:00+00:00,2025-10-30 19:00:00+00:00,3,106486.59455457635,106538.11228670848,0.0004837954706657932,-0.0010440775814017922,-0.9526552427791017,0.1049417694779911,-9.077941486196279,-0.00022053560262713656,1.967347665284251,0.32583047887198163,0.7169723051948349,0.0,0.0,0.0,0,0,1.7605191876859763,1.7393204856752176,0.19270237546511723,0.0,0.0
fractal_fixed_hedge_lp,515,high_vol_chop,2025-10-30 20:00:00+00:00,2025-10-31 11:00:00+00:00,16,106483.97676356464,106687.7035505462,0.0019132154261471968,0.0014041103284716527,1.155906326577627,0.05144180341302769,22.47017503054515,-0.0007688625589976628,4.899027838482652,1.8445424015025076,3.9518072373776434,0.0,0.0,0.0,0,0,1.71429484609617,1.6936135379713428,0.19246578806662415,0.0,0.0
fractal_fixed_hedge_lp,516,sideways,2025-10-31 12:00:00+00:00,2025-10-31 18:00:00+00:00,7,106769.49233275838,106737.01670077318,-0.00030416583684778065,0.00046221962406023387,0.7830068898003621,0.09335623606328032,8.387301403942754,-0.0015679535806353284,3.3281104913221498,0.8196556311534996,1.7476467394846367,0.0,0.0,0.0,0,0,1.7057771637865755,1.6966516362339137,0.1923465403288646,0.0,0.0
fractal_fixed_hedge_lp,518,sideways,2025-10-31 20:00:00+00:00,2025-11-03 14:00:00+00:00,67,106799.14199013032,106515.75687223687,-0.002653440024074638,-0.0025852372799007872,-0.2871240098969092,0.05715692369439932,-5.0234335814165565,-0.0036220196291070206,57.258708187952834,7.801051051420617,16.650642378491128,0.0,0.0,0.0,0,0,1.7081889342371115,1.679014927936459,0.1923119575129585,0.0,0.0
fractal_fixed_hedge_lp,519,downtrend,2025-11-03 15:00:00+00:00,2025-11-03 16:00:00+00:00,2,106344.98681924716,106413.01138790615,0.0006396593830475528,-0.0009646036168522443,-0.9854039284858745,0.1484384318289996,-6.6384690025629975,0.0,8.748687493254693,0.21478041423115368,0.4888483979439757,0.0,0.0,0.0,0,0,1.8208707682912855,1.8132714266013188,0.1928716756314081,0.0,0.0
fractal_fixed_hedge_lp,521,downtrend,2025-11-03 18:00:00+00:00,2025-11-04 01:00:00+00:00,8,106559.79252115918,106489.7636237257,-0.0006571793710988816,-0.000759079953076891,-0.5646078584523132,0.07365955165934406,-7.6651003940870455,-0.001988337955729391,6.519213890156607,0.8545531118349265,1.9400607381702382,0.0,0.0,0.0,0,0,1.8162031978144753,1.800892806805788,0.1927385276510463,0.0,0.0
fractal_fixed_hedge_lp,522,high_vol_chop,2025-11-04 02:00:00+00:00,2025-11-04 04:00:00+00:00,3,106509.67423879952,106531.41991034328,0.00020416616330076742,0.00039117643987629513,2.1330653016820036,0.03283974112608613,64.95377943121514,-0.0002452975875151253,0.3942835245852619,0.314352512606793,0.7102295670996961,0.0,0.0,0.0,0,0,1.8074895493435197,1.8019921813465856,0.1926261491172786,0.0,0.0
fractal_fixed_hedge_lp,523,downtrend,2025-11-04 05:00:00+00:00,2025-11-04 10:00:00+00:00,6,106345.8449806048,106211.41893761633,-0.0012640460284366606,-0.0030038177750402184,-0.9876261994944564,0.08369267772329625,-11.800628518061455,-0.0012957099552339812,7.406382971552375,0.6050906300628055,1.420488321982403,0.0,0.0,0.0,0,0,1.8780694918263858,1.868864472050364,0.1930458387019887,0.0,0.0
fractal_fixed_hedge_lp,525,downtrend,2025-11-04 12:00:00+00:00,2025-11-04 13:00:00+00:00,2,106257.81934754751,106336.48957814068,0.0007403712129254725,0.000518185425077311,8.670348175637683,0.06369265320444686,136.12791647738015,0.0,0.8699023714298164,0.20250454189055428,0.4735069178264389,0.0,0.0,0.0,0,0,1.8706118561026717,1.869501274367562,0.1929995748394946,0.0,0.0
fractal_fixed_hedge_lp,526,high_vol_chop,2025-11-04 14:00:00+00:00,2025-11-04 15:00:00+00:00,2,106381.36824774354,106313.78579783274,-0.0006352846463998363,-0.00021350883782245145,-0.6075195520996245,0.06997566330841133,-8.681869143877032,-0.0006352846463998363,2.78190027097844,0.2037922272653423,0.4735112421004015,0.0,0.0,0.0,0,0,1.858894303212351,1.8462625704408813,0.1929061444837718,0.0,0.0
fractal_fixed_hedge_lp,527,downtrend,2025-11-04 16:00:00+00:00,2025-11-05 04:00:00+00:00,13,106231.52122589326,106047.96011400496,-0.0017279345129396217,-0.0025003877139064823,-0.8149236033750349,0.10340302438059967,-7.881042244717261,-0.005240765937017611,31.31062839423157,1.2234814757926398,3.0512918367321453,0.0,0.0,0.0,0,0,1.9958783959886344,1.9141252816018088,0.19366684972177584,0.0,0.0
fractal_fixed_hedge_lp,528,high_vol_chop,2025-11-05 05:00:00+00:00,2025-11-05 07:00:00+00:00,3,106080.2540945186,106016.3064425344,-0.0006028233296577756,-0.000298484491701001,-0.5817620781784466,0.07258174756550025,-8.015266891355084,-0.0009933702835196456,0.9512887806895376,0.2819654123687113,0.6943345713001052,0.0,0.0,0.0,0,0,1.9699976957572705,1.966511540873364,0.19348144445531076,0.0,0.0
fractal_fixed_hedge_lp,529,downtrend,2025-11-05 08:00:00+00:00,2025-11-05 11:00:00+00:00,4,105938.58374823412,105935.37907440006,-3.0250299000389447e-05,-0.0007633483079152459,-0.8121987725763051,0.04944299272048048,-16.426974337252705,-0.0005450287098774931,1.9267780168656827,0.3726017361190252,0.9257938911477162,0.0,0.0,0.0,0,0,1.9877988328305038,1.9754451656246312,0.1936023492575101,0.0,0.0
fractal_fixed_hedge_lp,530,high_vol_chop,2025-11-05 12:00:00+00:00,2025-11-05 13:00:00+00:00,2,106053.79270778967,106127.84245373854,0.0006982281732526019,0.001816799836089844,2835.6054651715463,0.02776733847337085,102120.17503553392,0.0,0.9920083204697221,0.1891620269710383,0.4629031439772462,0.0,0.0,0.0,0,0,1.9577188798622989,1.9532826398121368,0.19335350194651402,0.0,0.0
fractal_fixed_hedge_lp,532,high_vol_chop,2025-11-05 15:00:00+00:00,2025-11-05 18:00:00+00:00,4,106088.12301562824,106309.77698648733,0.002089338227111659,0.0021796384398975466,116.7087765097313,0.03439912581015324,3392.7832106501833,0.0,2.5296233990911787,0.38741488037370836,0.9258228173099339,0.0,0.0,0.0,0,0,1.9118893785905438,1.8959468158083,0.19317251583203804,0.0,0.0
fractal_fixed_hedge_lp,533,uptrend,2025-11-05 19:00:00+00:00,2025-11-05 22:00:00+00:00,4,106279.24845250684,106214.00485742136,-0.0006138883745930857,-0.000900877903996844,-0.8610737170521756,0.007104300807265164,-121.20456895231753,-0.0006138883745930857,1.2809118643690454,0.3885545483059306,0.925839346951268,0.0,0.0,0.0,0,0,1.9062533438847034,1.899818460182824,0.19306372319490955,0.0,0.0
fractal_fixed_hedge_lp,536,sideways,2025-11-06 01:00:00+00:00,2025-11-06 13:00:00+00:00,13,106128.72363570168,106174.78346805232,0.00043399968239277165,0.0003532925295635092,0.2687380802299837,0.0600013568343515,4.478866719162722,-0.0015830022279206268,7.820719990411817,1.2491316302394078,3.0168150983792956,0.0,0.0,0.0,0,0,1.9322194464802895,1.901088894189608,0.19318587184520286,0.0,0.0
fractal_fixed_hedge_lp,538,sideways,2025-11-06 15:00:00+00:00,2025-11-06 16:00:00+00:00,2,105915.88158154838,105911.73213074812,-3.9176851840405646e-05,-0.0018989995667557658,-0.9997577464593389,0.12049802108618353,-8.296881039600512,-3.9176851840405646e-05,2.4524622825911138,0.1859573115381058,0.4641430537025527,0.0,0.0,0.0,0,0,1.9968088218122158,1.9894095195082144,0.19365213549009763,0.0,0.0
fractal_fixed_hedge_lp,540,sideways,2025-11-06 18:00:00+00:00,2025-11-06 19:00:00+00:00,2,106109.49885604763,106008.48759138542,-0.0009519530838539847,-0.0003868572343261878,-0.8163571652117745,0.10043631374808083,-8.128107601194928,-0.0009519530838539847,1.5668191097656745,0.18817969142192081,0.46414928469197847,0.0,0.0,0.0,0,0,1.973226630118364,1.972258399772872,0.1933844294305557,0.0,0.0
fractal_fixed_hedge_lp,541,high_vol_chop,2025-11-06 20:00:00+00:00,2025-11-07 04:00:00+00:00,9,105939.13082809268,106019.40756130344,0.0007577628075976506,0.00010301033592829967,0.10545634311181651,0.08470869981506025,1.2449293088201498,-0.001260402178955622,4.565712027376321,0.8479006671497038,2.091683449542252,0.0,0.0,0.0,0,0,1.973562738915934,1.9621308270238744,0.1934795361178859,0.0,0.0
fractal_fixed_hedge_lp,542,sideways,2025-11-07 05:00:00+00:00,2025-11-07 17:00:00+00:00,13,106043.4872190902,106101.8998438337,0.0005508365131638993,0.000778086620438323,0.6889496092714213,0.08430320218171611,8.172282801148953,-0.0036784522509579753,8.842815954486468,1.2187636218233513,3.024890419563351,0.0,0.0,0.0,0,0,1.985978738295842,1.939974445236796,0.19347098277190763,0.0,0.0
fractal_fixed_hedge_lp,543,high_vol_chop,2025-11-07 18:00:00+00:00,2025-11-07 19:00:00+00:00,2,106199.63244793194,106245.74595933512,0.00043421535781473786,0.0013557355307787233,376.69991248207936,0.032224126689974784,11689.996011568379,0.0,1.102906745160908,0.19471131387553559,0.4653834153698505,0.0,0.0,0.0,0,0,1.9121170820702411,1.907237483836687,0.19306510498890517,0.0,0.0
fractal_fixed_hedge_lp,544,sideways,2025-11-07 20:00:00+00:00,2025-11-07 21:00:00+00:00,2,106272.5772658317,106256.09458909696,-0.0001550981180545863,9.740276816150306e-05,0.5320448536222238,0.026978133625504844,19.721336583463067,-0.0001550981180545863,0.6611595898129962,0.1965656587343363,0.465387591079725,0.0,0.0,0.0,0,0,1.8940837965951505,1.8931755077049632,0.192987585197739,0.0,0.0
fractal_fixed_hedge_lp,545,high_vol_chop,2025-11-07 22:00:00+00:00,2025-11-08 07:00:00+00:00,10,106367.46597321866,106240.11681841282,-0.00119725663896042,-0.00015037039283216647,-0.12342619052870796,0.051555384798030346,-2.3940504180549422,-0.0013400475143735546,2.4982847815463174,0.9755960651833895,2.3270005923581016,0.0,0.0,0.0,0,0,1.9081920371121464,1.8989296263273991,0.19288345154972725,0.0,0.0
fractal_fixed_hedge_lp,546,sideways,2025-11-08 08:00:00+00:00,2025-11-08 09:00:00+00:00,2,106324.69983157783,106350.64433401226,0.00024401199792256634,0.001040355742344845,94.04870737507272,0.0365413241827609,2573.7629787221035,0.0,0.3526795540401508,0.19541846006480912,0.4654126461257922,0.0,0.0,0.0,0,0,1.9053137463643073,1.901251213809932,0.19284347629730225,0.0,0.0
fractal_fixed_hedge_lp,550,sideways,2025-11-08 13:00:00+00:00,2025-11-09 18:00:00+00:00,30,106243.88348582112,106397.53660012658,0.0014462302135818117,0.0014817824261976753,0.5408900678701514,0.07033934268829192,7.689723093761342,-0.0013235807105882458,8.075138564719055,2.9101146864642677,6.981784795857454,0.0,0.0,0.0,0,0,1.9197118053215634,1.854284740360304,0.1930118392245823,0.0,0.0
fractal_fixed_hedge_lp,551,uptrend,2025-11-09 19:00:00+00:00,2025-11-10 11:00:00+00:00,17,106450.52969717632,106633.06867624792,0.0017147775552726063,0.0022136985840806034,2.1250338945592415,0.059892168007743364,35.480998021051754,-0.001574396707368475,5.11105329777638,1.744528628774852,3.970976141455738,0.0,0.0,0.0,0,0,1.8210718343699583,1.8064521681038024,0.19238372810232518,0.0,0.0
fractal_fixed_hedge_lp,552,sideways,2025-11-10 12:00:00+00:00,2025-11-12 01:00:00+00:00,38,106600.63327665192,106274.426616143,-0.0030600818258025297,-0.003363328698659074,-0.5400523310590273,0.059754549740298556,-9.037844539138334,-0.00344678770453255,16.135731896734796,3.823022788340211,8.894193972745901,0.0,0.0,0.0,0,0,1.8616732694465206,1.8165018324063689,0.19255062317578311,0.0,0.0
fractal_fixed_hedge_lp,554,sideways,2025-11-12 03:00:00+00:00,2025-11-12 14:00:00+00:00,12,106294.03141785336,106392.07358426898,0.0009223675601333081,0.00089524328806867,0.9217481021175611,0.05924254848180034,15.558886741692543,-0.001394180908173115,3.8658410303305573,1.2022449509876894,2.8292262712374106,0.0,0.0,0.0,0,0,1.8830269769477532,1.836493267752335,0.19264396954264,0.0,0.0
fractal_fixed_hedge_lp,555,high_vol_chop,2025-11-12 15:00:00+00:00,2025-11-13 13:00:00+00:00,23,106310.65233412274,106348.11263287396,0.0003523663709021907,-0.0004131976181492858,-0.14564366617388302,0.0547685658151242,-2.659256528014905,-0.0022317358440188118,12.506346504489557,2.290874835597865,5.4397037614059975,0.0,0.0,0.0,0,0,1.8999948657371122,1.855261683742639,0.19266955457949858,0.0,0.0
fractal_fixed_hedge_lp,556,sideways,2025-11-13 14:00:00+00:00,2025-11-13 16:00:00+00:00,3,106448.56165032084,106174.11471503827,-0.002578211776915418,-0.0016361166505733937,-0.9916155219125371,0.1549109550069334,-6.401196880286195,-0.002578211776915418,3.9733253347085338,0.2931365829759282,0.7109596283333719,0.0,0.0,0.0,0,0,1.940675316078415,1.9077469859424996,0.19283971071622952,0.0,0.0
fractal_fixed_hedge_lp,557,downtrend,2025-11-13 17:00:00+00:00,2025-11-14 15:00:00+00:00,23,106073.1739085744,105935.63947664096,-0.0012965995724044665,-0.0022460770126255802,-0.5753222077296438,0.09758038714841238,-5.895879536270155,-0.0035528798213200208,25.508796544974757,2.101192283746854,5.40361156942427,0.0,0.0,0.0,0,0,2.057643725952899,2.018635085971712,0.19354703069019025,0.0,0.0
fractal_fixed_hedge_lp,558,high_vol_chop,2025-11-14 16:00:00+00:00,2025-11-15 18:00:00+00:00,27,106035.96660714282,106000.65938380823,-0.0003329740319659713,0.0006137680150750668,0.22027047713007875,0.06903560033337663,3.1906795344196435,-0.002892489347507854,14.149014322243602,2.440994644587377,6.319739719970731,0.0,0.0,0.0,0,0,2.071340635375741,2.0343285102294644,0.19357733182102713,0.0,0.0
fractal_fixed_hedge_lp,559,sideways,2025-11-15 19:00:00+00:00,2025-11-16 14:00:00+00:00,20,105980.47216811158,105843.40623262152,-0.0012933131235028927,-0.0014835110658822925,-0.47809009426794535,0.05690396319691723,-8.401701171735713,-0.001989280974722951,4.551620860932416,1.8162988964724431,4.681784756257441,0.0,0.0,0.0,0,0,2.0622850963302053,2.024275238697487,0.19346518441853405,0.0,0.0
fractal_fixed_hedge_lp,560,high_vol_chop,2025-11-16 15:00:00+00:00,2025-11-17 10:00:00+00:00,20,105789.40881556808,105985.09997827096,0.0018498180951558307,0.0013387111270588559,0.7967210113149217,0.06432305527455166,12.386243282665259,-0.0016950230724708248,14.841935901184115,1.797669556499479,4.714806039391212,0.0,0.0,0.0,0,0,2.0989342462203617,2.0559268657181056,0.1935919821472472,0.0,0.0
fractal_fixed_hedge_lp,561,sideways,2025-11-17 11:00:00+00:00,2025-11-17 12:00:00+00:00,2,105982.05490243724,105994.81563071642,0.00012040461275186765,9.166998424747774e-05,0.494058329890501,0.00987003995474565,50.05636574479631,0.0,0.3507130168709408,0.18423712895045802,0.4741713728474956,0.0,0.0,0.0,0,0,2.0589909357827825,2.052516471478431,0.1932807996342098,0.0,0.0
fractal_fixed_hedge_lp,562,high_vol_chop,2025-11-17 13:00:00+00:00,2025-11-17 14:00:00+00:00,2,105677.89926409684,105888.5381706567,0.0019932162545497345,-0.0010026665872978624,-0.9876473272263936,0.32979198998637793,-2.9947583847236205,0.0,3.160795453530227,0.18094259371097338,0.4741757031895544,0.0,0.0,0.0,0,0,2.0965282286963136,2.0863411173035384,0.19365423591274783,0.0,0.0
fractal_fixed_hedge_lp,563,sideways,2025-11-17 15:00:00+00:00,2025-11-17 16:00:00+00:00,2,105811.50554750772,105809.95039805924,-1.4697356780168924e-05,-0.0007421744974021038,-0.9613006005884334,0.047173591663769436,-20.377939577722202,-1.4697356780168924e-05,3.0513257523371067,0.1803977371471904,0.4741800335711597,0.0,0.0,0.0,0,0,2.102839543101897,2.0983433197457844,0.19360198892523145,0.0,0.0
fractal_fixed_hedge_lp,564,high_vol_chop,2025-11-17 17:00:00+00:00,2025-11-18 01:00:00+00:00,9,105710.76196849922,105603.08367303784,-0.0010186124237140382,-0.001955078177838243,-0.8511483920084375,0.08061368975288552,-10.55836043006543,-0.002138064370192483,10.917389086581352,0.7812060370336581,2.1267507317952012,0.0,0.0,0.0,0,0,2.178012850900965,2.150252227052266,0.19401522667233934,0.0,0.0
fractal_fixed_hedge_lp,567,downtrend,2025-11-18 04:00:00+00:00,2025-11-18 07:00:00+00:00,4,105514.93998301808,105608.43855748377,0.0008861169279035241,0.0007198519009790072,3.835132441617996,0.06354153055024384,60.356311980641756,-0.0006063133969358425,6.688574971196431,0.34170407690843607,0.9341940323674672,0.0,0.0,0.0,0,0,2.187188899195857,2.175441029138373,0.19404352066860034,0.0,0.0
fractal_fixed_hedge_lp,568,high_vol_chop,2025-11-18 08:00:00+00:00,2025-11-18 17:00:00+00:00,10,105710.55944152594,105818.89324832392,0.0010248153767260515,0.0019927829036652245,4.719839539732321,0.09422233188974258,50.09257832055568,-0.0013846472349546834,6.591016773147203,0.8747492585714849,2.3355586125311425,0.0,0.0,0.0,0,0,2.1362845920712665,2.086109599038421,0.19372077551403344,0.0,0.0
fractal_fixed_hedge_lp,571,sideways,2025-11-18 20:00:00+00:00,2025-11-18 23:00:00+00:00,4,105966.04932323672,105780.6693186081,-0.0017494282915383463,-0.000984711930520965,-0.8843956392195714,0.07006907986631435,-12.621767560055314,-0.0017494282915383463,0.8284808520038496,0.3543638999729336,0.9342612624798248,0.0,0.0,0.0,0,0,2.109193906150974,2.103974401305527,0.19350123309522926,0.0,0.0
fractal_fixed_hedge_lp,573,sideways,2025-11-19 01:00:00+00:00,2025-11-19 04:00:00+00:00,4,105788.54878789924,105796.9002150786,7.894452920509387e-05,0.00012738992338001687,0.3217626197418815,0.037914792712456985,8.48646654043728,-0.0004925616189326298,1.2051203153387178,0.34796149481313066,0.9271683690886573,0.0,0.0,0.0,0,0,2.1318215977359416,2.1120092046773133,0.1935857888447763,0.0,0.0
fractal_fixed_hedge_lp,574,high_vol_chop,2025-11-19 05:00:00+00:00,2025-11-19 07:00:00+00:00,3,105509.54846483532,105692.87713491516,0.001737555252081746,-0.0009832337237855038,-0.9434400902032789,0.19384721925254736,-4.866926096959634,0.0,1.8790997763617268,0.2578253273112897,0.6953871401428661,0.0,0.0,0.0,0,0,2.1578933011901444,2.1315127340399056,0.1939491501952538,0.0,0.0
fractal_fixed_hedge_lp,575,sideways,2025-11-19 08:00:00+00:00,2025-11-19 12:00:00+00:00,5,105805.66629463532,105761.05200979726,-0.00042166252905417867,0.000645028092054245,2.094805015415375,0.08989766579078647,23.302106867718802,-0.0011788730131438996,1.3087143900365845,0.43549278764018473,1.1589992593244476,0.0,0.0,0.0,0,0,2.129101332693081,2.1211129288951223,0.1936449326839077,0.0,0.0
fractal_fixed_hedge_lp,576,high_vol_chop,2025-11-19 13:00:00+00:00,2025-11-19 15:00:00+00:00,3,105760.27087095924,105520.88764633043,-0.0022634513192660854,-0.0022708204854522407,-0.9986907959318239,0.0692052826039841,-14.430846293145978,-0.0022634513192660854,3.2741339294680074,0.2566078008767671,0.6954119712496641,0.0,0.0,0.0,0,0,2.1684631336613833,2.1443007348296947,0.19385283902665487,0.0,0.0
fractal_fixed_hedge_lp,577,downtrend,2025-11-19 16:00:00+00:00,2025-11-19 20:00:00+00:00,5,105369.78214880696,105418.47613913123,0.00046212480780782883,-0.0009705330336345908,-0.8175354814388663,0.0877909579076193,-9.312297085300548,-0.0008905872592827047,8.900326845012387,0.4115298588850986,1.159040645241336,0.0,0.0,0.0,0,0,2.2533309954455687,2.229647923781385,0.19440665495917867,0.0,0.0
fractal_fixed_hedge_lp,578,high_vol_chop,2025-11-19 21:00:00+00:00,2025-11-20 22:00:00+00:00,26,105532.5895133719,105386.7923582186,-0.0013815367918630361,-0.00030055244652549273,-0.09631847457061238,0.10753799959252913,-0.8956692047050483,-0.0054940136574993526,24.130565208003645,2.179691650493191,6.027428343493341,0.0,0.0,0.0,0,0,2.2138083221459492,2.153901069165774,0.19407784592431512,0.0,0.0
fractal_fixed_hedge_lp,579,downtrend,2025-11-20 23:00:00+00:00,2025-11-21 15:00:00+00:00,17,105225.34172248429,104891.22338678395,-0.0031752649146202794,-0.004702382151932194,-0.9118596615433153,0.10951356257375262,-8.326454186249466,-0.004895664923841858,50.478721185623726,1.3320022747075306,3.9603643770394656,0.0,0.0,0.0,0,0,2.37962815879299,2.2994502174934373,0.19490724681573354,0.0,0.0
fractal_fixed_hedge_lp,580,high_vol_chop,2025-11-21 16:00:00+00:00,2025-11-21 21:00:00+00:00,6,104979.39392146544,105115.58907617378,0.0012973513145848603,0.002139032057643764,21.638488191661708,0.1078290246933154,200.67406019117163,-0.0017876514073054128,9.196765263528505,0.46982265432854975,1.3982663416440213,0.0,0.0,0.0,0,0,2.3810065693811997,2.366063320834651,0.19487757058719402,0.0,0.0
fractal_fixed_hedge_lp,582,high_vol_chop,2025-11-21 23:00:00+00:00,2025-11-22 15:00:00+00:00,17,105039.2234495173,104958.09660412012,-0.0007723481070495142,-0.0007387017359160586,-0.31667816425730944,0.05833626702528754,-5.428495520977305,-0.0018884393098291818,5.241256178704134,1.3223095015374704,3.961976811545477,0.0,0.0,0.0,0,0,2.3971166202006127,2.370848988878345,0.1949950680487014,0.0,0.0
fractal_fixed_hedge_lp,583,sideways,2025-11-22 16:00:00+00:00,2025-11-24 08:00:00+00:00,41,105009.2374872384,105231.49386430685,0.0021165411956778346,0.002604822962996023,0.7433683427028093,0.06773571448282326,10.974540512026579,-0.001788408112841533,15.06177863801895,3.269609691600156,9.572614210386703,0.0,0.0,0.0,0,0,2.342547382973692,2.294633280157676,0.19460740910903873,0.0,0.0
fractal_fixed_hedge_lp,584,high_vol_chop,2025-11-24 09:00:00+00:00,2025-11-24 11:00:00+00:00,3,105246.76360346805,105178.07952364412,-0.000652600398076908,-0.000507588923251423,-0.7729388574084731,0.03464912548986179,-22.307600739725228,-0.000652600398076908,0.759834626794145,0.2399197064885721,0.7046710242317824,0.0,0.0,0.0,0,0,2.3497017818127177,2.3470025234787784,0.1945597461862877,0.0,0.0
fractal_fixed_hedge_lp,585,sideways,2025-11-24 12:00:00+00:00,2025-11-24 16:00:00+00:00,5,105206.82624754169,105407.96046757932,0.0019117981903986614,0.002185635495308258,44.8353130358686,0.09197701256002705,487.4621580757223,-0.0010959929536489277,3.2070025203756813,0.40434172106725874,1.174472943873978,0.0,0.0,0.0,0,0,2.323850538640445,2.301226479783485,0.19445371893356406,0.0,0.0
fractal_fixed_hedge_lp,586,uptrend,2025-11-24 17:00:00+00:00,2025-11-24 18:00:00+00:00,2,105484.19665685744,105572.27352905928,0.0008349769443507515,0.001558829719796151,917.147548430903,0.007394338582427871,124033.75071442362,0.0,2.368701558315479,0.1684818597342181,0.4697966105489467,0.0,0.0,0.0,0,0,2.2307585653308015,2.2240869433709123,0.1939879494210085,0.0,0.0
fractal_fixed_hedge_lp,589,high_vol_chop,2025-11-24 21:00:00+00:00,2025-11-24 22:00:00+00:00,2,105597.249338018,105622.6279817862,0.00024033432619985362,-0.000522627235967521,-0.8987037287049344,0.06638756296873241,-13.537230296105477,0.0,0.5672445431046071,0.16912869220657012,0.4698051055589595,0.0,0.0,0.0,0,0,2.222247394516989,2.2218507428724315,0.1938346366867726,0.0,0.0
fractal_fixed_hedge_lp,590,uptrend,2025-11-24 23:00:00+00:00,2025-11-25 00:00:00+00:00,2,105666.96804319067,105558.7665899964,-0.0010239855954800037,-0.0006046184705876811,-0.9292802084412564,0.09555179604437435,-9.725408070924148,-0.0010239855954800037,0.6607215507619912,0.1695183367969953,0.47277532796384847,0.0,0.0,0.0,0,0,2.2311390201071397,2.2272098823367354,0.19382770700900825,0.0,0.0
fractal_fixed_hedge_lp,591,high_vol_chop,2025-11-25 01:00:00+00:00,2025-11-25 04:00:00+00:00,4,105595.93407993672,105531.95547435353,-0.0006058813356843995,-0.0002539923164035507,-0.42668147440881243,0.05536243277221993,-7.707057891843854,-0.0009408862513716754,1.4090695778004374,0.3384565514199882,0.9514956183050749,0.0,0.0,0.0,0,0,2.249059230160472,2.239339823398633,0.1939694289486014,0.0,0.0
fractal_fixed_hedge_lp,592,sideways,2025-11-25 05:00:00+00:00,2025-11-25 07:00:00+00:00,3,105539.76250059996,105555.04160048436,0.000144771027737578,0.0002187595788127883,0.8940324182800583,0.045879294669706645,19.486620810462753,-0.0004176864941813907,0.5532631159830999,0.25324730134222584,0.7136331472153834,0.0,0.0,0.0,0,0,2.254385982636492,2.2462094646280373,0.19397436099875076,0.0,0.0
fractal_fixed_hedge_lp,594,sideways,2025-11-25 09:00:00+00:00,2025-11-25 12:00:00+00:00,4,105380.20118357288,105496.04346211876,0.001099279345121884,0.00039927139403639345,1.3970284804033017,0.05344122090159383,26.141402775505018,0.0,1.6893214261399407,0.3358588301520205,0.9515304635887342,0.0,0.0,0.0,0,0,2.2665692955563674,2.247163919333134,0.19412672582754764,0.0,0.0
fractal_fixed_hedge_lp,595,high_vol_chop,2025-11-25 13:00:00+00:00,2025-11-25 16:00:00+00:00,4,105502.4683844739,105553.03124114605,0.0004792575704284374,0.0005401887801390615,2.2631533666456765,0.10234990673386221,22.111924073663253,-0.001334367023749894,4.485833252839257,0.335927975422434,0.9515478867090946,0.0,0.0,0.0,0,0,2.2661679834319326,2.2464069550459964,0.19406445127714383,0.0,0.0
fractal_fixed_hedge_lp,596,sideways,2025-11-25 17:00:00+00:00,2025-11-30 23:00:00+00:00,127,105631.97159163334,105817.90530358818,0.0017602029873460268,0.0025093932341651026,0.18871399319652338,0.05011067552932486,3.765943907223673,-0.0024502433642147325,33.81907320597111,11.256480087238046,30.804794972764945,0.0,0.0,0.0,0,0,2.1898376219899265,2.1400241000390543,0.19349162394816646,0.0,0.0
fractal_fixed_hedge_lp,597,downtrend,2025-12-01 00:00:00+00:00,2025-12-01 23:00:00+00:00,24,105356.3928610027,105364.61332403948,7.802528933975594e-05,-0.0042836982857318295,-0.7913106208762524,0.10243334866846393,-7.725126935344178,-0.003443156228084776,12.908117128363301,2.0016788642298553,5.869762931002926,0.0,0.0,0.0,0,0,2.346395541953789,2.3080647273819324,0.1943056657312702,0.0,0.0
fractal_fixed_hedge_lp,598,sideways,2025-12-02 00:00:00+00:00,2025-12-02 14:00:00+00:00,15,105259.43238857549,105542.78125195026,0.0026919094749511263,0.0016909655176435834,1.682340858486742,0.06254956194618128,26.89612534671717,-0.0006887102167301151,3.7695286774669508,1.2221660887327046,3.570978071876041,0.0,0.0,0.0,0,0,2.33767086761822,2.273550831311419,0.1942129574812662,0.0,0.0
fractal_fixed_hedge_lp,599,uptrend,2025-12-02 15:00:00+00:00,2025-12-03 14:00:00+00:00,24,105869.27196207282,106056.69508444176,0.0017703259774572988,0.0048692466353021935,4.888268736159504,0.07269042291440386,67.24776855288974,-0.001375379498184004,11.311055920352374,2.0883943310300532,5.6606363018380605,0.0,0.0,0.0,0,0,2.1685319927436946,2.12977125982988,0.19316440616330885,0.0,0.0
fractal_fixed_hedge_lp,600,sideways,2025-12-03 15:00:00+00:00,2025-12-03 19:00:00+00:00,5,105980.36032537492,106065.51122805604,0.0008034592675445484,8.312670508248132e-05,0.15677034235863574,0.05518361919942842,2.8408854771210716,-0.00012617765663003322,2.349083081066965,0.4432161294318091,1.1726967971063154,0.0,0.0,0.0,0,0,2.1167891282679987,2.103804898254785,0.19285252245386011,0.0,0.0
fractal_fixed_hedge_lp,601,uptrend,2025-12-03 20:00:00+00:00,2025-12-04 03:00:00+00:00,8,106149.11021265532,106326.33405280774,0.0016695744297561266,0.0024590729043947324,13.722537659063217,0.0537826490072387,255.14804332557657,-0.0005678408250762157,3.160582045547926,0.7245207769591228,1.8692443024142618,0.0,0.0,0.0,0,0,2.06406729359665,2.0432512389520903,0.19250465402852274,0.0,0.0
fractal_fixed_hedge_lp,602,sideways,2025-12-04 04:00:00+00:00,2025-12-07 14:00:00+00:00,83,106269.9194271502,105766.30676344012,-0.004738995441276428,-0.005267061018858543,-0.4272844885865239,0.04803718223769705,-8.894869946206244,-0.0050838320070422105,27.982622247794097,7.26483103269444,19.360841759961062,0.0,0.0,0.0,0,0,2.132931914993922,2.051902586643945,0.19283406672618195,0.0,0.0
fractal_fixed_hedge_lp,603,high_vol_chop,2025-12-07 15:00:00+00:00,2025-12-08 13:00:00+00:00,23,105889.37359086156,106211.9726000033,0.003046566413625218,0.004213684397243789,3.960429933478143,0.0928117974061564,42.67162197222397,-0.0026928053448793676,9.215390491988728,2.0355986650287514,5.386254262372025,0.0,0.0,0.0,0,0,2.1172108094188435,2.0839112954214007,0.19264310094555603,0.0,0.0
fractal_fixed_hedge_lp,605,high_vol_chop,2025-12-08 15:00:00+00:00,2025-12-08 16:00:00+00:00,2,106125.40761853234,106129.47934944824,3.8367163974095675e-05,-0.0010913990925547346,-0.9916286368623913,0.07730603331428024,-12.82731236294353,0.0,1.3320772587703686,0.1769942883128055,0.46932827186019244,0.0,0.0,0.0,0,0,2.121338049512895,2.119129518671442,0.19261791284289353,0.0,0.0
fractal_fixed_hedge_lp,606,sideways,2025-12-08 17:00:00+00:00,2025-12-09 14:00:00+00:00,22,106130.15186675328,106097.92175206108,-0.00030368480705333933,-0.00029734996892982757,-0.11167441887486196,0.046955081052730586,-2.3783244831257244,-0.0011419432958398312,4.2873403932453575,1.9486234657106354,5.14506594820768,0.0,0.0,0.0,0,0,2.1123381298820005,2.0931193541185165,0.19258533082496845,0.0,0.0
fractal_fixed_hedge_lp,608,uptrend,2025-12-09 16:00:00+00:00,2025-12-09 20:00:00+00:00,5,106637.42063684003,106595.10757040342,-0.00039679379137191884,0.0015962812113983205,15.353712034876235,0.09136805164992194,168.04245857955047,-0.0005907770153974479,3.435171464805535,0.4765170093922023,1.1675188362495403,0.0,0.0,0.0,0,0,1.960152018467813,1.9510065569760504,0.1916710351210563,0.0,0.0
fractal_fixed_hedge_lp,610,uptrend,2025-12-09 22:00:00+00:00,2025-12-10 14:00:00+00:00,17,106597.27486416456,106580.72148237776,-0.00015528897720784585,0.0008098172872610387,0.5175925183108074,0.06566240391421402,7.88263126928808,-0.0016101462387025922,3.1504700806717656,1.5902400336189262,3.9430382880389687,0.0,0.0,0.0,0,0,1.9836494513807845,1.967579957821794,0.1917815320197396,0.0,0.0
fractal_fixed_hedge_lp,612,sideways,2025-12-10 16:00:00+00:00,2025-12-11 15:00:00+00:00,24,106707.74018515208,106280.19493110274,-0.0040066939221793385,-0.0023684237434872246,-0.5791589233947498,0.0817211161949261,-7.08701680008023,-0.004371146731334319,16.37177502335817,2.1106337807864226,5.333940093971005,0.0,0.0,0.0,0,0,2.024183609794729,1.9430934726634013,0.1919549976447943,0.0,0.0
fractal_fixed_hedge_lp,613,downtrend,2025-12-11 16:00:00+00:00,2025-12-11 19:00:00+00:00,4,106365.9615324848,106463.64160846574,0.0009183396132899091,0.0017260664367608758,42.67722967837108,0.033051859726776406,1291.220222739746,0.0,2.7629310133925173,0.3368888305498441,0.8700260698676892,0.0,0.0,0.0,0,0,2.066058950452912,2.056367379553141,0.19204989459211314,0.0,0.0
fractal_fixed_hedge_lp,614,sideways,2025-12-11 20:00:00+00:00,2025-12-12 14:00:00+00:00,19,106366.59905592725,106427.72839097124,0.0005747042359778298,-0.00033732847150369505,-0.14405779025375154,0.05941363745601527,-2.4246586545117608,-0.0014672280256377013,4.004028025260595,1.6299879555647903,4.141737367133948,0.0,0.0,0.0,0,0,2.0328209586809978,2.021624959813177,0.19195433847691273,0.0,0.0
fractal_fixed_hedge_lp,615,high_vol_chop,2025-12-12 15:00:00+00:00,2025-12-12 20:00:00+00:00,6,106121.91917263975,106068.83152302694,-0.0005002515034283617,-0.003372212048215917,-0.9927861300549136,0.11944425242895859,-8.311711194687993,-0.0010885264747062529,4.635783740497573,0.48844354224292685,1.3087362721876992,0.0,0.0,0.0,0,0,2.14353675537205,2.138132715135925,0.19256841497659613,0.0,0.0
fractal_fixed_hedge_lp,617,high_vol_chop,2025-12-12 22:00:00+00:00,2025-12-13 01:00:00+00:00,4,106072.61959990353,106149.75826016806,0.0007272249950600607,0.0003176466279526391,1.0047826558012742,0.046234155351841805,21.732475659063756,-3.990111229867921e-05,0.1776044615025964,0.3270642276314996,0.8725127801325776,0.0,0.0,0.0,0,0,2.134180824151386,2.129727927011142,0.19252219392150616,0.0,0.0
fractal_fixed_hedge_lp,619,high_vol_chop,2025-12-13 03:00:00+00:00,2025-12-13 14:00:00+00:00,12,106137.66775069103,106133.22378429104,-4.186983277632006e-05,-0.00010757956282181347,-0.07553242838142138,0.05040227799718025,-1.4985915594062442,-0.0009313997081611403,0.9271285141794575,0.9872537771182429,2.6176370378348333,0.0,0.0,0.0,0,0,2.121193343544726,2.106681585011704,0.19246842989863525,0.0,0.0
fractal_fixed_hedge_lp,620,sideways,2025-12-13 15:00:00+00:00,2025-12-15 17:00:00+00:00,51,106204.12931981673,105842.2761102631,-0.003407148214208844,-0.002741343979330124,-0.37594247496714805,0.05989946519407818,-6.2762242325381346,-0.004811677519163782,14.361206668147133,4.221325534109218,11.212036316539653,0.0,0.0,0.0,0,0,2.125177159015079,2.0861096632419924,0.1924268613233918,0.0,0.0
fractal_fixed_hedge_lp,624,sideways,2025-12-15 21:00:00+00:00,2025-12-15 22:00:00+00:00,2,105764.32337029876,105834.38888891514,0.0006624683672495912,0.000544537689329605,9.852830627332196,0.05164286577666607,190.78783640593443,0.0,0.986972528109618,0.1595815758187516,0.445897688053458,0.0,0.0,0.0,0,0,2.235346210832529,2.233001334367858,0.1930738313192102,0.0,0.0
fractal_fixed_hedge_lp,625,high_vol_chop,2025-12-15 23:00:00+00:00,2025-12-16 00:00:00+00:00,2,105841.13467567386,105904.16970123924,0.0005955626397857738,0.0006593396820888664,16.938624289575184,0.0351969172035617,481.2530651934796,0.0,0.6905714722361154,0.1585467732952812,0.4423342859981076,0.0,0.0,0.0,0,0,2.2320537268995255,2.223558652776502,0.1929386566595426,0.0,0.0
fractal_fixed_hedge_lp,626,downtrend,2025-12-16 01:00:00+00:00,2025-12-16 13:00:00+00:00,13,105838.17460122042,105878.90162279346,0.000384804648478676,-0.00023859380151902698,-0.14853313946077007,0.052324812934271915,-2.83867502110998,-0.0019175368421874284,4.110148140605816,1.0160661103807727,2.8520762308473753,0.0,0.0,0.0,0,0,2.2456445681567483,2.2287979568074583,0.19304313583975086,0.0,0.0
fractal_fixed_hedge_lp,627,sideways,2025-12-16 14:00:00+00:00,2025-12-17 14:00:00+00:00,25,105803.5081664457,105889.34619717638,0.0008112966405200428,9.864641796286655e-05,0.03516827710331283,0.04708914924230369,0.7468446057997273,-0.0013766635811144345,16.332092226540226,1.95913477115354,5.485200969683049,0.0,0.0,0.0,0,0,2.239927233280615,2.201484617666821,0.19296989690607705,0.0,0.0
fractal_fixed_hedge_lp,628,high_vol_chop,2025-12-17 15:00:00+00:00,2025-12-18 15:00:00+00:00,25,105789.72308407065,105958.6287802484,0.0015966172446024718,0.0006542922924743788,0.2575797609139343,0.09243134058186353,2.7867145417609085,-0.003018988340396156,13.50907992097109,1.890186454988404,5.457233311269133,0.0,0.0,0.0,0,0,2.310193912284393,2.2246897162273744,0.19334787959655905,0.0,0.0
fractal_fixed_hedge_lp,630,high_vol_chop,2025-12-18 17:00:00+00:00,2025-12-19 16:00:00+00:00,24,105544.26556277394,105977.48667556298,0.004104639039165692,0.0010067765530068495,0.44381452089698126,0.0905795839338191,4.89971913782745,-0.0009387214736066296,14.004313927227486,1.8349151150122427,5.224087669276804,0.0,0.0,0.0,0,0,2.278862508467128,2.2160143920390385,0.1931195483596552,0.0,0.0
fractal_fixed_hedge_lp,631,sideways,2025-12-19 17:00:00+00:00,2025-12-19 18:00:00+00:00,2,105963.731099795,105895.48903007136,-0.0006440134658844965,-0.0007737270250863792,-0.9662992807027755,0.03403164227728437,-28.39414192325847,-0.0006440134658844965,1.2479690658310574,0.15589843491025568,0.43536428507466896,0.0,0.0,0.0,0,0,2.2341461401063683,2.224130314097577,0.1927694592308947,0.0,0.0
fractal_fixed_hedge_lp,632,uptrend,2025-12-19 19:00:00+00:00,2025-12-20 02:00:00+00:00,8,105999.95048775764,105972.55241597389,-0.00025847249605004396,0.0007277305823727431,1.2179318815051334,0.05008926272711627,24.31522875751563,-0.0006175280224485213,0.8655551187393935,0.6298012431435607,1.741493520434001,0.0,0.0,0.0,0,0,2.2121377898481995,2.202342352902563,0.19262716956816947,0.0,0.0
fractal_fixed_hedge_lp,633,sideways,2025-12-20 03:00:00+00:00,2025-12-31 00:00:00+00:00,262,105956.83255129847,106031.8582144906,0.0007080776329908556,0.0005596335764759264,0.018882235528141944,0.047296242692821115,0.3992333101548465,-0.004025567753443315,40.09945860449442,20.733907486563773,57.76454109228601,0.0,0.0,0.0,0,0,2.2289977626527726,2.1549235387165853,0.19258107708729927,0.0,0.0
fractal_plain_uniswap_v2_lp,1,warmup,2025-01-01 00:00:00+00:00,2025-01-01 23:00:00+00:00,24,99850.0,99854.4572504804,4.4639463999907036e-05,4.4639463999907036e-05,0.016426496107026622,0.1280265555051559,0.12830538197495356,-0.006023637315637265,14.615144218440587,0.0,0.0,0.0,0.0,0.0,0,0,,,0.0,,
fractal_plain_uniswap_v2_lp,2,sideways,2025-01-02 00:00:00+00:00,2025-01-03 21:00:00+00:00,46,100265.93181045004,103424.89344056876,0.03150583227103154,0.03575640275257874,803.6051664512146,0.215187548472943,3734.44082686902,-0.008584111852429577,46.65172130728459,0.0,0.0,0.0,0.0,0.0,0,0,,,0.0,,
fractal_plain_uniswap_v2_lp,4,sideways,2025-01-03 23:00:00+00:00,2025-01-07 14:00:00+00:00,88,103490.8712709113,102996.17790934064,-0.004780067608820215,-0.005717300170128503,-0.43490669459687037,0.2061430419070369,-2.1097325942875997,-0.018710668277581388,90.98302473105869,0.0,0.0,0.0,0.0,0.0,0,0,,,0.0,,
fractal_plain_uniswap_v2_lp,5,downtrend,2025-01-07 15:00:00+00:00,2025-01-08 14:00:00+00:00,24,101548.13352460795,99988.18017444326,-0.015361713662483734,-0.02920494523151229,-0.9999799756831043,0.36163435890168644,-2.765168604886235,-0.022177471434648877,43.182632855204474,0.0,0.0,0.0,0.0,0.0,0,0,,,0.0,,
fractal_plain_uniswap_v2_lp,6,sideways,2025-01-08 15:00:00+00:00,2025-01-08 16:00:00+00:00,2,99765.79673317204,99400.04419624004,-0.0036661115222708096,-0.00588205503067607,-0.9999999999940012,0.0954347631195795,-10.478362048648917,-0.0036661115222708096,3.330226392790081,0.0,0.0,0.0,0.0,0.0,0,0,,,0.0,,
fractal_plain_uniswap_v2_lp,8,sideways,2025-01-08 18:00:00+00:00,2025-01-09 14:00:00+00:00,21,98719.7207890293,98230.11982379526,-0.00495950516594712,-0.002400728318490808,-0.6330944049098384,0.283880670378685,-2.2301427006823564,-0.01785975242162874,31.10679883358972,0.0,0.0,0.0,0.0,0.0,0,0,,,0.0,,
fractal_plain_uniswap_v2_lp,9,high_vol_chop,2025-01-09 15:00:00+00:00,2025-01-10 14:00:00+00:00,24,99539.50734015612,98385.0602565643,-0.011597878213790325,0.001577321019733624,0.7776079278433792,0.42261408370405057,1.8399953002700324,-0.02024949431809908,36.106346923166285,0.0,0.0,0.0,0.0,0.0,0,0,,,0.0,,
fractal_plain_uniswap_v2_lp,10,sideways,2025-01-10 15:00:00+00:00,2025-01-13 10:00:00+00:00,68,98494.6708015036,96406.34523873092,-0.021202421874999544,-0.020111945987261737,-0.9270003395947032,0.2558055354353104,-3.623847849958385,-0.031191215793094473,75.01453410509686,0.0,0.0,0.0,0.0,0.0,0,0,,,0.0,,
fractal_plain_uniswap_v2_lp,11,downtrend,2025-01-13 11:00:00+00:00,2025-01-13 20:00:00+00:00,10,95639.40321407156,96119.55477691953,0.0050204366266615175,-0.0029748089827615898,-0.9264519576667282,0.5258170191758952,-1.7619284349501312,-0.010661934833035791,36.63830729131746,0.0,0.0,0.0,0.0,0.0,0,0,,,0.0,,
fractal_plain_uniswap_v2_lp,12,high_vol_chop,2025-01-13 21:00:00+00:00,2025-01-13 23:00:00+00:00,3,96399.20470633123,96714.13336471144,0.0032669217483649593,0.0061858233652023475,66119051.98551105,0.17055147768157286,387677977.84172964,-3.3188167453346296e-05,4.026532261287912,0.0,0.0,0.0,0.0,0.0,0,0,,,0.0,,
fractal_plain_uniswap_v2_lp,14,high_vol_chop,2025-01-14 01:00:00+00:00,2025-01-14 10:00:00+00:00,10,96930.38903356995,98172.85652036798,0.012818141959254126,0.014476252499167952,293690.56802674785,0.3356757557469429,874923.3836480982,-0.0037950482557702614,6.798335663493162,0.0,0.0,0.0,0.0,0.0,0,0,,,0.0,,
fractal_plain_uniswap_v2_lp,20,uptrend,2025-01-14 16:00:00+00:00,2025-01-14 19:00:00+00:00,4,97626.8778129869,98125.91880557884,0.005111717221438772,0.002636947196307249,318.67781058049854,0.21780926296992636,1463.1049489593995,0.0,5.250562311169858,0.0,0.0,0.0,0.0,0.0,0,0,,,0.0,,
fractal_plain_uniswap_v2_lp,21,sideways,2025-01-14 20:00:00+00:00,2025-01-15 18:00:00+00:00,23,98052.70446092468,100288.36594562136,0.02280061011053114,0.022037471509714912,4031.953218347902,0.3364869169012453,11982.496245258859,-0.008169311256029155,26.172222712917062,0.0,0.0,0.0,0.0,0.0,0,0,,,0.0,,
fractal_plain_uniswap_v2_lp,22,uptrend,2025-01-15 19:00:00+00:00,2025-01-16 02:00:00+00:00,8,101342.29569205311,100681.83403322042,-0.006517137334638878,0.003923367221003726,71.79749327865684,0.46854254855818145,153.23580216907743,-0.00844913373395828,11.533606860512748,0.0,0.0,0.0,0.0,0.0,0,0,,,0.0,,
fractal_plain_uniswap_v2_lp,23,high_vol_chop,2025-01-16 03:00:00+00:00,2025-01-16 18:00:00+00:00,16,100227.68181366751,99765.26158828566,-0.00461369770321074,-0.009103652647332039,-0.993309561780835,0.35704429563511964,-2.7820345372383284,-0.014235428941662853,15.765856047172178,0.0,0.0,0.0,0.0,0.0,0,0,,,0.0,,
fractal_plain_uniswap_v2_lp,24,sideways,2025-01-16 19:00:00+00:00,2025-01-17 00:00:00+00:00,6,99867.43317562806,99476.58648182097,-0.003913655146415396,-0.0028935433222838647,-0.9854577497954112,0.2314190949818323,-4.258325138955259,-0.006843674136536304,6.31032685007807,0.0,0.0,0.0,0.0,0.0,0,0,,,0.0,,
fractal_plain_uniswap_v2_lp,25,high_vol_chop,2025-01-17 01:00:00+00:00,2025-01-17 07:00:00+00:00,7,100523.0234428079,100494.42255416178,-0.0002845207761025259,0.010231915954683535,340934.32092033094,0.38592645599471365,883417.8523511251,-0.002582423987664839,7.098140932698584,0.0,0.0,0.0,0.0,0.0,0,0,,,0.0,,
fractal_plain_uniswap_v2_lp,26,sideways,2025-01-17 08:00:00+00:00,2025-01-17 19:00:00+00:00,12,100907.44187949348,101240.62189101103,0.0033018378556801675,0.007425281104004311,220.50165720356998,0.2088363273837854,1055.8587194379588,-0.0037437665520637653,18.89734935793075,0.0,0.0,0.0,0.0,0.0,0,0,,,0.0,,
fractal_plain_uniswap_v2_lp,29,uptrend,2025-01-17 22:00:00+00:00,2025-01-18 00:00:00+00:00,3,102013.3592549426,102094.18913453854,0.0007923460239549485,0.001370719163713341,53.585010412961616,0.08600098512284948,623.0743791645788,-0.0005163648356171224,2.315736749618452,0.0,0.0,0.0,0.0,0.0,0,0,,,0.0,,
fractal_plain_uniswap_v2_lp,30,sideways,2025-01-18 01:00:00+00:00,2025-01-18 03:00:00+00:00,3,101828.5190507333,100675.79646285893,-0.011320233257051115,-0.013892981409651783,-1.0,0.5583216731313762,-1.7910821809790187,-0.011357998522344204,4.668915857719071,0.0,0.0,0.0,0.0,0.0,0,0,,,0.0,,
fractal_plain_uniswap_v2_lp,31,high_vol_chop,2025-01-18 04:00:00+00:00,2025-01-18 15:00:00+00:00,12,100321.33438316658,99666.64664296556,-0.006525907417663679,-0.010023757996944882,-0.9993601417600758,0.47676788545875837,-2.0961146340602737,-0.013943836586984504,31.533010091631752,0.0,0.0,0.0,0.0,0.0,0,0,,,0.0,,
fractal_plain_uniswap_v2_lp,33,high_vol_chop,2025-01-18 17:00:00+00:00,2025-01-18 19:00:00+00:00,3,99039.7254965306,99341.87513717214,0.0030507923878699827,0.0039763276745339304,107779.65797063602,0.23797175878007548,452909.44826037914,-0.00099108968767736,6.665173778030635,0.0,0.0,0.0,0.0,0.0,0,0,,,0.0,,
fractal_plain_uniswap_v2_lp,34,downtrend,2025-01-18 20:00:00+00:00,2025-01-18 22:00:00+00:00,3,98951.8683283084,99239.74566776762,0.0029092663364786997,-0.0010280606165677941,-0.9503859463361203,0.29373651007125967,-3.235504997678223,0.0,5.626967746314563,0.0,0.0,0.0,0.0,0.0,0,0,,,0.0,,
fractal_plain_uniswap_v2_lp,37,high_vol_chop,2025-01-19 01:00:00+00:00,2025-01-19 04:00:00+00:00,4,100196.4698270524,99354.41320358549,-0.008404054802732763,-0.002675528229467816,-0.9971693795080601,0.5382725314571142,-1.8525362548386097,-0.010360458390100358,5.7375415797453115,0.0,0.0,0.0,0.0,0.0,0,0,,,0.0,,
fractal_plain_uniswap_v2_lp,38,sideways,2025-01-19 05:00:00+00:00,2025-01-19 07:00:00+00:00,3,99290.10503758206,99185.98739364266,-0.0010486205438093865,-0.001695202100360782,-0.9929462119721205,0.05777427246657616,-17.186650209166448,-0.0011374415223446288,7.410149436260781,0.0,0.0,0.0,0.0,0.0,0,0,,,0.0,,
fractal_plain_uniswap_v2_lp,39,high_vol_chop,2025-01-19 08:00:00+00:00,2025-01-19 10:00:00+00:00,3,98349.77380895196,97703.52028694694,-0.006570971106251711,-0.014946336127221405,-1.0,0.3497427937444876,-2.859244044154838,-0.006570971106251711,10.592920077900203,0.0,0.0,0.0,0.0,0.0,0,0,,,0.0,,
fractal_plain_uniswap_v2_lp,41,high_vol_chop,2025-01-19 12:00:00+00:00,2025-01-19 16:00:00+00:00,5,98116.73505064184,101181.2041389373,0.031232888932899883,0.04107254137183114,4.23348407768653e+30,0.7097434525467029,5.964808921443282e+30,-0.001324492057630522,19.451295012950936,0.0,0.0,0.0,0.0,0.0,0,0,,,0.0,,
fractal_plain_uniswap_v2_lp,42,uptrend,2025-01-19 17:00:00+00:00,2025-01-19 18:00:00+00:00,2,101630.37473918904,101343.05072300324,-0.0028271470701859425,0.0015995716343095712,1096.2104991527883,0.48090282373653065,2279.484430212792,-0.0028271470701859425,4.560587309746438,0.0,0.0,0.0,0.0,0.0,0,0,,,0.0,,
fractal_plain_uniswap_v2_lp,43,high_vol_chop,2025-01-19 19:00:00+00:00,2025-01-20 07:00:00+00:00,13,101269.64622233888,100780.43508388117,-0.004830777599278302,-0.00555159564576202,-0.9765138409453061,0.9084032405879727,-1.0749783766879213,-0.03571821178308732,63.7767863203012,0.0,0.0,0.0,0.0,0.0,0,0,,,0.0,,
fractal_plain_uniswap_v2_lp,46,uptrend,2025-01-20 10:00:00+00:00,2025-01-20 11:00:00+00:00,2,100374.61336958458,100640.72562326006,0.0026511908214843505,0.000677396000546393,18.41391391058818,0.30574339755094904,60.226693554419896,0.0,2.73932096574606,0.0,0.0,0.0,0.0,0.0,0,0,,,0.0,,
fractal_plain_uniswap_v2_lp,47,high_vol_chop,2025-01-20 12:00:00+00:00,2025-01-21 05:00:00+00:00,18,99556.40269659011,98371.39745885888,-0.011902853112749412,-0.02254880566835582,-0.9999848780993121,0.49037307848949996,-2.0392328248923723,-0.021939256666687057,46.399973551443054,0.0,0.0,0.0,0.0,0.0,0,0,,,0.0,,
fractal_plain_uniswap_v2_lp,49,high_vol_chop,2025-01-21 07:00:00+00:00,2025-01-21 16:00:00+00:00,10,98939.11458372197,99917.82528679675,0.009892050350284842,0.013278970754874164,104382.02588585847,0.22355637727010613,466915.894596653,-0.0022642188375140426,11.982032255048694,0.0,0.0,0.0,0.0,0.0,0,0,,,0.0,,
fractal_plain_uniswap_v2_lp,50,sideways,2025-01-21 17:00:00+00:00,2025-01-23 23:00:00+00:00,55,100259.52082310533,100230.4547717339,-0.0002899081417185867,0.0031288659860224666,0.6447115462603938,0.2835687521171963,2.27356343548721,-0.024495978493336734,64.92212591210773,0.0,0.0,0.0,0.0,0.0,0,0,,,0.0,,
fractal_plain_uniswap_v2_lp,51,high_vol_chop,2025-01-24 00:00:00+00:00,2025-01-24 04:00:00+00:00,5,99614.24366494834,100143.2480026545,0.005310529079410209,-0.0008700625900384118,-0.7823818118951914,0.34594304273558113,-2.261591404493713,-0.0007034200372707522,4.71336804506268,0.0,0.0,0.0,0.0,0.0,0,0,,,0.0,,
fractal_plain_uniswap_v2_lp,52,uptrend,2025-01-24 05:00:00+00:00,2025-01-24 06:00:00+00:00,2,101138.7205439218,101083.58025473772,-0.0005451946483753245,0.00938987171714567,6.000244421326907e+17,0.6939587824569333,8.646398853953951e+17,-0.0005451946483753245,2.803216299856331,0.0,0.0,0.0,0.0,0.0,0,0,,,0.0,,
fractal_plain_uniswap_v2_lp,54,uptrend,2025-01-24 08:00:00+00:00,2025-01-24 13:00:00+00:00,6,101132.35595022664,101171.96042770518,0.00039161035166657143,0.0022039578470247623,23.884316213236172,0.08592636035873323,277.96261954447675,-0.0008920934357785626,5.537035878079337,0.0,0.0,0.0,0.0,0.0,0,0,,,0.0,,
fractal_plain_uniswap_v2_lp,55,high_vol_chop,2025-01-24 14:00:00+00:00,2025-01-24 18:00:00+00:00,5,101325.6215505061,101015.97947931866,-0.0030559108984403727,-0.001541740890728227,-0.933010166138532,0.25641297882625247,-3.6387010143146745,-0.004856114471816997,5.409053473139352,0.0,0.0,0.0,0.0,0.0,0,0,,,0.0,,
fractal_plain_uniswap_v2_lp,57,high_vol_chop,2025-01-24 20:00:00+00:00,2025-01-24 21:00:00+00:00,2,100296.30121508845,100253.71344074915,-0.0004246195903870875,-0.005397992185874001,-0.9999999999494091,0.3011834293232473,-3.32023578520368,-0.0004246195903870875,3.237675390210029,0.0,0.0,0.0,0.0,0.0,0,0,,,0.0,,
fractal_plain_uniswap_v2_lp,58,sideways,2025-01-24 22:00:00+00:00,2025-01-27 03:00:00+00:00,54,100224.52404023474,97979.05356509994,-0.022404401483945846,-0.02268903362860053,-0.9758401560666258,0.20815798995511606,-4.687978377755477,-0.02630163314127898,34.685387799784166,0.0,0.0,0.0,0.0,0.0,0,0,,,0.0,,
fractal_plain_uniswap_v2_lp,59,downtrend,2025-01-27 04:00:00+00:00,2025-01-27 20:00:00+00:00,17,97712.32368981748,97285.37447698251,-0.004369451024318072,-0.007079871287555939,-0.9742981359539271,0.4945637954317131,-1.9700150818833106,-0.019158323170799796,33.0194106066117,0.0,0.0,0.0,0.0,0.0,0,0,,,0.0,,
fractal_plain_uniswap_v2_lp,60,high_vol_chop,2025-01-27 21:00:00+00:00,2025-01-28 09:00:00+00:00,13,97577.32724229989,98177.49081613844,0.006150645757577067,0.00917009719037476,468.2213662889182,0.1814975903129572,2579.766295968788,-0.0035016616643265275,10.781442016471033,0.0,0.0,0.0,0.0,0.0,0,0,,,0.0,,
fractal_plain_uniswap_v2_lp,62,sideways,2025-01-28 11:00:00+00:00,2025-01-30 12:00:00+00:00,50,98040.97596111376,98658.36602471767,0.006297265582594802,0.004584808733822721,1.228709472127211,0.2676364992101998,4.590963772703481,-0.0197319700982298,54.46514732505068,0.0,0.0,0.0,0.0,0.0,0,0,,,0.0,,
fractal_plain_uniswap_v2_lp,63,uptrend,2025-01-30 13:00:00+00:00,2025-01-30 14:00:00+00:00,2,99195.19488818228,99401.2262163156,0.0020770293194702916,0.007529621881349868,185894626645488.78,0.22265210412485847,834910711381569.1,0.0,2.0856585296393177,0.0,0.0,0.0,0.0,0.0,0,0,,,0.0,,
fractal_plain_uniswap_v2_lp,65,uptrend,2025-01-30 16:00:00+00:00,2025-01-30 17:00:00+00:00,2,99358.98356052718,99398.08979945278,0.00039358533596289824,0.0007327059847417328,23.731483509966942,0.0036133883934194384,6567.653660809281,0.0,1.307746560523583,0.0,0.0,0.0,0.0,0.0,0,0,,,0.0,,
fractal_plain_uniswap_v2_lp,66,sideways,2025-01-30 18:00:00+00:00,2025-01-31 14:00:00+00:00,21,99412.63422981511,100481.59691164536,0.010752784996714837,0.010900683447526038,91.06891787063365,0.29399569129574826,309.76276376452694,-0.0071452133129854545,12.579664808978691,0.0,0.0,0.0,0.0,0.0,0,0,,,0.0,,
fractal_plain_uniswap_v2_lp,68,high_vol_chop,2025-01-31 16:00:00+00:00,2025-02-01 10:00:00+00:00,19,101388.26717995368,98977.8903569444,-0.02377372540287248,-0.025629566466375486,-0.999993672745083,0.3043187599836733,-3.2860073194262904,-0.025143425257565744,17.515743584039342,0.0,0.0,0.0,0.0,0.0,0,0,,,0.0,,
fractal_plain_uniswap_v2_lp,69,sideways,2025-02-01 11:00:00+00:00,2025-02-01 14:00:00+00:00,4,98992.40679045016,99048.56522826504,0.0005673004590520669,0.0007140470570321522,3.7740978317501526,0.2425453188918235,15.560382072075447,-0.0031340651875078063,1.7839948107217651,0.0,0.0,0.0,0.0,0.0,0,0,,,0.0,,
fractal_plain_uniswap_v2_lp,71,sideways,2025-02-01 16:00:00+00:00,2025-02-01 20:00:00+00:00,5,99153.10809746374,97832.53227523182,-0.013318551960407099,-0.012578514654706718,-0.9999999997663813,0.39452567514338777,-2.534689280749441,-0.013791050062379795,3.9725238743393447,0.0,0.0,0.0,0.0,0.0,0,0,,,0.0,,
fractal_plain_uniswap_v2_lp,74,downtrend,2025-02-01 23:00:00+00:00,2025-02-02 00:00:00+00:00,2,97179.71351256248,97595.74409069934,0.004281043471928703,0.0015507164265009532,885.1418560576565,0.4632532221645053,1910.708471539427,0.0,2.78287660040462,0.0,0.0,0.0,0.0,0.0,0,0,,,0.0,,
fractal_plain_uniswap_v2_lp,76,downtrend,2025-02-02 02:00:00+00:00,2025-02-02 07:00:00+00:00,6,97194.96982865065,96717.28790938402,-0.004914677375884358,-0.009733791733578578,-0.9999993721428416,0.4043531492316938,-2.4730841692291197,-0.007154493094248426,5.078331041592037,0.0,0.0,0.0,0.0,0.0,0,0,,,0.0,,
fractal_plain_uniswap_v2_lp,77,sideways,2025-02-02 08:00:00+00:00,2025-02-02 10:00:00+00:00,3,97077.51723304612,96775.8968263264,-0.0031070057755561153,0.0006059818074848344,4.864580549463104,0.28777590936395847,16.904057605846113,-0.0031070057755561153,1.5282019222423742,0.0,0.0,0.0,0.0,0.0,0,0,,,0.0,,
fractal_plain_uniswap_v2_lp,78,downtrend,2025-02-02 11:00:00+00:00,2025-02-02 12:00:00+00:00,2,96257.46429896752,96141.50800131152,-0.0012046473330716845,-0.006555235816138705,-0.9999999999996914,0.27481198049973127,-3.6388515456321935,-0.0012046473330716845,2.2784499567669627,0.0,0.0,0.0,0.0,0.0,0,0,,,0.0,,
fractal_plain_uniswap_v2_lp,79,sideways,2025-02-02 13:00:00+00:00,2025-02-02 14:00:00+00:00,2,96494.04658631649,96790.21589877416,0.0030693014018512432,0.006747427941881323,6193210867805.155,0.03954814654544342,156599269720232.0,0.0,1.4655285510083331,0.0,0.0,0.0,0.0,0.0,0,0,,,0.0,,
fractal_plain_uniswap_v2_lp,80,downtrend,2025-02-02 15:00:00+00:00,2025-02-03 20:00:00+00:00,30,96462.5153404556,90825.13583639525,-0.058441141454416146,-0.061628957090222536,-0.9999999914220707,1.5539053820646522,-0.6435398209982289,-0.1133097669452523,357.30192303147896,0.0,0.0,0.0,0.0,0.0,0,0,,,0.0,,
fractal_plain_uniswap_v2_lp,81,high_vol_chop,2025-02-03 21:00:00+00:00,2025-02-04 00:00:00+00:00,4,92590.71437194338,93236.72628504224,0.006977070189822632,0.026552015875770385,8.400454309885768e+24,1.0454710537977105,8.035090287168469e+24,-0.005239849190841861,16.862393368062158,0.0,0.0,0.0,0.0,0.0,0,0,,,0.0,,
fractal_plain_uniswap_v2_lp,82,uptrend,2025-02-04 01:00:00+00:00,2025-02-04 06:00:00+00:00,6,93262.3307658794,91193.57982013113,-0.022182063527251383,-0.021913537146990958,-0.9999999999999911,0.7137898555365455,-1.4009725583005177,-0.026877931088388873,16.60296817146309,0.0,0.0,0.0,0.0,0.0,0,0,,,0.0,,
fractal_plain_uniswap_v2_lp,83,high_vol_chop,2025-02-04 07:00:00+00:00,2025-02-04 09:00:00+00:00,3,90772.65231107864,90811.44860386835,0.00042740067412339044,-0.004190330251498953,-0.9999952694643769,0.28218045788311025,-3.543814752326373,-0.0009315753093709356,3.7340986812221217,0.0,0.0,0.0,0.0,0.0,0,0,,,0.0,,
fractal_plain_uniswap_v2_lp,84,uptrend,2025-02-04 10:00:00+00:00,2025-02-04 14:00:00+00:00,5,91618.17849658072,92853.9646934492,0.013488438835472127,0.022491834685850698,8.395656371439389e+16,0.37088972254888153,2.2636530108576627e+17,-0.0010432781964671012,11.312908906533494,0.0,0.0,0.0,0.0,0.0,0,0,,,0.0,,
fractal_plain_uniswap_v2_lp,85,high_vol_chop,2025-02-04 15:00:00+00:00,2025-02-04 20:00:00+00:00,6,92196.41837380062,91502.0220918125,-0.007531705615426043,-0.014559880195746722,-0.9999999994986399,0.5438810256265919,-1.838637408515152,-0.015654508778306098,15.098038452855917,0.0,0.0,0.0,0.0,0.0,0,0,,,0.0,,
fractal_plain_uniswap_v2_lp,86,downtrend,2025-02-04 21:00:00+00:00,2025-02-04 23:00:00+00:00,3,89926.10774590269,91498.295433996,0.01748310615795501,-4.072760067264092e-05,-0.11212740091942253,1.4139375600204764,-0.07930152228065765,0.0,9.972027466764985,0.0,0.0,0.0,0.0,0.0,0,0,,,0.0,,
fractal_plain_uniswap_v2_lp,87,high_vol_chop,2025-02-05 00:00:00+00:00,2025-02-05 20:00:00+00:00,21,91453.45486523864,91896.99061747848,0.004849852341755945,0.004357405584348495,5.133171191487291,0.4019843165106045,12.769580753909526,-0.015657211464566778,26.87188422467716,0.0,0.0,0.0,0.0,0.0,0,0,,,0.0,,
fractal_plain_uniswap_v2_lp,89,high_vol_chop,2025-02-05 22:00:00+00:00,2025-02-06 05:00:00+00:00,8,91842.28816240252,93172.78549152656,0.014486761553363703,0.010212024311851753,67876.24295931536,0.29590990017154883,229381.45334091643,-0.0026259462268108935,8.91251117614479,0.0,0.0,0.0,0.0,0.0,0,0,,,0.0,,
fractal_plain_uniswap_v2_lp,91,high_vol_chop,2025-02-06 07:00:00+00:00,2025-02-06 18:00:00+00:00,12,93122.91054794852,90894.7952621378,-0.02392660702613525,-0.025522008110009153,-0.9999999936381163,0.33925243600466215,-2.947657518439673,-0.025979495254977003,17.037673749393207,0.0,0.0,0.0,0.0,0.0,0,0,,,0.0,,
fractal_plain_uniswap_v2_lp,93,high_vol_chop,2025-02-06 20:00:00+00:00,2025-02-06 21:00:00+00:00,2,91181.21998595155,90922.93782659325,-0.0028326245184929766,0.0020260197621688736,7078.717366425817,0.509933657803563,13881.643735610574,-0.0028326245184929766,3.1172244190533998,0.0,0.0,0.0,0.0,0.0,0,0,,,0.0,,
fractal_plain_uniswap_v2_lp,94,sideways,2025-02-06 22:00:00+00:00,2025-02-07 05:00:00+00:00,8,90789.97521852492,91159.84905866494,0.004073950226880951,0.0026056266739151734,16.278285087867495,0.31872063507549875,51.07383487740442,-0.00257161249568727,8.154383582069386,0.0,0.0,0.0,0.0,0.0,0,0,,,0.0,,
fractal_plain_uniswap_v2_lp,96,sideways,2025-02-07 07:00:00+00:00,2025-02-07 19:00:00+00:00,13,91181.54377699053,90301.5067797546,-0.009651481657168337,-0.004460782855292722,-0.9508365917406809,0.4019306193865828,-2.3656734418289047,-0.021452616169089,14.68550250729868,0.0,0.0,0.0,0.0,0.0,0,0,,,0.0,,
fractal_plain_uniswap_v2_lp,97,high_vol_chop,2025-02-07 20:00:00+00:00,2025-02-08 10:00:00+00:00,15,89049.43424413675,89587.64376468463,0.006043940931419467,-0.007905327834795584,-0.9902944414452531,0.43939516715760357,-2.253767258869398,-0.00638293119478317,13.122693322921577,0.0,0.0,0.0,0.0,0.0,0,0,,,0.0,,
fractal_plain_uniswap_v2_lp,98,downtrend,2025-02-08 11:00:00+00:00,2025-02-08 14:00:00+00:00,4,89356.22403418695,89384.0819025383,0.000311761924280507,-0.0022722091305474867,-0.9931382995396134,0.2935702301279987,-3.382966655394854,-0.003244346531643627,2.2931842990994937,0.0,0.0,0.0,0.0,0.0,0,0,,,0.0,,
fractal_plain_uniswap_v2_lp,99,sideways,2025-02-08 15:00:00+00:00,2025-02-09 20:00:00+00:00,30,89180.8914682065,89878.81314813904,0.007825910555977922,0.005534892064340768,4.011484628180441,0.24866246007317602,16.132248619272676,-0.011832356456308979,14.420782551869024,0.0,0.0,0.0,0.0,0.0,0,0,,,0.0,,
fractal_plain_uniswap_v2_lp,100,high_vol_chop,2025-02-09 21:00:00+00:00,2025-02-10 21:00:00+00:00,25,88452.6841926159,90395.711438691,0.021966854525792945,0.005751058257745134,6.458827667870543,0.5309736718335714,12.164120389560486,-0.012888613643658453,26.974447498751488,0.0,0.0,0.0,0.0,0.0,0,0,,,0.0,,
fractal_plain_uniswap_v2_lp,101,sideways,2025-02-10 22:00:00+00:00,2025-02-10 23:00:00+00:00,2,90312.63535264884,90304.9682320893,-8.489532532851563e-05,-0.0010038441554082178,-0.9877109388348752,0.05520413265756268,-17.891974591137135,-8.489532532851563e-05,0.9606571293668367,0.0,0.0,0.0,0.0,0.0,0,0,,,0.0,,
fractal_plain_uniswap_v2_lp,103,sideways,2025-02-11 01:00:00+00:00,2025-02-11 21:00:00+00:00,21,91015.98104683496,89713.88915094326,-0.014306189758276355,-0.014285450565815871,-0.9975263177481862,0.315879867109565,-3.157929395361521,-0.023349929430362182,14.184510041784051,0.0,0.0,0.0,0.0,0.0,0,0,,,0.0,,
fractal_plain_uniswap_v2_lp,104,high_vol_chop,2025-02-11 22:00:00+00:00,2025-02-11 23:00:00+00:00,2,89027.95658601014,89374.15930250156,0.0038886966495401687,-0.003786814412538697,-0.9999999393248222,0.7633696860161375,-1.3099812026118134,0.0,2.2682137988454087,0.0,0.0,0.0,0.0,0.0,0,0,,,0.0,,
fractal_plain_uniswap_v2_lp,105,sideways,2025-02-12 00:00:00+00:00,2025-02-12 21:00:00+00:00,22,89382.44405481988,90779.70587048576,0.015632396612571098,0.015726543096499235,498.34326689795034,0.28863118921951997,1726.574554349124,-0.008120993545452926,23.101191293266993,0.0,0.0,0.0,0.0,0.0,0,0,,,0.0,,
fractal_plain_uniswap_v2_lp,106,uptrend,2025-02-12 22:00:00+00:00,2025-02-12 23:00:00+00:00,2,91814.3590151396,91647.64653627228,-0.0018157560609863843,0.0095609548132356,1.2605213162073585e+18,0.8744677747591287,1.4414725763388682e+18,-0.0018157560609863843,5.803923354806784,0.0,0.0,0.0,0.0,0.0,0,0,,,0.0,,
fractal_plain_uniswap_v2_lp,108,uptrend,2025-02-13 01:00:00+00:00,2025-02-13 04:00:00+00:00,4,91812.80674733764,91390.29074632045,-0.004601928815660017,-0.0005481082127569703,-0.6990123572170119,0.2930129719860547,-2.3856020860751515,-0.004601928815660017,1.8652201085405977,0.0,0.0,0.0,0.0,0.0,0,0,,,0.0,,
fractal_plain_uniswap_v2_lp,109,sideways,2025-02-13 05:00:00+00:00,2025-02-13 10:00:00+00:00,6,91369.67975460872,90658.2868177303,-0.007785875344961224,-0.008009646567621043,-0.9999920406905654,0.25944156925513767,-3.8544017582130885,-0.009650996352638996,3.1284826034068374,0.0,0.0,0.0,0.0,0.0,0,0,,,0.0,,
fractal_plain_uniswap_v2_lp,110,high_vol_chop,2025-02-13 11:00:00+00:00,2025-02-13 12:00:00+00:00,2,90339.31751694836,90372.04976275278,0.00036232558208415533,-0.003157318156177036,-0.9999990348004277,0.2568304502843452,-3.893615549454112,0.0,1.8121381629171083,0.0,0.0,0.0,0.0,0.0,0,0,,,0.0,,
fractal_plain_uniswap_v2_lp,111,sideways,2025-02-13 13:00:00+00:00,2025-02-14 16:00:00+00:00,28,90391.86444295075,91618.54839129404,0.013570734002477547,0.013792966208175939,71.65621648656885,0.2053433663665658,348.9580294434872,-0.006529664971781313,18.72931154491266,0.0,0.0,0.0,0.0,0.0,0,0,,,0.0,,
fractal_plain_uniswap_v2_lp,113,sideways,2025-02-14 18:00:00+00:00,2025-02-17 15:00:00+00:00,70,92138.73660902285,92053.71596544117,-0.0009227459232749036,-0.0028404956805089254,-0.29950885588563037,0.2291956302580722,-1.3067825749923159,-0.018856359012692003,33.05717096467515,0.0,0.0,0.0,0.0,0.0,0,0,,,0.0,,
fractal_plain_uniswap_v2_lp,114,high_vol_chop,2025-02-17 16:00:00+00:00,2025-02-18 14:00:00+00:00,23,91579.9283701606,90891.7129840285,-0.007514915095263808,-0.012623096951880686,-0.9920799330419703,0.2997371913623013,-3.3098326188117695,-0.019016113181222205,18.525776028718838,0.0,0.0,0.0,0.0,0.0,0,0,,,0.0,,
fractal_plain_uniswap_v2_lp,115,sideways,2025-02-18 15:00:00+00:00,2025-02-21 14:00:00+00:00,72,90596.60104217724,92797.89731646706,0.024297779927361818,0.02097203661211111,11.493518456168616,0.2266181304194301,50.71755924778015,-0.010623383404406272,51.20944861182852,0.0,0.0,0.0,0.0,0.0,0,0,,,0.0,,
fractal_plain_uniswap_v2_lp,116,high_vol_chop,2025-02-21 15:00:00+00:00,2025-02-22 14:00:00+00:00,24,91562.6148626944,91751.9397981452,0.002067710011719459,-0.011271349336233194,-0.9840357529997158,0.41496734524078793,-2.371357082154794,-0.018426393287997223,25.908699438180975,0.0,0.0,0.0,0.0,0.0,0,0,,,0.0,,
fractal_plain_uniswap_v2_lp,117,sideways,2025-02-22 15:00:00+00:00,2025-02-22 19:00:00+00:00,5,92445.90703151347,92259.68263899698,-0.0020144146830969323,0.005533864918483733,15812.25150107124,0.40793852371728934,38761.35883658168,-0.004662044355377759,2.723552787256949,0.0,0.0,0.0,0.0,0.0,0,0,,,0.0,,
fractal_plain_uniswap_v2_lp,119,sideways,2025-02-22 21:00:00+00:00,2025-02-23 06:00:00+00:00,10,92337.7533074514,92618.72198964778,0.0030428364578121148,0.002960522845919744,12.324262700064805,0.1553857792119136,79.3139678712625,-0.0037219163665374033,2.1581216107999803,0.0,0.0,0.0,0.0,0.0,0,0,,,0.0,,
fractal_plain_uniswap_v2_lp,121,sideways,2025-02-23 08:00:00+00:00,2025-02-24 15:00:00+00:00,32,93040.361164354,90366.39929224276,-0.028739805377450578,-0.030194631292591367,-0.9997735851725589,0.2983094955583749,-3.3514641674452417,-0.03119182548115529,24.944627086994387,0.0,0.0,0.0,0.0,0.0,0,0,,,0.0,,
fractal_plain_uniswap_v2_lp,122,downtrend,2025-02-24 16:00:00+00:00,2025-02-25 20:00:00+00:00,29,90539.06286098344,87762.04790072166,-0.030672009103139164,-0.028819908859028964,-0.9998542344336598,0.7066911463262796,-1.414839056115791,-0.05708283251471924,88.13333630764168,0.0,0.0,0.0,0.0,0.0,0,0,,,0.0,,
fractal_plain_uniswap_v2_lp,123,high_vol_chop,2025-02-25 21:00:00+00:00,2025-02-26 14:00:00+00:00,18,87948.10641548774,86592.96828310004,-0.015408383279859383,-0.013321015696261762,-0.9985358215932116,0.27230683434260805,-3.666951011361267,-0.01741265097120226,17.232614944300394,0.0,0.0,0.0,0.0,0.0,0,0,,,0.0,,
fractal_plain_uniswap_v2_lp,125,high_vol_chop,2025-02-26 16:00:00+00:00,2025-02-26 17:00:00+00:00,2,86115.73602797152,85443.0069640478,-0.007811917948482794,-0.014118424395926032,-1.0,0.09634432775566865,-10.379438242965607,-0.007811917948482794,8.942844259490357,0.0,0.0,0.0,0.0,0.0,0,0,,,0.0,,
fractal_plain_uniswap_v2_lp,126,downtrend,2025-02-26 18:00:00+00:00,2025-02-27 07:00:00+00:00,14,83970.98248677913,85491.90997741252,0.01811253656431666,0.0005723465863660682,0.4304985052913439,0.5685365887091623,0.7572045737087425,-0.008493261138795338,42.52015499501863,0.0,0.0,0.0,0.0,0.0,0,0,,,0.0,,
fractal_plain_uniswap_v2_lp,129,high_vol_chop,2025-02-27 10:00:00+00:00,2025-02-27 13:00:00+00:00,4,85638.81728680906,84952.02746576651,-0.008019608897008146,-0.005961337569773684,-0.9999979432803278,0.2532916485007233,-3.94800992926331,-0.008019608897008146,4.9138770489373655,0.0,0.0,0.0,0.0,0.0,0,0,,,0.0,,
fractal_plain_uniswap_v2_lp,131,high_vol_chop,2025-02-27 15:00:00+00:00,2025-02-27 17:00:00+00:00,3,84854.70902926539,84657.26912980902,-0.002326799557915815,0.0016560317034794991,124.41309207654517,0.5139011550533087,242.0953735035668,-0.00577101033411187,4.112748143214503,0.0,0.0,0.0,0.0,0.0,0,0,,,0.0,,
fractal_plain_uniswap_v2_lp,135,high_vol_chop,2025-02-27 21:00:00+00:00,2025-02-28 00:00:00+00:00,4,83974.13526214889,84392.53942871768,0.004982536173342211,0.009487863977909239,958106763.743294,0.3628204262516061,2640718918.8374777,-0.0024718424375893555,7.060591548076218,0.0,0.0,0.0,0.0,0.0,0,0,,,0.0,,
fractal_plain_uniswap_v2_lp,136,downtrend,2025-02-28 01:00:00+00:00,2025-02-28 14:00:00+00:00,14,82540.6006626332,81982.40781284259,-0.006762645841070336,-0.02855858624696095,-0.9999999866218628,0.699065305474528,-1.4304814997835706,-0.022624876056955068,55.06430016367631,0.0,0.0,0.0,0.0,0.0,0,0,,,0.0,,
fractal_plain_uniswap_v2_lp,137,high_vol_chop,2025-02-28 15:00:00+00:00,2025-03-01 02:00:00+00:00,12,82935.09283983115,83750.32921311789,0.00982981202976596,0.02156464353073506,5808620.521600655,0.44413095315543405,13078621.2497281,-0.004702373027998807,17.57513271626567,0.0,0.0,0.0,0.0,0.0,0,0,,,0.0,,
fractal_plain_uniswap_v2_lp,138,uptrend,2025-03-01 03:00:00+00:00,2025-03-01 08:00:00+00:00,6,83757.38770132531,83188.17516585752,-0.006795968106091954,-0.0067122607462219985,-0.9999463451319124,0.236878310701422,-4.221350372564564,-0.009277593599888556,3.052382824552751,0.0,0.0,0.0,0.0,0.0,0,0,,,0.0,,
fractal_plain_uniswap_v2_lp,139,high_vol_chop,2025-03-01 09:00:00+00:00,2025-03-01 14:00:00+00:00,6,83187.28974756831,81869.35380296837,-0.015842996551507116,-0.01585347148509675,-0.9999999999263357,0.3426351807858915,-2.918556108665395,-0.018423087991345843,6.966725735442196,0.0,0.0,0.0,0.0,0.0,0,0,,,0.0,,
fractal_plain_uniswap_v2_lp,141,high_vol_chop,2025-03-01 16:00:00+00:00,2025-03-01 17:00:00+00:00,2,82640.76481591043,82552.43290241998,-0.0010688661181587067,0.005797205101098157,99005470997.2164,0.5256328187304327,188354812464.6127,-0.0010688661181587067,1.3780845865799165,0.0,0.0,0.0,0.0,0.0,0,0,,,0.0,,
fractal_plain_uniswap_v2_lp,144,sideways,2025-03-01 20:00:00+00:00,2025-03-02 15:00:00+00:00,20,83005.3227364979,83263.28227478213,0.0031077469465798924,0.002176931031668161,1.5920769053957335,0.3186151469095842,4.996865092065222,-0.013453829190006372,18.028407495336523,0.0,0.0,0.0,0.0,0.0,0,0,,,0.0,,
fractal_plain_uniswap_v2_lp,145,uptrend,2025-03-02 16:00:00+00:00,2025-03-03 08:00:00+00:00,17,87230.473335757,85236.79191796517,-0.02285533187602906,0.023702039954059728,174734.08470071238,1.2347004783065896,141519.4112019482,-0.03999692755919215,56.76805399057275,0.0,0.0,0.0,0.0,0.0,0,0,,,0.0,,
fractal_plain_uniswap_v2_lp,147,uptrend,2025-03-03 10:00:00+00:00,2025-03-03 13:00:00+00:00,4,85593.52003972206,85961.9877794345,0.004304855549128517,0.0070241417915324345,4542991.327451701,0.12829883189825586,35409451.982029,-0.00024784032146596413,3.8250832690364405,0.0,0.0,0.0,0.0,0.0,0,0,,,0.0,,
fractal_plain_uniswap_v2_lp,148,high_vol_chop,2025-03-03 14:00:00+00:00,2025-03-03 15:00:00+00:00,2,84259.65023617739,84445.1422453103,0.0022014334098585664,-0.017645538142000428,-1.0,1.4563127824904398,-0.686665675137384,0.0,7.316147826525139,0.0,0.0,0.0,0.0,0.0,0,0,,,0.0,,
fractal_plain_uniswap_v2_lp,149,downtrend,2025-03-03 16:00:00+00:00,2025-03-04 17:00:00+00:00,26,84227.873236139,81282.7660964318,-0.03496594448550738,-0.03744888178045691,-0.9999973992616489,0.759261631448148,-1.3170656303998174,-0.05040757698490628,107.11877886615412,0.0,0.0,0.0,0.0,0.0,0,0,,,0.0,,
fractal_plain_uniswap_v2_lp,150,high_vol_chop,2025-03-04 18:00:00+00:00,2025-03-05 00:00:00+00:00,7,81802.35105095817,82216.00531792344,0.005056752790730812,0.01148139102924306,1601230.554455584,0.4693001301813626,3411954.2089979458,-0.0051975528031794616,13.73586445502724,0.0,0.0,0.0,0.0,0.0,0,0,,,0.0,,
fractal_plain_uniswap_v2_lp,151,uptrend,2025-03-05 01:00:00+00:00,2025-03-05 02:00:00+00:00,2,82526.61672517729,82495.72132528469,-0.0003743689141587625,0.0034022086852749656,2888886.6462729266,0.2748097554881777,10512314.750766575,-0.0003743689141587625,2.4792584835122398,0.0,0.0,0.0,0.0,0.0,0,0,,,0.0,,
fractal_plain_uniswap_v2_lp,152,high_vol_chop,2025-03-05 03:00:00+00:00,2025-03-05 06:00:00+00:00,4,82235.67635550168,82596.45901484597,0.004387179328162016,0.0012211262347057161,13.47806830300849,0.24854969079033393,54.22685604697864,-0.0002945857428698906,1.731395521689592,0.0,0.0,0.0,0.0,0.0,0,0,,,0.0,,
fractal_plain_uniswap_v2_lp,153,uptrend,2025-03-05 07:00:00+00:00,2025-03-05 13:00:00+00:00,7,82910.34579272072,82815.43714218223,-0.0011447142046152603,0.0026511805705484726,26.477648085309504,0.39914248011145537,66.33633202338163,-0.00970466937730241,8.9955346642314,0.0,0.0,0.0,0.0,0.0,0,0,,,0.0,,
fractal_plain_uniswap_v2_lp,155,uptrend,2025-03-05 15:00:00+00:00,2025-03-05 16:00:00+00:00,2,82559.73476681189,82668.81127332446,0.001321182860151593,0.003997730406398725,38847407.77167794,0.0894664376719322,434212077.5405068,0.0,4.143376395631094,0.0,0.0,0.0,0.0,0.0,0,0,,,0.0,,
fractal_plain_uniswap_v2_lp,156,high_vol_chop,2025-03-05 17:00:00+00:00,2025-03-05 18:00:00+00:00,2,82690.08486515639,82849.63618717155,0.001929509714197808,0.002187341405566201,14328.743740265034,0.11066713464263941,129476.05254744033,0.0,3.6197985069106835,0.0,0.0,0.0,0.0,0.0,0,0,,,0.0,,
fractal_plain_uniswap_v2_lp,157,sideways,2025-03-05 19:00:00+00:00,2025-03-06 02:00:00+00:00,8,83110.17993608769,84386.7613709557,0.01536010914486896,0.018553191716032646,552289567.1187078,0.17504110580935844,3155199257.7116137,-0.00032783998100471834,11.371582786403906,0.0,0.0,0.0,0.0,0.0,0,0,,,0.0,,
fractal_plain_uniswap_v2_lp,158,uptrend,2025-03-06 03:00:00+00:00,2025-03-06 05:00:00+00:00,3,84467.9030458308,84930.91074200076,0.00548146312947706,0.006448278879349623,141601424.29217526,0.10021015175548861,1413044704.6690516,0.0,2.464638989830746,0.0,0.0,0.0,0.0,0.0,0,0,,,0.0,,
fractal_plain_uniswap_v2_lp,159,sideways,2025-03-06 06:00:00+00:00,2025-03-06 16:00:00+00:00,11,84657.80274503463,83431.8115163367,-0.014481727483410589,-0.017650808316632238,-0.9999993068332339,0.3913309549954381,-2.5553800282548345,-0.015506228806143163,11.684977704817811,0.0,0.0,0.0,0.0,0.0,0,0,,,0.0,,
fractal_plain_uniswap_v2_lp,161,sideways,2025-03-06 18:00:00+00:00,2025-03-06 23:00:00+00:00,6,82798.70184919692,83003.0010511439,0.002467420350612315,0.004207407570650412,458.403322802744,0.16866603335815478,2717.816466516083,-0.0020245753933474386,5.158085567969465,0.0,0.0,0.0,0.0,0.0,0,0,,,0.0,,
fractal_plain_uniswap_v2_lp,164,downtrend,2025-03-07 02:00:00+00:00,2025-03-07 05:00:00+00:00,4,82167.66744615014,82455.62788560927,0.0035045468419538928,0.0004821045653495837,1.8735683204299085,0.31569048476174555,5.934826708014046,-0.002196967133805683,3.383133604375871,0.0,0.0,0.0,0.0,0.0,0,0,,,0.0,,
fractal_plain_uniswap_v2_lp,165,high_vol_chop,2025-03-07 06:00:00+00:00,2025-03-08 14:00:00+00:00,33,82481.10857780688,82529.28753297924,0.0005841210915213946,0.0008933246796958283,0.26748071277262686,0.4100784671414807,0.6522671493510622,-0.023094858463622803,42.37779004140293,0.0,0.0,0.0,0.0,0.0,0,0,,,0.0,,
fractal_plain_uniswap_v2_lp,166,sideways,2025-03-08 15:00:00+00:00,2025-03-09 15:00:00+00:00,25,82613.96834198052,80908.45077803753,-0.020644421254321088,-0.019639534078056964,-0.9990415252925083,0.25196661133139275,-3.964975835542528,-0.030655567798367533,19.54395367859388,0.0,0.0,0.0,0.0,0.0,0,0,,,0.0,,
fractal_plain_uniswap_v2_lp,167,downtrend,2025-03-09 16:00:00+00:00,2025-03-10 08:00:00+00:00,17,80140.05251888749,80399.36992928946,0.0032358028507761816,-0.006292060271240407,-0.9613227956934227,0.40120105174354564,-2.3961123519384895,-0.009638446398537615,30.623288468015744,0.0,0.0,0.0,0.0,0.0,0,0,,,0.0,,
fractal_plain_uniswap_v2_lp,168,high_vol_chop,2025-03-10 09:00:00+00:00,2025-03-10 16:00:00+00:00,8,81031.85068363661,79307.35222345732,-0.021281736078225033,-0.01358241621535805,-0.9999996862513569,0.8309199624975492,-1.203484970135504,-0.029321206527653465,23.764674699644274,0.0,0.0,0.0,0.0,0.0,0,0,,,0.0,,
fractal_plain_uniswap_v2_lp,169,downtrend,2025-03-10 17:00:00+00:00,2025-03-11 15:00:00+00:00,23,77551.73845076292,77643.27272250286,0.0011802994177629866,-0.020982663703936644,-0.999689303108142,0.9080217996686019,-1.1009529765397656,-0.0274640131847822,143.49594113500143,0.0,0.0,0.0,0.0,0.0,0,0,,,0.0,,
fractal_plain_uniswap_v2_lp,170,high_vol_chop,2025-03-11 16:00:00+00:00,2025-03-11 17:00:00+00:00,2,77755.90322628662,77382.04690845794,-0.004808076330110711,-0.003364435898761675,-0.9999996115395711,0.4142100151361068,-2.414233299527964,-0.004808076330110711,4.019747078501496,0.0,0.0,0.0,0.0,0.0,0,0,,,0.0,,
fractal_plain_uniswap_v2_lp,172,high_vol_chop,2025-03-11 19:00:00+00:00,2025-03-11 23:00:00+00:00,5,78379.5088704361,77772.53785175651,-0.0077440013011937925,-0.008344538286829017,-0.999999579141675,0.20675583344396967,-4.836620870543285,-0.0077440013011937925,5.380733345450608,0.0,0.0,0.0,0.0,0.0,0,0,,,0.0,,
fractal_plain_uniswap_v2_lp,174,high_vol_chop,2025-03-12 01:00:00+00:00,2025-03-13 07:00:00+00:00,31,77822.1119067474,76813.6070430618,-0.012959104282521672,-0.009642965404689452,-0.9353093495227438,0.41624785522662844,-2.2470010061998025,-0.016992786005913807,34.946547816907696,0.0,0.0,0.0,0.0,0.0,0,0,,,0.0,,
fractal_plain_uniswap_v2_lp,175,sideways,2025-03-13 08:00:00+00:00,2025-03-14 16:00:00+00:00,33,76748.2736453466,78018.09154301972,0.01654523075712344,0.015680613713175307,61.18987361038737,0.278162814164746,219.978625806348,-0.018894693675043372,24.9239480490769,0.0,0.0,0.0,0.0,0.0,0,0,,,0.0,,
fractal_plain_uniswap_v2_lp,177,sideways,2025-03-14 18:00:00+00:00,2025-03-19 10:00:00+00:00,113,78124.8632301176,78912.77759134388,0.010085321479609721,0.011233837213473485,1.3774194569352467,0.2182094313424061,6.31237361493258,-0.02061461078729343,65.91643156661303,0.0,0.0,0.0,0.0,0.0,0,0,,,0.0,,
fractal_plain_uniswap_v2_lp,178,uptrend,2025-03-19 11:00:00+00:00,2025-03-19 23:00:00+00:00,13,79973.79731372854,80693.09637125646,0.008994184116407178,0.022560589479337922,3380098.2830534084,0.49415912282887287,6840100.945022794,-0.007348590889863393,19.876148360389834,0.0,0.0,0.0,0.0,0.0,0,0,,,0.0,,
fractal_plain_uniswap_v2_lp,179,high_vol_chop,2025-03-20 00:00:00+00:00,2025-03-20 01:00:00+00:00,2,80158.31193543709,80034.70554596175,-0.0015420283497846743,-0.008159196448052186,-0.9999999999999998,0.33655705902517336,-2.971264376080738,-0.0015420283497846743,2.0047173093030324,0.0,0.0,0.0,0.0,0.0,0,0,,,0.0,,
fractal_plain_uniswap_v2_lp,181,high_vol_chop,2025-03-20 03:00:00+00:00,2025-03-20 10:00:00+00:00,8,79984.8616383673,79090.63150784925,-0.011179992216040935,-0.01168125102460682,-0.9999974162379568,0.23065364679008274,-4.3354936293205535,-0.011179992216040935,4.65870914972129,0.0,0.0,0.0,0.0,0.0,0,0,,,0.0,,
fractal_plain_uniswap_v2_lp,182,sideways,2025-03-20 11:00:00+00:00,2025-03-24 17:00:00+00:00,103,79264.27010168479,81253.80200230684,0.025099983864984354,0.027350527530468627,8.923250834774803,0.18566909588496885,48.05996815055962,-0.01333690833553447,55.94950349741703,0.0,0.0,0.0,0.0,0.0,0,0,,,0.0,,
fractal_plain_uniswap_v2_lp,184,sideways,2025-03-24 19:00:00+00:00,2025-03-28 04:00:00+00:00,82,81289.76370907424,78248.21546067327,-0.03741612854585585,-0.03885649992201845,-0.9855029526952379,0.26193388339412016,-3.7624111089606376,-0.03741612854585585,63.79359327632619,0.0,0.0,0.0,0.0,0.0,0,0,,,0.0,,
fractal_plain_uniswap_v2_lp,185,downtrend,2025-03-28 05:00:00+00:00,2025-03-29 00:00:00+00:00,20,77922.53951175945,77718.96942025154,-0.0026124673654557284,-0.006763681923042775,-0.9488276927479067,0.1928596729684328,-4.919782752629734,-0.01220339710652818,18.000647456690785,0.0,0.0,0.0,0.0,0.0,0,0,,,0.0,,
fractal_plain_uniswap_v2_lp,187,downtrend,2025-03-29 02:00:00+00:00,2025-03-29 03:00:00+00:00,2,77593.53761798379,77554.57648883965,-0.0005021182219575593,-0.0020642743785966866,-0.9998827106655341,0.07020691115939098,-14.241941343858542,-0.0005021182219575593,1.8850789458319923,0.0,0.0,0.0,0.0,0.0,0,0,,,0.0,,
fractal_plain_uniswap_v2_lp,188,sideways,2025-03-29 04:00:00+00:00,2025-04-01 08:00:00+00:00,77,77485.88579583442,77341.2103264601,-0.0018671202876291426,-0.0027511743605519445,-0.26905867031021846,0.2898049363813631,-0.9284129996880246,-0.028948968862358426,59.07933035856513,0.0,0.0,0.0,0.0,0.0,0,0,,,0.0,,
fractal_plain_uniswap_v2_lp,190,sideways,2025-04-01 10:00:00+00:00,2025-04-01 19:00:00+00:00,10,77078.8096623744,77832.58053796948,0.009779223095125467,0.00720017302894127,535.3317858728011,0.39852739767910295,1343.2747384255222,-0.004615241892699018,12.506795383484132,0.0,0.0,0.0,0.0,0.0,0,0,,,0.0,,
fractal_plain_uniswap_v2_lp,192,sideways,2025-04-01 21:00:00+00:00,2025-04-02 21:00:00+00:00,25,77978.79125649467,76980.87164880168,-0.012797320804967982,-0.01229737985949897,-0.9869075015869776,0.30885352137489747,-3.195390155157188,-0.015140783568132421,34.32237536508819,0.0,0.0,0.0,0.0,0.0,0,0,,,0.0,,
fractal_plain_uniswap_v2_lp,193,downtrend,2025-04-02 22:00:00+00:00,2025-04-02 23:00:00+00:00,2,75582.57000582037,75591.95963724975,0.00012423011586748522,-0.018042300402733136,-1.0,1.2103618845779087,-0.826199182857391,0.0,8.01356890036186,0.0,0.0,0.0,0.0,0.0,0,0,,,0.0,,
fractal_plain_uniswap_v2_lp,194,high_vol_chop,2025-04-03 00:00:00+00:00,2025-04-03 11:00:00+00:00,12,76020.04738375863,75560.16308679698,-0.006049513421638619,-0.0004206340278165577,-0.2644431436677279,0.26416278979568364,-1.0010612920625994,-0.010243372017147978,9.308472302161135,0.0,0.0,0.0,0.0,0.0,0,0,,,0.0,,
fractal_plain_uniswap_v2_lp,197,downtrend,2025-04-03 14:00:00+00:00,2025-04-03 19:00:00+00:00,6,74745.33450681831,75414.45668692219,0.008952026029702687,0.0011375962169186682,4.259029379951119,0.4368754014785719,9.748842268383056,-0.0008672481807338039,6.179951887488187,0.0,0.0,0.0,0.0,0.0,0,0,,,0.0,,
fractal_plain_uniswap_v2_lp,198,high_vol_chop,2025-04-03 20:00:00+00:00,2025-04-03 23:00:00+00:00,4,75566.68345705542,75981.93289139608,0.005495139065837762,0.007524766860414145,13491189.73060557,0.1620287659919211,83264163.91567318,0.0,3.358786491625324,0.0,0.0,0.0,0.0,0.0,0,0,,,0.0,,
fractal_plain_uniswap_v2_lp,200,high_vol_chop,2025-04-04 01:00:00+00:00,2025-04-04 14:00:00+00:00,14,75210.35450716983,75407.31200155943,0.0026187550328702347,-0.007207505742889642,-0.9891779566195134,0.46290158784837715,-2.136907676677742,-0.013528975298902624,14.968005286685184,0.0,0.0,0.0,0.0,0.0,0,0,,,0.0,,
fractal_plain_uniswap_v2_lp,201,sideways,2025-04-04 15:00:00+00:00,2025-04-04 16:00:00+00:00,2,75644.76554032894,75579.6546139269,-0.0008607459608995782,0.0022854894013979443,22003.92556663823,0.26536768997131566,82918.63100973859,-0.0008607459608995782,3.1818410194323405,0.0,0.0,0.0,0.0,0.0,0,0,,,0.0,,
fractal_plain_uniswap_v2_lp,202,high_vol_chop,2025-04-04 17:00:00+00:00,2025-04-05 00:00:00+00:00,8,76144.81016591255,76072.3104057377,-0.0009521300272057331,0.006518365217826894,1228.6043598307424,0.29848040238476975,4116.197747036517,-0.003810084363810584,4.675583973908942,0.0,0.0,0.0,0.0,0.0,0,0,,,0.0,,
fractal_plain_uniswap_v2_lp,203,sideways,2025-04-05 01:00:00+00:00,2025-04-06 16:00:00+00:00,40,76177.19902453876,74242.39707787667,-0.025398701598871254,-0.02405491982695196,-0.9951676540158088,0.24323583887844588,-4.091369341806294,-0.025398701598871254,17.159092356581368,0.0,0.0,0.0,0.0,0.0,0,0,,,0.0,,
fractal_plain_uniswap_v2_lp,204,downtrend,2025-04-06 17:00:00+00:00,2025-04-07 17:00:00+00:00,25,73140.07734794803,70801.08015645455,-0.03197969261594025,-0.046352448962718173,-0.9999999400872291,1.0575593647208226,-0.9455733393758107,-0.07486148432239459,227.5516707383963,0.0,0.0,0.0,0.0,0.0,0,0,,,0.0,,
fractal_plain_uniswap_v2_lp,205,high_vol_chop,2025-04-07 18:00:00+00:00,2025-04-08 05:00:00+00:00,12,70551.89809462316,71354.67431695295,0.011378520550263893,0.007819007270440936,293.61693609451686,0.5055359988448394,580.8032202759802,-0.010215037119456483,15.786257805069908,0.0,0.0,0.0,0.0,0.0,0,0,,,0.0,,
fractal_plain_uniswap_v2_lp,206,uptrend,2025-04-08 06:00:00+00:00,2025-04-08 07:00:00+00:00,2,71165.09676318191,70908.52107732871,-0.0036053584906518,-0.006252614056402983,-0.9999999999988282,0.062774811601309,-15.92995621157668,-0.0036053584906518,1.0159890021845968,0.0,0.0,0.0,0.0,0.0,0,0,,,0.0,,
fractal_plain_uniswap_v2_lp,208,uptrend,2025-04-08 09:00:00+00:00,2025-04-08 11:00:00+00:00,3,70954.37264952008,71288.23316037486,0.004705284514372243,0.006786940290257171,378193699.98923385,0.20213240994339673,1871019595.9922493,0.0,2.924746760713788,0.0,0.0,0.0,0.0,0.0,0,0,,,0.0,,
fractal_plain_uniswap_v2_lp,209,high_vol_chop,2025-04-08 12:00:00+00:00,2025-04-08 16:00:00+00:00,5,71011.53150244274,69021.77261294128,-0.02802022217240896,-0.03179291233568371,-1.0,0.5473239975636864,-1.8270713589232679,-0.02802022217240896,11.299998521301859,0.0,0.0,0.0,0.0,0.0,0,0,,,0.0,,
fractal_plain_uniswap_v2_lp,212,downtrend,2025-04-08 19:00:00+00:00,2025-04-09 13:00:00+00:00,19,68643.03303662979,69251.03461087814,0.008857440403659211,0.005528902781237077,11.706251789608231,0.5614028560952111,20.8517852421166,-0.02068598182314474,45.839621809502205,0.0,0.0,0.0,0.0,0.0,0,0,,,0.0,,
fractal_plain_uniswap_v2_lp,213,high_vol_chop,2025-04-09 14:00:00+00:00,2025-04-09 16:00:00+00:00,3,68852.59565636827,69511.53776134277,0.009570330627231005,0.0037617221450683136,57734.096206495684,0.5724255626615374,100858.69669770946,0.0,13.953912998979831,0.0,0.0,0.0,0.0,0.0,0,0,,,0.0,,
fractal_plain_uniswap_v2_lp,214,uptrend,2025-04-09 17:00:00+00:00,2025-04-10 14:00:00+00:00,22,72481.22867228351,71187.54174539294,-0.017848578874674503,0.024111162521025076,13182.387938878264,0.9348109377279322,14101.66206539923,-0.031327671168719706,103.59272177343473,0.0,0.0,0.0,0.0,0.0,0,0,,,0.0,,
fractal_plain_uniswap_v2_lp,215,high_vol_chop,2025-04-10 15:00:00+00:00,2025-04-10 16:00:00+00:00,2,69521.27333337102,69762.8169088552,0.003474383651258961,-0.020013682192220883,-1.0,1.7790350463564695,-0.5621024734999108,0.0,22.15002815856724,0.0,0.0,0.0,0.0,0.0,0,0,,,0.0,,
fractal_plain_uniswap_v2_lp,216,downtrend,2025-04-10 17:00:00+00:00,2025-04-11 02:00:00+00:00,10,69801.52233678197,70448.97809149451,0.009275668109195001,0.009835628964577792,5290.805824962588,0.3462703796964986,15279.406311333674,-0.005399086740635939,13.641751763766024,0.0,0.0,0.0,0.0,0.0,0,0,,,0.0,,
fractal_plain_uniswap_v2_lp,217,high_vol_chop,2025-04-11 03:00:00+00:00,2025-04-11 14:00:00+00:00,12,70549.17903083208,70964.44320054636,0.005886165869241289,0.007316857149899159,203.76433490266297,0.2356863960064603,864.5570484987927,-0.0038075436684636976,16.4107477552202,0.0,0.0,0.0,0.0,0.0,0,0,,,0.0,,
fractal_plain_uniswap_v2_lp,218,sideways,2025-04-11 15:00:00+00:00,2025-04-12 13:00:00+00:00,23,71108.3153566383,72857.74045423827,0.024602257680073958,0.026679519605916413,22656.130406199303,0.3022888234155022,74948.62082630818,-0.009206601320399299,14.589939080798104,0.0,0.0,0.0,0.0,0.0,0,0,,,0.0,,
fractal_plain_uniswap_v2_lp,219,uptrend,2025-04-12 14:00:00+00:00,2025-04-12 15:00:00+00:00,2,73074.7031232922,73204.74798810901,0.001779615369732035,0.004762809438054072,1092335369.4152815,0.07930399632235034,13774026783.911612,0.0,3.268726629081357,0.0,0.0,0.0,0.0,0.0,0,0,,,0.0,,
fractal_plain_uniswap_v2_lp,220,sideways,2025-04-12 16:00:00+00:00,2025-04-12 17:00:00+00:00,2,72895.60733562334,72731.48479862722,-0.0022514736209064967,-0.00646492478272942,-0.9999999999995404,0.13047599735398258,-7.664244920746083,-0.0022514736209064967,2.8775518386078143,0.0,0.0,0.0,0.0,0.0,0,0,,,0.0,,
fractal_plain_uniswap_v2_lp,222,sideways,2025-04-12 19:00:00+00:00,2025-04-12 21:00:00+00:00,3,72779.93116062372,73015.59937918873,0.003238093452505364,-0.00028304092518460777,-0.5624640859845706,0.3031760837357917,-1.8552389721965674,0.0,1.767675549568139,0.0,0.0,0.0,0.0,0.0,0,0,,,0.0,,
fractal_plain_uniswap_v2_lp,228,sideways,2025-04-13 03:00:00+00:00,2025-04-13 16:00:00+00:00,14,72491.08132757402,71826.88056005415,-0.0091625170345917,-0.008082751474402072,-0.9937679073517571,0.3697533109801423,-2.6876511388565434,-0.016776856722400146,8.614482428446081,0.0,0.0,0.0,0.0,0.0,0,0,,,0.0,,
fractal_plain_uniswap_v2_lp,229,high_vol_chop,2025-04-13 17:00:00+00:00,2025-04-14 12:00:00+00:00,20,72854.86633345304,73588.63227879159,0.01007161199061346,0.02452774929108137,40680.02398206772,0.5641958695760583,72102.66181607294,-0.017207575317313872,23.082272174739956,0.0,0.0,0.0,0.0,0.0,0,0,,,0.0,,
fractal_plain_uniswap_v2_lp,230,uptrend,2025-04-14 13:00:00+00:00,2025-04-14 14:00:00+00:00,2,73256.81756907798,73680.45124153922,0.005782856620297316,0.001247732970491855,234.48889795646298,0.6811344209546958,344.262293524672,0.0,3.2877686894548788,0.0,0.0,0.0,0.0,0.0,0,0,,,0.0,,
fractal_plain_uniswap_v2_lp,231,high_vol_chop,2025-04-14 15:00:00+00:00,2025-04-15 09:00:00+00:00,19,72611.75286182277,72912.98937278928,0.00414859164107706,-0.010416085349885584,-0.9919938839335083,0.36350379706694746,-2.728978051777572,-0.007418474115836626,11.960854141338586,0.0,0.0,0.0,0.0,0.0,0,0,,,0.0,,
fractal_plain_uniswap_v2_lp,232,sideways,2025-04-15 10:00:00+00:00,2025-04-16 16:00:00+00:00,31,72637.20754958258,71764.65665285112,-0.012012451003652114,-0.015749357279359,-0.9887330529644816,0.2383420578799742,-4.148378434587461,-0.02133347483260073,25.907565511080065,0.0,0.0,0.0,0.0,0.0,0,0,,,0.0,,
fractal_plain_uniswap_v2_lp,233,high_vol_chop,2025-04-16 17:00:00+00:00,2025-04-17 16:00:00+00:00,24,70780.23857239148,72114.72525269652,0.018853944366691744,0.0048780084260531265,4.907038256725792,0.4463054164436761,10.994798799053028,-0.010563757432538456,28.27395627843589,0.0,0.0,0.0,0.0,0.0,0,0,,,0.0,,
fractal_plain_uniswap_v2_lp,234,sideways,2025-04-17 17:00:00+00:00,2025-04-22 06:00:00+00:00,110,72297.11937001013,71606.42169339559,-0.009553598851976486,-0.007048540468257758,-0.4306772149536966,0.22211933150971283,-1.9389452148376556,-0.026734037298055346,64.85901398668375,0.0,0.0,0.0,0.0,0.0,0,0,,,0.0,,
fractal_plain_uniswap_v2_lp,235,high_vol_chop,2025-04-22 07:00:00+00:00,2025-04-22 15:00:00+00:00,9,72426.17481556538,74208.69379211757,0.024611530031668938,0.03634132298726511,1228590372198024.5,0.3936561883846929,3120973093905508.0,-0.00025648581588777475,17.076187183497495,0.0,0.0,0.0,0.0,0.0,0,0,,,0.0,,
fractal_plain_uniswap_v2_lp,236,uptrend,2025-04-22 16:00:00+00:00,2025-04-23 20:00:00+00:00,29,74184.39218254667,76375.85850949016,0.02954080046313412,0.029203649958366107,5972.929746387174,0.399819675641969,14939.059056552836,-0.008469425761313598,56.67675944161647,0.0,0.0,0.0,0.0,0.0,0,0,,,0.0,,
fractal_plain_uniswap_v2_lp,237,sideways,2025-04-23 21:00:00+00:00,2025-05-01 13:00:00+00:00,185,76390.02357056442,77411.35588312279,0.01336996985758132,0.01355791468457257,0.8920720082181715,0.2671702261675723,3.3389649026933617,-0.026067636820415463,204.26292452462576,0.0,0.0,0.0,0.0,0.0,0,0,,,0.0,,
fractal_plain_uniswap_v2_lp,238,uptrend,2025-05-01 14:00:00+00:00,2025-05-01 16:00:00+00:00,3,77655.43912028108,78034.74820391873,0.004884514052520439,0.008052982843203882,14839129111.747225,0.09189154518119733,161485249622.1119,0.0,4.833105345563581,0.0,0.0,0.0,0.0,0.0,0,0,,,0.0,,
fractal_plain_uniswap_v2_lp,239,sideways,2025-05-01 17:00:00+00:00,2025-05-08 05:00:00+00:00,157,77867.28332376695,78873.01759786517,0.012916005685166043,0.01074225794585626,0.8151724562173741,0.24288672526432087,3.3561836503426226,-0.025616517919843096,114.44997336644428,0.0,0.0,0.0,0.0,0.0,0,0,,,0.0,,
fractal_plain_uniswap_v2_lp,240,high_vol_chop,2025-05-08 06:00:00+00:00,2025-05-08 07:00:00+00:00,2,79035.99162907843,79581.94758840452,0.006907687853001221,0.008988244803233458,1.0498967474856451e+17,0.3204117197669586,3.2767114394231725e+17,0.0,3.4854043927334715,0.0,0.0,0.0,0.0,0.0,0,0,,,0.0,,
fractal_plain_uniswap_v2_lp,241,uptrend,2025-05-08 08:00:00+00:00,2025-05-10 05:00:00+00:00,46,79762.71728101512,87916.8301809027,0.10222962779915723,0.10473333268501994,172871980.89807573,0.6380301230730643,270946425.01429236,-0.022314081542438302,136.58351370178752,0.0,0.0,0.0,0.0,0.0,0,0,,,0.0,,
fractal_plain_uniswap_v2_lp,242,high_vol_chop,2025-05-10 06:00:00+00:00,2025-05-10 13:00:00+00:00,8,88130.17579724125,89605.62850346956,0.016741742460866682,0.01920904471978635,1117582537.0077088,0.5123011012683658,2181495480.3742847,-0.005879179463399442,17.079041156906897,0.0,0.0,0.0,0.0,0.0,0,0,,,0.0,,
fractal_plain_uniswap_v2_lp,243,uptrend,2025-05-10 14:00:00+00:00,2025-05-10 16:00:00+00:00,3,89575.2013784428,90106.64855175756,0.005932972129970127,0.0055913903697311085,11773764.96914457,0.3313905772824824,35528363.73832209,-1.5591916942669926e-05,8.763945213743682,0.0,0.0,0.0,0.0,0.0,0,0,,,0.0,,
fractal_plain_uniswap_v2_lp,245,uptrend,2025-05-10 18:00:00+00:00,2025-05-11 06:00:00+00:00,13,90655.69656688232,91038.45960078372,0.004222161964405835,0.010985569627871117,1574.327391557687,0.4956441352921471,3176.326076429276,-0.014043537608442458,28.154601387518596,0.0,0.0,0.0,0.0,0.0,0,0,,,0.0,,
fractal_plain_uniswap_v2_lp,246,high_vol_chop,2025-05-11 07:00:00+00:00,2025-05-11 10:00:00+00:00,4,90209.31455785046,90840.85526747028,0.0070008370279193155,-0.0021705588405159792,-0.9914231643567546,0.6429989961551531,-1.5418735803399732,-0.002095659943451622,5.99382634874928,0.0,0.0,0.0,0.0,0.0,0,0,,,0.0,,
fractal_plain_uniswap_v2_lp,248,high_vol_chop,2025-05-11 12:00:00+00:00,2025-05-12 06:00:00+00:00,19,91131.4110695224,91029.28187131888,-0.0011206805316072987,-0.0024040390032979975,-0.6703497228306361,0.3786749671814648,-1.770250956434091,-0.01274205635080572,25.160960953948234,0.0,0.0,0.0,0.0,0.0,0,0,,,0.0,,
fractal_plain_uniswap_v2_lp,249,sideways,2025-05-12 07:00:00+00:00,2025-05-12 10:00:00+00:00,4,91631.56787929506,91814.51847743012,0.001996589192668319,0.008626197965850846,147650527.8011209,0.5014497527507847,294447304.02430105,-0.00462128123384542,15.531033190689413,0.0,0.0,0.0,0.0,0.0,0,0,,,0.0,,
fractal_plain_uniswap_v2_lp,250,high_vol_chop,2025-05-12 11:00:00+00:00,2025-05-12 12:00:00+00:00,2,91274.16252752072,91715.23929248806,0.004832438367586622,-0.0010813015913868629,-0.9912496658814798,0.7093167094780412,-1.397471189718486,0.0,2.823312165779498,0.0,0.0,0.0,0.0,0.0,0,0,,,0.0,,
fractal_plain_uniswap_v2_lp,252,high_vol_chop,2025-05-12 14:00:00+00:00,2025-05-13 13:00:00+00:00,24,90998.0281708078,91750.88089953044,0.008273286178349881,-0.0021639994213528135,-0.5464798833719944,0.42806978401305734,-1.2766140096338245,-0.016671864082443477,34.546173807982996,0.0,0.0,0.0,0.0,0.0,0,0,,,0.0,,
fractal_plain_uniswap_v2_lp,253,sideways,2025-05-13 14:00:00+00:00,2025-05-13 15:00:00+00:00,2,91655.48496588792,92008.291342194,0.003849266374373439,0.0028055364715837694,213424.7661905565,0.3235612968098027,659611.542835461,0.0,2.921150923625646,0.0,0.0,0.0,0.0,0.0,0,0,,,0.0,,
fractal_plain_uniswap_v2_lp,255,uptrend,2025-05-13 17:00:00+00:00,2025-05-14 08:00:00+00:00,16,92843.00505719736,92742.35833309016,-0.0010840528486253387,0.0029297649034092377,3.961465321147034,0.40312802575892154,9.82681696140885,-0.016370656531929706,28.136277026932476,0.0,0.0,0.0,0.0,0.0,0,0,,,0.0,,
fractal_plain_uniswap_v2_lp,256,high_vol_chop,2025-05-14 09:00:00+00:00,2025-05-14 17:00:00+00:00,9,92741.36438233052,92383.08286836107,-0.003863233157670787,-0.003873909087352967,-0.9771299538316862,0.24391101522417602,-4.00609194682584,-0.008393360910729508,12.536129952168267,0.0,0.0,0.0,0.0,0.0,0,0,,,0.0,,
fractal_plain_uniswap_v2_lp,257,sideways,2025-05-14 18:00:00+00:00,2025-05-15 00:00:00+00:00,7,92747.20507557724,93316.42235987424,0.00613729851841005,0.010102926450756167,290584.06361100276,0.2388061549182556,1216819.8248930015,-0.0020619898560236827,5.7829982218554505,0.0,0.0,0.0,0.0,0.0,0,0,,,0.0,,
fractal_plain_uniswap_v2_lp,259,sideways,2025-05-15 02:00:00+00:00,2025-05-15 06:00:00+00:00,5,92505.19064513764,92077.54886145034,-0.004622895004106176,-0.0015270283112530647,-0.9312582365188267,0.25804570881340594,-3.6088886763554897,-0.004622895004106176,2.8807682790729814,0.0,0.0,0.0,0.0,0.0,0,0,,,0.0,,
fractal_plain_uniswap_v2_lp,260,high_vol_chop,2025-05-15 07:00:00+00:00,2025-05-15 11:00:00+00:00,5,91413.394423299,91917.95168121746,0.005519511239042707,-0.001733290929290865,-0.9521345111585119,0.5068975697051019,-1.8783568280124834,-0.004162833761109264,6.4928223932993205,0.0,0.0,0.0,0.0,0.0,0,0,,,0.0,,
fractal_plain_uniswap_v2_lp,262,high_vol_chop,2025-05-15 13:00:00+00:00,2025-05-16 14:00:00+00:00,26,91330.73559701424,92400.48517150246,0.011712919725166415,0.0057484529100386705,5.898064887132685,0.4527804645607525,13.026323679521964,-0.012245269534157388,41.252245516233415,0.0,0.0,0.0,0.0,0.0,0,0,,,0.0,,
fractal_plain_uniswap_v2_lp,263,sideways,2025-05-16 15:00:00+00:00,2025-05-17 08:00:00+00:00,18,92627.49603913708,90689.28191844544,-0.02092482473965085,-0.01851941848444727,-0.9998880305300293,0.31127691937162,-3.2122138465920322,-0.023784813498558766,16.871053236385706,0.0,0.0,0.0,0.0,0.0,0,0,,,0.0,,
fractal_plain_uniswap_v2_lp,264,downtrend,2025-05-17 09:00:00+00:00,2025-05-17 11:00:00+00:00,3,90551.57515602616,90594.85838726965,0.00047799534319437065,-0.0010411763019659848,-0.9522520245257929,0.11182706532569871,-8.515398501716366,-0.0003915533372552682,0.9827087105923056,0.0,0.0,0.0,0.0,0.0,0,0,,,0.0,,
fractal_plain_uniswap_v2_lp,267,sideways,2025-05-17 14:00:00+00:00,2025-05-18 16:00:00+00:00,27,90573.20379704828,92334.25626977114,0.019443415920992857,0.0244855009181828,2560.850412128309,0.2635755576519321,9715.81141643669,-0.005593936706990488,15.918575780587162,0.0,0.0,0.0,0.0,0.0,0,0,,,0.0,,
fractal_plain_uniswap_v2_lp,268,high_vol_chop,2025-05-18 17:00:00+00:00,2025-05-19 04:00:00+00:00,12,90883.2728096923,88418.35934366909,-0.027121750678859136,-0.04241001210494466,-0.9999999999999818,0.7343546860807205,-1.361739795434575,-0.028971815512800814,31.018846565180866,0.0,0.0,0.0,0.0,0.0,0,0,,,0.0,,
fractal_plain_uniswap_v2_lp,269,downtrend,2025-05-19 05:00:00+00:00,2025-05-19 06:00:00+00:00,2,88792.14996748486,88340.22292806518,-0.005089718399488796,-0.0008837125703747839,-0.9791910551202555,0.6166296313562059,-1.5879727559745023,-0.005089718399488796,4.215584879723792,0.0,0.0,0.0,0.0,0.0,0,0,,,0.0,,
fractal_plain_uniswap_v2_lp,270,high_vol_chop,2025-05-19 07:00:00+00:00,2025-05-19 19:00:00+00:00,13,89247.49198389721,91352.24667346654,0.02358334831357589,0.03409572271346906,6481862942.89842,0.4056324468569666,15979646088.775644,-0.004262962827964345,17.32232134728929,0.0,0.0,0.0,0.0,0.0,0,0,,,0.0,,
fractal_plain_uniswap_v2_lp,272,high_vol_chop,2025-05-19 21:00:00+00:00,2025-05-20 01:00:00+00:00,5,91325.36061785776,91830.21183696129,0.005528050649764582,0.003734135423138607,684.4124980053001,0.35725251880358677,1915.7667531564193,-0.003018187294163588,6.184487981764505,0.0,0.0,0.0,0.0,0.0,0,0,,,0.0,,
fractal_plain_uniswap_v2_lp,273,uptrend,2025-05-20 02:00:00+00:00,2025-05-20 09:00:00+00:00,8,92293.75701345906,91621.83573233584,-0.00728024627955326,-0.0022691454201954064,-0.9168856240225,0.29553448589751147,-3.102465762119102,-0.007413892226255214,5.915080036545078,0.0,0.0,0.0,0.0,0.0,0,0,,,0.0,,
fractal_plain_uniswap_v2_lp,274,sideways,2025-05-20 10:00:00+00:00,2025-05-20 18:00:00+00:00,9,91300.1180222938,90187.03335160202,-0.012191492133887372,-0.015660048385468195,-0.9999997872305495,0.40064287086268774,-2.4959879732223644,-0.012547195531820932,7.228086099097709,0.0,0.0,0.0,0.0,0.0,0,0,,,0.0,,
fractal_plain_uniswap_v2_lp,275,high_vol_chop,2025-05-20 19:00:00+00:00,2025-05-20 21:00:00+00:00,3,91094.20114288136,91242.8751189558,0.0016320904537188152,0.01170724579926552,575694887463294.0,0.533795114637411,1078494110712017.4,-0.001197634054720731,4.929586075148109,0.0,0.0,0.0,0.0,0.0,0,0,,,0.0,,
fractal_plain_uniswap_v2_lp,276,sideways,2025-05-20 22:00:00+00:00,2025-05-21 06:00:00+00:00,9,91246.19227280268,92896.77944266835,0.01808938136213767,0.018126394214960095,39232964.478468694,0.2288919543642984,171403859.90163088,-0.0010399353402461564,9.86225215473678,0.0,0.0,0.0,0.0,0.0,0,0,,,0.0,,
fractal_plain_uniswap_v2_lp,277,high_vol_chop,2025-05-21 07:00:00+00:00,2025-05-22 08:00:00+00:00,26,92059.90687202568,93970.81068002798,0.020757177287379802,0.011561555134669943,47.086843846087596,0.6169091834558899,76.32702690906594,-0.025412140340082212,48.27892287726445,0.0,0.0,0.0,0.0,0.0,0,0,,,0.0,,
fractal_plain_uniswap_v2_lp,278,uptrend,2025-05-22 09:00:00+00:00,2025-05-22 10:00:00+00:00,2,94110.14792034864,93974.72238429356,-0.0014390109786002192,4.162680131503116e-05,0.20000004591176324,0.193368147338719,1.0342967477545684,-0.0014390109786002192,2.1850501776461897,0.0,0.0,0.0,0.0,0.0,0,0,,,0.0,,
fractal_plain_uniswap_v2_lp,279,high_vol_chop,2025-05-22 11:00:00+00:00,2025-05-22 16:00:00+00:00,6,93941.72315405986,93819.2901226789,-0.0013032870514859685,-0.0016539794709796718,-0.91079420324767,0.23701109184515182,-3.8428336672223167,-0.0034472986601898903,8.2031729410337,0.0,0.0,0.0,0.0,0.0,0,0,,,0.0,,
fractal_plain_uniswap_v2_lp,280,uptrend,2025-05-22 17:00:00+00:00,2025-05-22 18:00:00+00:00,2,94000.8636804018,94035.53395201344,0.0003688292878831767,0.0023048973089840885,23951.6339067367,0.10367507605329643,231025.95935809918,0.0,1.3237252753715438,0.0,0.0,0.0,0.0,0.0,0,0,,,0.0,,
fractal_plain_uniswap_v2_lp,282,uptrend,2025-05-22 20:00:00+00:00,2025-05-22 21:00:00+00:00,2,93618.76858774538,93605.01552581822,-0.0001469049650473231,0.0010345507860305414,91.6649325549398,0.08792448390967461,1042.5416047833476,-0.0001469049650473231,0.8065138031215611,0.0,0.0,0.0,0.0,0.0,0,0,,,0.0,,
fractal_plain_uniswap_v2_lp,283,sideways,2025-05-22 22:00:00+00:00,2025-05-23 10:00:00+00:00,13,93668.78058317046,94088.54704087324,0.00448139129269487,0.005165658189775879,31.19783715724082,0.30683399932992905,101.67659785216551,-0.011103484970545474,11.341147856860516,0.0,0.0,0.0,0.0,0.0,0,0,,,0.0,,
fractal_plain_uniswap_v2_lp,284,high_vol_chop,2025-05-23 11:00:00+00:00,2025-05-23 22:00:00+00:00,12,92210.3447688218,91834.9874746308,-0.004070663602137481,-0.023951475892846297,-0.9999999793875965,0.6004585139271386,-1.665393955108345,-0.009117381419322501,19.249926679976852,0.0,0.0,0.0,0.0,0.0,0,0,,,0.0,,
fractal_plain_uniswap_v2_lp,285,downtrend,2025-05-23 23:00:00+00:00,2025-05-24 05:00:00+00:00,7,91510.56462452756,92068.04344155653,0.006091961286834202,0.0025377688104994967,22.850696795691128,0.18389936989251843,124.2565257784538,-0.0009191365829308573,3.4817587927072964,0.0,0.0,0.0,0.0,0.0,0,0,,,0.0,,
fractal_plain_uniswap_v2_lp,286,high_vol_chop,2025-05-24 06:00:00+00:00,2025-05-24 10:00:00+00:00,5,91956.45055706726,92396.2904790232,0.004783132877480778,0.0035652657012856803,509.4215553458838,0.14325837623297835,3555.9634887765396,0.0,1.6248684797292299,0.0,0.0,0.0,0.0,0.0,0,0,,,0.0,,
fractal_plain_uniswap_v2_lp,287,sideways,2025-05-24 11:00:00+00:00,2025-05-27 15:00:00+00:00,77,92413.36821428826,94164.76676427416,0.018951787861738234,0.019140122142159877,7.6444971508454636,0.22136192479314692,34.533929708051254,-0.018546393627102753,47.08117260135805,0.0,0.0,0.0,0.0,0.0,0,0,,,0.0,,
fractal_plain_uniswap_v2_lp,288,uptrend,2025-05-27 16:00:00+00:00,2025-05-27 19:00:00+00:00,4,94308.61261541543,94457.32085396416,0.0015768256411019532,0.0031068317773499388,890.9535444379627,0.3577745192511434,2490.2655066180077,-0.004042524860638275,5.245593640966945,0.0,0.0,0.0,0.0,0.0,0,0,,,0.0,,
fractal_plain_uniswap_v2_lp,289,sideways,2025-05-27 20:00:00+00:00,2025-05-29 12:00:00+00:00,41,94317.35403696825,94765.51095892626,0.004751584971121492,0.003262744509116011,1.005670529600538,0.2888085510338561,3.482135573896655,-0.012484029126535567,40.118447441570424,0.0,0.0,0.0,0.0,0.0,0,0,,,0.0,,
fractal_plain_uniswap_v2_lp,290,high_vol_chop,2025-05-29 13:00:00+00:00,2025-05-29 22:00:00+00:00,10,94200.5008462509,93992.4320421438,-0.002208786601322843,-0.00815780877409611,-0.9992349342813837,0.2438442207522125,-4.097841364453651,-0.004977837803991858,16.385478636476364,0.0,0.0,0.0,0.0,0.0,0,0,,,0.0,,
fractal_plain_uniswap_v2_lp,295,sideways,2025-05-30 03:00:00+00:00,2025-05-30 15:00:00+00:00,13,93654.95199985991,93205.92267381608,-0.004794507033055839,-0.0035059390334561957,-0.9062022644845312,0.2514286688620548,-3.6042121552244906,-0.011507773916890174,17.248385163529747,0.0,0.0,0.0,0.0,0.0,0,0,,,0.0,,
fractal_plain_uniswap_v2_lp,296,high_vol_chop,2025-05-30 16:00:00+00:00,2025-05-30 23:00:00+00:00,8,92154.56980343124,91775.00422004607,-0.004118792851996234,-0.015352226690332649,-0.9999999560874235,0.4748096991099644,-2.106106842303208,-0.010643201349409548,12.095637552712105,0.0,0.0,0.0,0.0,0.0,0,0,,,0.0,,
fractal_plain_uniswap_v2_lp,297,sideways,2025-05-31 00:00:00+00:00,2025-05-31 01:00:00+00:00,2,91755.48951600016,91175.99713494912,-0.006315615382881057,-0.006526908826511413,-0.9999999999996503,0.40390472296409297,-2.4758314105887544,-0.006315615382881057,3.953726758293669,0.0,0.0,0.0,0.0,0.0,0,0,,,0.0,,
fractal_plain_uniswap_v2_lp,299,sideways,2025-05-31 03:00:00+00:00,2025-06-03 08:00:00+00:00,78,91470.14545508374,93201.17380700742,0.01892451731995659,0.021917297152250992,10.414612471944032,0.21427373614730674,48.604241747968125,-0.013002843043586787,58.988293079260075,0.0,0.0,0.0,0.0,0.0,0,0,,,0.0,,
fractal_plain_uniswap_v2_lp,300,uptrend,2025-06-03 09:00:00+00:00,2025-06-03 10:00:00+00:00,2,93376.46646392578,93398.30394675831,0.00023386495183963518,0.0021151036161743964,10449.13639253435,0.10899666592873605,95866.56897712982,0.0,1.3584763777762419,0.0,0.0,0.0,0.0,0.0,0,0,,,0.0,,
fractal_plain_uniswap_v2_lp,301,sideways,2025-06-03 11:00:00+00:00,2025-06-05 19:00:00+00:00,57,93356.172977725,91943.8053605066,-0.015128808006679928,-0.015573072794564213,-0.9103791205975325,0.26773322897811486,-3.4003217459120436,-0.02599737270252145,59.273123089483306,0.0,0.0,0.0,0.0,0.0,0,0,,,0.0,,
fractal_plain_uniswap_v2_lp,302,downtrend,2025-06-05 20:00:00+00:00,2025-06-06 09:00:00+00:00,14,89713.44130409023,90964.05839676276,0.013940130648131932,-0.010655932282792824,-0.9987732023464592,0.6644681984115196,-1.5031166348278675,-0.0024235757915589407,22.789974496306968,0.0,0.0,0.0,0.0,0.0,0,0,,,0.0,,
fractal_plain_uniswap_v2_lp,304,downtrend,2025-06-06 11:00:00+00:00,2025-06-06 12:00:00+00:00,2,91124.01004379608,91035.61625519054,-0.000970038396719497,-0.00040642874176821664,-0.8314494780598699,0.10153545159987404,-8.188760329115446,-0.000970038396719497,1.731940254343499,0.0,0.0,0.0,0.0,0.0,0,0,,,0.0,,
fractal_plain_uniswap_v2_lp,305,high_vol_chop,2025-06-06 13:00:00+00:00,2025-06-06 19:00:00+00:00,7,91603.40241426443,91306.5251353538,-0.003240897947960897,0.002975855948554207,40.20423232659372,0.26840748744775117,149.78804320583632,-0.0045535284957674005,6.59845652162312,0.0,0.0,0.0,0.0,0.0,0,0,,,0.0,,
fractal_plain_uniswap_v2_lp,306,sideways,2025-06-06 20:00:00+00:00,2025-06-09 21:00:00+00:00,74,91440.63527361244,94009.08982863568,0.028088765430574814,0.029598812234672867,30.59520592658612,0.19482535823040828,157.0391359958543,-0.010950878365155292,39.4265231348254,0.0,0.0,0.0,0.0,0.0,0,0,,,0.0,,
fractal_plain_uniswap_v2_lp,307,uptrend,2025-06-09 22:00:00+00:00,2025-06-10 20:00:00+00:00,23,94353.82185378297,96238.56945055116,0.019975318007668275,0.023715575014920942,7532.376470703657,0.3768746580741512,19986.423362065485,-0.009106761612062586,29.548075506467285,0.0,0.0,0.0,0.0,0.0,0,0,,,0.0,,
fractal_plain_uniswap_v2_lp,309,uptrend,2025-06-10 22:00:00+00:00,2025-06-10 23:00:00+00:00,2,96901.32203420725,97004.6131652526,0.0010659414017992752,0.006358385381638021,1139444355493.2715,0.27934360812105824,4079006364804.5747,0.0,5.116234480222374,0.0,0.0,0.0,0.0,0.0,0,0,,,0.0,,
fractal_plain_uniswap_v2_lp,310,sideways,2025-06-11 00:00:00+00:00,2025-06-11 15:00:00+00:00,16,96883.35023335463,98056.7254632476,0.012111216499705701,0.010846002717444625,366.3131170659564,0.2925733350769692,1252.0386280916134,-0.006865642812895145,21.435486107337965,0.0,0.0,0.0,0.0,0.0,0,0,,,0.0,,
fractal_plain_uniswap_v2_lp,312,sideways,2025-06-11 17:00:00+00:00,2025-06-12 14:00:00+00:00,22,97505.33969631536,96248.38336062594,-0.012891153854796777,-0.018288790092141793,-0.9993572012141952,0.23991782359822328,-4.165414583319003,-0.018304157691981682,28.165233362719846,0.0,0.0,0.0,0.0,0.0,0,0,,,0.0,,
fractal_plain_uniswap_v2_lp,314,sideways,2025-06-12 16:00:00+00:00,2025-06-12 19:00:00+00:00,4,95793.14314963162,95156.3909365001,-0.006647158577278267,-0.004615381745783909,-0.9999601776982794,0.5257521489974623,-1.9019611800067147,-0.011732597006597123,6.0715704113326865,0.0,0.0,0.0,0.0,0.0,0,0,,,0.0,,
fractal_plain_uniswap_v2_lp,315,downtrend,2025-06-12 20:00:00+00:00,2025-06-12 21:00:00+00:00,2,93963.4779184852,94113.83345882244,0.0016001487351040566,-0.010956252831965774,-1.0,0.9355750995753277,-1.0688612816372687,0.0,4.6391838387799,0.0,0.0,0.0,0.0,0.0,0,0,,,0.0,,
fractal_plain_uniswap_v2_lp,316,sideways,2025-06-12 22:00:00+00:00,2025-06-12 23:00:00+00:00,2,94145.82170624136,94303.71096564372,0.0016770713404044013,0.0020175302592932987,6820.811076622072,0.0884968311213306,77074.07135596334,0.0,1.622914181170927,0.0,0.0,0.0,0.0,0.0,0,0,,,0.0,,
fractal_plain_uniswap_v2_lp,317,downtrend,2025-06-13 00:00:00+00:00,2025-06-13 19:00:00+00:00,20,92090.9872899724,92196.2467402433,0.0011429940471747724,-0.022347627721333807,-0.9999497897028254,0.5862880278643073,-1.7055606496782456,-0.011227243768114792,41.88260292500672,0.0,0.0,0.0,0.0,0.0,0,0,,,0.0,,
fractal_plain_uniswap_v2_lp,318,high_vol_chop,2025-06-13 20:00:00+00:00,2025-06-13 23:00:00+00:00,4,92440.6426205716,93019.09445360868,0.00625754880795637,0.008924958905145886,282433423.7146753,0.06098789806015789,4630974876.951582,0.0,2.9490975645976505,0.0,0.0,0.0,0.0,0.0,0,0,,,0.0,,
fractal_plain_uniswap_v2_lp,319,sideways,2025-06-14 00:00:00+00:00,2025-06-16 19:00:00+00:00,68,92863.70202748117,94553.52042527306,0.01819675891546768,0.01649581712956305,7.229395547564382,0.20315106694464977,35.58630361283848,-0.013145179450925859,51.208923308786325,0.0,0.0,0.0,0.0,0.0,0,0,,,0.0,,
fractal_plain_uniswap_v2_lp,320,uptrend,2025-06-16 20:00:00+00:00,2025-06-16 21:00:00+00:00,2,94761.64718123197,94451.62245808044,-0.003271626574394615,-0.0010776750218745024,-0.9911094099059636,0.3621971294816607,-2.7363811837060594,-0.003271626574394615,2.3444040335125464,0.0,0.0,0.0,0.0,0.0,0,0,,,0.0,,
fractal_plain_uniswap_v2_lp,322,high_vol_chop,2025-06-16 23:00:00+00:00,2025-06-17 14:00:00+00:00,16,92478.67619496988,92496.09464549436,0.000188350993344244,-0.004325571799877803,-0.9068353944201548,0.26815968070806545,-3.38169926226676,-0.013029012259592743,19.11307476078491,0.0,0.0,0.0,0.0,0.0,0,0,,,0.0,,
fractal_plain_uniswap_v2_lp,323,downtrend,2025-06-17 15:00:00+00:00,2025-06-17 18:00:00+00:00,4,91716.6267574853,91510.0530220869,-0.0022523041099692387,-0.01066035952314115,-0.9999999999359603,0.5135375727245165,-1.9472771868094705,-0.006047092207164484,8.501498980712313,0.0,0.0,0.0,0.0,0.0,0,0,,,0.0,,
fractal_plain_uniswap_v2_lp,327,sideways,2025-06-17 22:00:00+00:00,2025-06-20 21:00:00+00:00,72,91763.2573082954,90323.72958990776,-0.01568740867111207,-0.018557718891361152,-0.8976205203494446,0.2605243924311013,-3.4454375345557353,-0.026860860250225937,70.06028784347382,0.0,0.0,0.0,0.0,0.0,0,0,,,0.0,,
fractal_plain_uniswap_v2_lp,329,sideways,2025-06-20 23:00:00+00:00,2025-06-21 20:00:00+00:00,22,89932.34918865877,90032.72100901042,0.0011160813795834112,0.00309249822465385,2.419438879372646,0.1606696695320224,15.058466768617068,-0.01023025697245561,14.867032081781872,0.0,0.0,0.0,0.0,0.0,0,0,,,0.0,,
fractal_plain_uniswap_v2_lp,331,high_vol_chop,2025-06-21 22:00:00+00:00,2025-06-22 00:00:00+00:00,3,87821.49924819345,88069.93086641624,0.0028288246084331448,0.004099148489066229,154051.38982114117,0.015744572530706456,9784412.344044054,0.0,14.117384717577806,0.0,0.0,0.0,0.0,0.0,0,0,,,0.0,,
fractal_plain_uniswap_v2_lp,332,downtrend,2025-06-22 01:00:00+00:00,2025-06-22 20:00:00+00:00,20,87565.24673158019,85993.0216284523,-0.017954898339375913,-0.023582501059461358,-0.9999711349258978,0.4466386467144546,-2.238881794671925,-0.02497477140422566,35.73086243450507,0.0,0.0,0.0,0.0,0.0,0,0,,,0.0,,
fractal_plain_uniswap_v2_lp,333,high_vol_chop,2025-06-22 21:00:00+00:00,2025-06-23 12:00:00+00:00,16,85826.15028746794,87376.73672711325,0.01806659665442001,0.016091016136629666,6245.040710724222,0.3011189936031489,20739.444682638295,-0.0030075227491382917,17.772026469629054,0.0,0.0,0.0,0.0,0.0,0,0,,,0.0,,
fractal_plain_uniswap_v2_lp,334,sideways,2025-06-23 13:00:00+00:00,2025-06-23 16:00:00+00:00,4,87950.82098638332,86573.71129776505,-0.015657724091415526,-0.009190380179293411,-0.9999999983458694,0.5997015226392814,-1.66749618034131,-0.015657724091415526,11.26710587616526,0.0,0.0,0.0,0.0,0.0,0,0,,,0.0,,
fractal_plain_uniswap_v2_lp,336,uptrend,2025-06-23 18:00:00+00:00,2025-06-24 19:00:00+00:00,26,88279.94172201122,90652.41000758811,0.026874375303142628,0.03461800702752993,95439.8143683804,0.39281877473159965,242961.43796485115,-0.00851076587644628,39.385232534876195,0.0,0.0,0.0,0.0,0.0,0,0,,,0.0,,
fractal_plain_uniswap_v2_lp,337,high_vol_chop,2025-06-24 20:00:00+00:00,2025-06-24 21:00:00+00:00,2,90898.1688900379,90881.09381313676,-0.00018784841443608702,0.002522644522407136,62022.57423887685,0.1918504799340495,323285.9999109605,-0.00018784841443608702,1.2732526447498458,0.0,0.0,0.0,0.0,0.0,0,0,,,0.0,,
fractal_plain_uniswap_v2_lp,338,sideways,2025-06-24 22:00:00+00:00,2025-06-30 14:00:00+00:00,137,90885.445071876,91047.44207190305,0.0017824306180040939,0.0018303945494790863,0.12404229992224369,0.22547864707086704,0.5501288105709526,-0.020108826570019667,82.11259247567159,0.0,0.0,0.0,0.0,0.0,0,0,,,0.0,,
fractal_plain_uniswap_v2_lp,339,high_vol_chop,2025-06-30 15:00:00+00:00,2025-06-30 21:00:00+00:00,7,91644.78172426892,91886.99211391954,0.0026429261447677987,0.009221017338998827,97397.55527538844,0.3571603978475189,272699.7614023546,-0.003984621369915176,5.869728663296883,0.0,0.0,0.0,0.0,0.0,0,0,,,0.0,,
fractal_plain_uniswap_v2_lp,340,sideways,2025-06-30 22:00:00+00:00,2025-07-02 15:00:00+00:00,42,91919.96762862628,91940.33343362338,0.0002215601846096149,0.0005805100208065017,0.1286730768933395,0.17308698933902053,0.7434012075934329,-0.018954965205695062,25.27962839648535,0.0,0.0,0.0,0.0,0.0,0,0,,,0.0,,
fractal_plain_uniswap_v2_lp,341,uptrend,2025-07-02 16:00:00+00:00,2025-07-03 14:00:00+00:00,23,93082.6638630312,93833.48707216012,0.008066198129371704,0.020591111298323916,2350.658217009795,0.3631589531206131,6472.808110086961,-0.007222249431184435,24.70473126213801,0.0,0.0,0.0,0.0,0.0,0,0,,,0.0,,
fractal_plain_uniswap_v2_lp,342,sideways,2025-07-03 15:00:00+00:00,2025-07-09 18:00:00+00:00,148,93430.44084358834,95999.26496988774,0.027494509317363303,0.02308107654639402,2.8598278086381557,0.2234358361719835,12.799324663555236,-0.02280470606554985,79.5973907803409,0.0,0.0,0.0,0.0,0.0,0,0,,,0.0,,
fractal_plain_uniswap_v2_lp,343,uptrend,2025-07-09 19:00:00+00:00,2025-07-10 11:00:00+00:00,17,96985.9887029456,97199.63808285155,0.002202889126184271,0.01250398233090988,602.8212528207201,0.3070446192244151,1963.3017974502445,-0.005202052302851534,13.12292090948813,0.0,0.0,0.0,0.0,0.0,0,0,,,0.0,,
fractal_plain_uniswap_v2_lp,344,sideways,2025-07-10 12:00:00+00:00,2025-07-10 13:00:00+00:00,2,97114.053033761,97236.35781877948,0.0012593932721143286,0.0003777764676100581,4.229671476193538,0.14162201577735906,29.86591775986944,0.0,0.6823995936310894,0.0,0.0,0.0,0.0,0.0,0,0,,,0.0,,
fractal_plain_uniswap_v2_lp,347,uptrend,2025-07-10 16:00:00+00:00,2025-07-10 17:00:00+00:00,2,97642.66824361024,97998.13976479595,0.003640534692260111,0.010247868166801233,2.4796413390692934e+19,0.19476122469191567,1.2731699253748944e+20,0.0,2.752129221944415,0.0,0.0,0.0,0.0,0.0,0,0,,,0.0,,
fractal_plain_uniswap_v2_lp,348,sideways,2025-07-10 18:00:00+00:00,2025-07-10 20:00:00+00:00,3,97735.9545734246,97866.49097408452,0.0013356026574831148,-0.0013433805072973204,-0.9802639479674914,0.1862711196234482,-5.262565393653723,0.0,2.565872309644874,0.0,0.0,0.0,0.0,0.0,0,0,,,0.0,,
fractal_plain_uniswap_v2_lp,349,uptrend,2025-07-10 21:00:00+00:00,2025-07-11 20:00:00+00:00,24,100714.00847172573,100727.30175825753,0.00013199044237754975,0.02923177029950441,36923.276176964835,0.6645957293727902,55557.49840856041,-0.011365809399171867,42.7156010977169,0.0,0.0,0.0,0.0,0.0,0,0,,,0.0,,
fractal_plain_uniswap_v2_lp,350,sideways,2025-07-11 21:00:00+00:00,2025-07-15 14:00:00+00:00,90,100455.83216001076,100574.4749571198,0.001181044390932584,-0.0015172331480148848,-0.1373873273736399,0.2637441163718579,-0.5209114397074733,-0.019396821376075457,68.25271287313717,0.0,0.0,0.0,0.0,0.0,0,0,,,0.0,,
fractal_plain_uniswap_v2_lp,351,high_vol_chop,2025-07-15 15:00:00+00:00,2025-07-16 00:00:00+00:00,10,101730.98789303268,103419.01223177076,0.016593020216347343,0.028282894599884312,40798819492.75204,0.46345969668092024,88030997700.41266,-0.00767770507195642,14.41035857787756,0.0,0.0,0.0,0.0,0.0,0,0,,,0.0,,
fractal_plain_uniswap_v2_lp,354,uptrend,2025-07-16 03:00:00+00:00,2025-07-16 12:00:00+00:00,10,102991.7481504466,103925.09896424905,0.009062384419759928,0.008322456322289229,1421.6856953050124,0.1595266675925786,8911.899914664495,-0.002914610846674548,5.485221472016747,0.0,0.0,0.0,0.0,0.0,0,0,,,0.0,,
fractal_plain_uniswap_v2_lp,356,uptrend,2025-07-16 14:00:00+00:00,2025-07-17 15:00:00+00:00,26,105256.54576053975,107924.17925317696,0.02534411017730065,0.0358284512464504,141521.2206830434,0.4108488828839927,344460.52205283305,-0.010031840221453647,71.9875381859465,0.0,0.0,0.0,0.0,0.0,0,0,,,0.0,,
fractal_plain_uniswap_v2_lp,357,sideways,2025-07-17 16:00:00+00:00,2025-07-18 00:00:00+00:00,9,107556.495733599,109706.90301319544,0.019993281344184544,0.01651829805289884,8422905.31281104,0.3920545553683753,21484013.378946356,-0.0032998856543635657,18.082353049645462,0.0,0.0,0.0,0.0,0.0,0,0,,,0.0,,
fractal_plain_uniswap_v2_lp,358,uptrend,2025-07-18 01:00:00+00:00,2025-07-18 06:00:00+00:00,6,111017.25055136664,111639.49069579264,0.0056048960079235766,0.017615916861354997,118162942156.55348,0.5105049001699177,231462895100.95563,-0.001974511434128745,11.24275728633802,0.0,0.0,0.0,0.0,0.0,0,0,,,0.0,,
fractal_plain_uniswap_v2_lp,359,high_vol_chop,2025-07-18 07:00:00+00:00,2025-07-18 10:00:00+00:00,4,111046.85359489666,111063.04615441505,0.0001458173644204308,-0.005163446534778404,-0.9999880794027008,0.28913625977537233,-3.45853570970166,-0.001942958662044303,5.01390440819705,0.0,0.0,0.0,0.0,0.0,0,0,,,0.0,,
fractal_plain_uniswap_v2_lp,360,uptrend,2025-07-18 11:00:00+00:00,2025-07-18 13:00:00+00:00,3,110981.28102661256,111593.24981997408,0.005514162277643786,0.004773898104882601,1095381.7837606366,0.1909208347944975,5737361.168254259,0.0,9.949981149483392,0.0,0.0,0.0,0.0,0.0,0,0,,,0.0,,
fractal_plain_uniswap_v2_lp,361,high_vol_chop,2025-07-18 14:00:00+00:00,2025-07-18 15:00:00+00:00,2,110756.27786847996,110232.83552803178,-0.004726073776781803,-0.01219082958993467,-1.0,0.18359617819639748,-5.446736472533075,-0.004726073776781803,10.795978905130141,0.0,0.0,0.0,0.0,0.0,0,0,,,0.0,,
fractal_plain_uniswap_v2_lp,362,uptrend,2025-07-18 16:00:00+00:00,2025-07-18 17:00:00+00:00,2,110470.8874449706,110855.6676943375,0.0034830918648913745,0.005650151003757431,52182322411.599754,0.08759491885104852,595723166321.2521,0.0,4.211000832540776,0.0,0.0,0.0,0.0,0.0,0,0,,,0.0,,
fractal_plain_uniswap_v2_lp,363,high_vol_chop,2025-07-18 18:00:00+00:00,2025-07-19 00:00:00+00:00,7,110600.98175789432,109893.67520159182,-0.006395120052829162,-0.00867788280702253,-0.999981673174406,0.3129047641749027,-3.1958020064387758,-0.008582072247868888,14.092033885684032,0.0,0.0,0.0,0.0,0.0,0,0,,,0.0,,
fractal_plain_uniswap_v2_lp,364,sideways,2025-07-19 01:00:00+00:00,2025-07-20 10:00:00+00:00,34,109989.7894128184,112417.6027349062,0.022073079101694093,0.022966995404279933,346.39047999747714,0.22139435555964349,1564.585868153083,-0.007138618565415977,22.766662895963236,0.0,0.0,0.0,0.0,0.0,0,0,,,0.0,,
fractal_plain_uniswap_v2_lp,365,uptrend,2025-07-20 11:00:00+00:00,2025-07-20 18:00:00+00:00,8,113263.9692316493,113176.0202034171,-0.0007764960810470178,0.006746429830027045,1574.8232115453534,0.4537336336658751,3470.8099525745924,-0.00854602142296712,10.518373719147348,0.0,0.0,0.0,0.0,0.0,0,0,,,0.0,,
fractal_plain_uniswap_v2_lp,366,sideways,2025-07-20 19:00:00+00:00,2025-07-20 20:00:00+00:00,2,113362.6056731704,113115.4462738525,-0.002180255101320361,-0.0005352187632655658,-0.9041418469427001,0.25340167255314083,-3.5680184658334984,-0.002180255101320361,2.850430803033305,0.0,0.0,0.0,0.0,0.0,0,0,,,0.0,,
fractal_plain_uniswap_v2_lp,368,sideways,2025-07-20 22:00:00+00:00,2025-07-22 12:00:00+00:00,39,113183.66642216436,112494.97021655756,-0.006084766710401701,-0.007666881211325305,-0.8224911790180668,0.2812142789678849,-2.92478455232352,-0.025845693903121858,53.960687034529656,0.0,0.0,0.0,0.0,0.0,0,0,,,0.0,,
fractal_plain_uniswap_v2_lp,369,high_vol_chop,2025-07-22 13:00:00+00:00,2025-07-23 03:00:00+00:00,15,111699.08574098667,113087.18572455886,0.012427138273906513,0.0052643732147430455,20.462985954896034,0.34838501207176703,58.736700046902925,-0.007977844880601714,17.08441869145372,0.0,0.0,0.0,0.0,0.0,0,0,,,0.0,,
fractal_plain_uniswap_v2_lp,370,sideways,2025-07-23 04:00:00+00:00,2025-07-24 06:00:00+00:00,27,113072.57558512792,110085.9363766049,-0.026413471109751896,-0.02653925224794229,-0.9998378248937465,0.28938205733270356,-3.4550788466619737,-0.026413471109751896,27.904480434759535,0.0,0.0,0.0,0.0,0.0,0,0,,,0.0,,
fractal_plain_uniswap_v2_lp,371,high_vol_chop,2025-07-24 07:00:00+00:00,2025-07-24 12:00:00+00:00,6,110786.7823761502,111558.8710311076,0.006969140527395723,0.013379862160264988,267617092.18564096,0.39358782645343854,679942503.8042941,-0.00247505586474428,12.74492411743995,0.0,0.0,0.0,0.0,0.0,0,0,,,0.0,,
fractal_plain_uniswap_v2_lp,373,high_vol_chop,2025-07-24 14:00:00+00:00,2025-07-26 01:00:00+00:00,36,112953.37826883268,112801.68558329275,-0.0013429672300627749,0.010404135557868788,11.411130515700707,0.39642155523860734,28.785343190615134,-0.019938692344736775,49.77530921364723,0.0,0.0,0.0,0.0,0.0,0,0,,,0.0,,
fractal_plain_uniswap_v2_lp,374,sideways,2025-07-26 02:00:00+00:00,2025-08-01 05:00:00+00:00,148,113241.17449772586,112388.45005240948,-0.007530162496976911,-0.003663380815157602,-0.19525569284905164,0.24516941455613528,-0.7964113027824067,-0.03224498269134024,134.35754649059163,0.0,0.0,0.0,0.0,0.0,0,0,,,0.0,,
fractal_plain_uniswap_v2_lp,375,downtrend,2025-08-01 06:00:00+00:00,2025-08-01 11:00:00+00:00,6,112090.33458105616,112049.6069957077,-0.0003633460949213907,-0.0030149277487481196,-0.9878258865113968,0.3051491072501309,-3.2371908127578934,-0.00589652431610721,6.124944422217595,0.0,0.0,0.0,0.0,0.0,0,0,,,0.0,,
fractal_plain_uniswap_v2_lp,378,sideways,2025-08-01 14:00:00+00:00,2025-08-01 15:00:00+00:00,2,111847.28440059294,111362.47363715616,-0.004334577866909828,0.0027356173382757643,157257.2568711938,0.7568228202387135,207786.09294787445,-0.004334577866909828,7.27896380313905,0.0,0.0,0.0,0.0,0.0,0,0,,,0.0,,
fractal_plain_uniswap_v2_lp,379,downtrend,2025-08-01 16:00:00+00:00,2025-08-01 23:00:00+00:00,8,111039.76193764212,109417.49266964896,-0.014609804989533348,-0.01746531757048042,-0.9999999958222836,0.4095936753764611,-2.4414439380763753,-0.01702792454625779,15.414891772088595,0.0,0.0,0.0,0.0,0.0,0,0,,,0.0,,
fractal_plain_uniswap_v2_lp,380,sideways,2025-08-02 00:00:00+00:00,2025-08-02 01:00:00+00:00,2,109722.13616301247,109829.73285846114,0.0009806288795617402,0.003767589429752194,14232420.212952299,0.11936516775810445,119234283.16872592,0.0,1.1550742433973937,0.0,0.0,0.0,0.0,0.0,0,0,,,0.0,,
fractal_plain_uniswap_v2_lp,382,sideways,2025-08-02 03:00:00+00:00,2025-08-02 06:00:00+00:00,4,110054.425088065,109274.5669006143,-0.0070861138643599775,-0.006375666380624034,-0.9999991746103523,0.35272472926946874,-2.835069649586121,-0.007582366623376635,6.920733245731753,0.0,0.0,0.0,0.0,0.0,0,0,,,0.0,,
fractal_plain_uniswap_v2_lp,383,high_vol_chop,2025-08-02 07:00:00+00:00,2025-08-02 11:00:00+00:00,5,110097.11208920926,109824.65280583552,-0.0024747178032514805,0.005033979276454437,6616.065288555354,0.4084793288815182,16196.817857763328,-0.005508041074225201,3.33979543615078,0.0,0.0,0.0,0.0,0.0,0,0,,,0.0,,
fractal_plain_uniswap_v2_lp,384,sideways,2025-08-02 12:00:00+00:00,2025-08-04 15:00:00+00:00,52,109820.81885158288,112104.7519139422,0.020796904323267862,0.020761268529915666,30.86996514700707,0.23799132297693623,129.71046490631375,-0.019762306371613247,39.69059654063858,0.0,0.0,0.0,0.0,0.0,0,0,,,0.0,,
fractal_plain_uniswap_v2_lp,385,uptrend,2025-08-04 16:00:00+00:00,2025-08-04 18:00:00+00:00,3,112631.95248702315,112599.03875375708,-0.00029222376545290363,0.004409151542428269,379427.843858569,0.27226369685324614,1393604.2456041644,-0.0009369293449830174,3.355505857861317,0.0,0.0,0.0,0.0,0.0,0,0,,,0.0,,
fractal_plain_uniswap_v2_lp,387,uptrend,2025-08-04 20:00:00+00:00,2025-08-04 23:00:00+00:00,4,112856.41178229392,113162.61893696134,0.0027132455288239044,0.00541542792816907,137006.33168063883,0.13553649943591287,1010844.5492604814,-0.00047813217852832324,2.4888748854009464,0.0,0.0,0.0,0.0,0.0,0,0,,,0.0,,
fractal_plain_uniswap_v2_lp,388,sideways,2025-08-05 00:00:00+00:00,2025-08-07 09:00:00+00:00,58,112895.68298337838,113238.09503920576,0.0030329951223890816,0.000666970267686473,0.10594694361058687,0.27428220452818,0.38626984128568137,-0.01863958222925255,50.51012010717568,0.0,0.0,0.0,0.0,0.0,0,0,,,0.0,,
fractal_plain_uniswap_v2_lp,389,uptrend,2025-08-07 10:00:00+00:00,2025-08-07 14:00:00+00:00,5,114680.0769468286,114613.23922476616,-0.0005828189502647962,0.012143830087253837,1528940345.4825947,0.6008556714901871,2544604999.218293,-0.005052570577915749,12.27510264204193,0.0,0.0,0.0,0.0,0.0,0,0,,,0.0,,
fractal_plain_uniswap_v2_lp,390,sideways,2025-08-07 15:00:00+00:00,2025-08-07 18:00:00+00:00,4,114920.87770766157,114737.847380951,-0.0015926638428237494,0.0010872056058066626,9.801520448817358,0.24981432336426096,39.235222051401344,-0.0033707155626304663,7.744870447446374,0.0,0.0,0.0,0.0,0.0,0,0,,,0.0,,
fractal_plain_uniswap_v2_lp,391,uptrend,2025-08-07 19:00:00+00:00,2025-08-08 07:00:00+00:00,13,115371.9247014658,116030.15729733228,0.005705310001282493,0.011263152881808347,1894.4449750603103,0.25553198000546806,7413.72948708718,-0.0035989444316106844,12.303337131081207,0.0,0.0,0.0,0.0,0.0,0,0,,,0.0,,
fractal_plain_uniswap_v2_lp,392,sideways,2025-08-08 08:00:00+00:00,2025-08-08 16:00:00+00:00,9,115899.62825532482,116863.33823938027,0.00831503947478085,0.0071807275061515075,1057.1390228336031,0.4486529891890767,2356.250929575532,-0.007196125300844569,10.05202258306781,0.0,0.0,0.0,0.0,0.0,0,0,,,0.0,,
fractal_plain_uniswap_v2_lp,393,uptrend,2025-08-08 17:00:00+00:00,2025-08-08 18:00:00+00:00,2,117850.07245651251,118044.965496491,0.0016537371247726806,0.010111188632061063,1.3709311704528798e+19,0.44935637524279165,3.0508773124942365e+19,0.0,3.2412671447909815,0.0,0.0,0.0,0.0,0.0,0,0,,,0.0,,
fractal_plain_uniswap_v2_lp,394,sideways,2025-08-08 19:00:00+00:00,2025-08-09 04:00:00+00:00,10,118134.99742538926,118701.9592353515,0.004799270515245313,0.005565622693837424,128.27837893928793,0.18848312566553146,680.5828292922173,-0.0036984946082847525,13.75892691743411,0.0,0.0,0.0,0.0,0.0,0,0,,,0.0,,
fractal_plain_uniswap_v2_lp,395,uptrend,2025-08-09 05:00:00+00:00,2025-08-09 12:00:00+00:00,8,120076.7454986735,120111.0648175452,0.000285811534358027,0.0118709547110325,409275.87067122525,0.44874999857761205,912035.3692891217,-0.00467707718006205,10.105195713389548,0.0,0.0,0.0,0.0,0.0,0,0,,,0.0,,
fractal_plain_uniswap_v2_lp,397,uptrend,2025-08-09 14:00:00+00:00,2025-08-09 16:00:00+00:00,3,120075.43970656751,120484.11854830691,0.003403517344913398,0.003525548440904469,29040.959110874755,0.10383136955210485,279693.4995285925,0.0,6.024855884279532,0.0,0.0,0.0,0.0,0.0,0,0,,,0.0,,
fractal_plain_uniswap_v2_lp,398,sideways,2025-08-09 17:00:00+00:00,2025-08-09 19:00:00+00:00,3,120718.72686362332,121133.4366345864,0.003435339170132057,0.005389242118405635,6545801.645272383,0.020394204110136257,320963819.4225491,0.0,2.040428096796859,0.0,0.0,0.0,0.0,0.0,0,0,,,0.0,,
fractal_plain_uniswap_v2_lp,399,uptrend,2025-08-09 20:00:00+00:00,2025-08-10 02:00:00+00:00,7,121480.16741744414,121138.248507875,-0.0028146068353215314,3.972374120886357e-05,0.05096673162839904,0.3830010907048382,0.133072027378838,-0.007303497134335535,8.406875004979156,0.0,0.0,0.0,0.0,0.0,0,0,,,0.0,,
fractal_plain_uniswap_v2_lp,400,sideways,2025-08-10 03:00:00+00:00,2025-08-12 11:00:00+00:00,57,120874.2750792367,121576.1285152828,0.005806474831687947,0.0036147130472941047,0.7411097606993964,0.2747136104640179,2.697754069947937,-0.018451244744540407,56.26174925353462,0.0,0.0,0.0,0.0,0.0,0,0,,,0.0,,
fractal_plain_uniswap_v2_lp,402,sideways,2025-08-12 13:00:00+00:00,2025-08-12 18:00:00+00:00,6,122874.33236731208,124323.67651209942,0.011795336884962815,0.0073106399653213305,41551.3052496594,0.3786283566563492,109741.6622901602,-0.0013360164653033468,10.303619005590917,0.0,0.0,0.0,0.0,0.0,0,0,,,0.0,,
fractal_plain_uniswap_v2_lp,403,uptrend,2025-08-12 19:00:00+00:00,2025-08-13 14:00:00+00:00,20,124701.44526026424,126912.6285629519,0.017731817767409952,0.020824288047824435,8326.901613863429,0.42203137136485536,19730.527583610936,-0.005906466068029248,37.858267447348226,0.0,0.0,0.0,0.0,0.0,0,0,,,0.0,,
fractal_plain_uniswap_v2_lp,405,uptrend,2025-08-13 16:00:00+00:00,2025-08-13 18:00:00+00:00,3,127339.89690601252,127454.02669712076,0.00089626106099705,0.004115521602872763,161563.85874429124,0.22820542720988066,707975.5320442088,-0.0013924169036748646,5.049912345727535,0.0,0.0,0.0,0.0,0.0,0,0,,,0.0,,
fractal_plain_uniswap_v2_lp,406,sideways,2025-08-13 19:00:00+00:00,2025-08-14 11:00:00+00:00,17,127778.43079442556,127498.64276461338,-0.0021896342604356134,0.0003500561625919829,0.19763684206947563,0.25920531853892353,0.7624721714180317,-0.007522669206976529,20.38709452571584,0.0,0.0,0.0,0.0,0.0,0,0,,,0.0,,
fractal_plain_uniswap_v2_lp,407,high_vol_chop,2025-08-14 12:00:00+00:00,2025-08-14 20:00:00+00:00,9,125629.42249721584,125041.49374409232,-0.00467986512583507,-0.019271962173412538,-0.9999999940575939,0.6072524145042038,-1.646761659851204,-0.015830654754616758,42.00025603211816,0.0,0.0,0.0,0.0,0.0,0,0,,,0.0,,
fractal_plain_uniswap_v2_lp,409,high_vol_chop,2025-08-14 22:00:00+00:00,2025-08-15 11:00:00+00:00,14,125022.9647089514,126668.57403151004,0.013162456404625766,0.017799073571670432,62265.565707496804,0.1936080737929143,321606.24548177083,-0.002358351509022638,9.82431248537523,0.0,0.0,0.0,0.0,0.0,0,0,,,0.0,,
fractal_plain_uniswap_v2_lp,410,sideways,2025-08-15 12:00:00+00:00,2025-08-16 09:00:00+00:00,22,126568.47990110437,123547.30257222668,-0.023869902927160958,-0.024641245732401562,-0.9999515319398904,0.3444248468624258,-2.9032502766541195,-0.02621704984347628,34.484726688480805,0.0,0.0,0.0,0.0,0.0,0,0,,,0.0,,
fractal_plain_uniswap_v2_lp,411,downtrend,2025-08-16 10:00:00+00:00,2025-08-16 11:00:00+00:00,2,123342.12124352533,123392.80882424432,0.0004109511025751633,-0.001250482566319433,-0.9958329253643795,0.13710850647348263,-7.2631009627180045,0.0,1.5203689447807847,0.0,0.0,0.0,0.0,0.0,0,0,,,0.0,,
fractal_plain_uniswap_v2_lp,412,sideways,2025-08-16 12:00:00+00:00,2025-08-18 07:00:00+00:00,44,123380.81065431752,121606.4632812091,-0.014381064313799263,-0.014476901531429776,-0.9451572815482899,0.29085461406543256,-3.2495866864111744,-0.035470514380902096,53.85877757438175,0.0,0.0,0.0,0.0,0.0,0,0,,,0.0,,
fractal_plain_uniswap_v2_lp,413,downtrend,2025-08-18 08:00:00+00:00,2025-08-18 11:00:00+00:00,4,121558.25795149512,121530.59452877368,-0.00022757337253442866,-0.0006238875006171485,-0.745063304275436,0.31456255549604456,-2.3685695937347657,-0.004716782217899507,5.180550197253979,0.0,0.0,0.0,0.0,0.0,0,0,,,0.0,,
fractal_plain_uniswap_v2_lp,416,high_vol_chop,2025-08-18 14:00:00+00:00,2025-08-19 01:00:00+00:00,12,122352.01541235502,121957.05448980124,-0.0032280704263241145,-0.0009334411116925789,-0.49425881799820637,0.24788748889421502,-1.9938836776434865,-0.0076866734957011795,18.193162220361046,0.0,0.0,0.0,0.0,0.0,0,0,,,0.0,,
fractal_plain_uniswap_v2_lp,417,sideways,2025-08-19 02:00:00+00:00,2025-08-19 17:00:00+00:00,16,121881.1326517149,120328.84037295886,-0.01273611628792326,-0.013350716968804188,-0.9993630057140318,0.3994045634334305,-2.502132166751263,-0.01676841834828613,26.525263587487643,0.0,0.0,0.0,0.0,0.0,0,0,,,0.0,,
fractal_plain_uniswap_v2_lp,419,sideways,2025-08-19 19:00:00+00:00,2025-08-19 22:00:00+00:00,4,119964.3342748268,119816.97331722685,-0.0012283730701356799,-0.00015453488080474642,-0.28713095382050846,0.10392066556081868,-2.762982244878595,-0.0015744300682549728,4.25019633469492,0.0,0.0,0.0,0.0,0.0,0,0,,,0.0,,
fractal_plain_uniswap_v2_lp,420,downtrend,2025-08-19 23:00:00+00:00,2025-08-20 00:00:00+00:00,2,118881.81647662184,119292.40010273864,0.0034537125885651943,-0.004378121062191598,-0.9999999954958695,0.7451111732754759,-1.3420815998502793,0.0,2.982997708205403,0.0,0.0,0.0,0.0,0.0,0,0,,,0.0,,
fractal_plain_uniswap_v2_lp,423,sideways,2025-08-20 03:00:00+00:00,2025-08-20 12:00:00+00:00,10,119910.24420151164,120667.5193832696,0.0063153501754640295,0.00869597249572096,1966.937159287452,0.21919474605794392,8973.468546401627,-0.005395661251766937,7.4186452812937205,0.0,0.0,0.0,0.0,0.0,0,0,,,0.0,,
fractal_plain_uniswap_v2_lp,424,high_vol_chop,2025-08-20 13:00:00+00:00,2025-08-20 21:00:00+00:00,9,119864.03076000074,122905.18852299664,0.025371729481424632,0.01854408834426846,58483980.38866188,0.5337147507889651,109579096.89062892,-0.005668265202874778,21.367714290959157,0.0,0.0,0.0,0.0,0.0,0,0,,,0.0,,
fractal_plain_uniswap_v2_lp,425,uptrend,2025-08-20 22:00:00+00:00,2025-08-21 01:00:00+00:00,4,123048.566524864,122485.97432234036,-0.004572115047028591,-0.003410874721353263,-0.9994371987348957,0.18423807978116996,-5.424704816300648,-0.005054126799141967,2.8544513342812934,0.0,0.0,0.0,0.0,0.0,0,0,,,0.0,,
fractal_plain_uniswap_v2_lp,426,high_vol_chop,2025-08-21 02:00:00+00:00,2025-08-21 10:00:00+00:00,9,122007.32107848026,122067.27001439613,0.0004913552349641304,-0.003418385739761387,-0.9643115672638849,0.17790721002821513,-5.420306277137111,-0.0035541205411928622,6.902295923813654,0.0,0.0,0.0,0.0,0.0,0,0,,,0.0,,
fractal_plain_uniswap_v2_lp,429,sideways,2025-08-21 13:00:00+00:00,2025-08-22 13:00:00+00:00,25,121807.94567331109,122080.10083914506,0.0022342973139362066,0.0054717339101897355,5.767076438126349,0.2669731420049462,21.60171017509882,-0.010802551391470905,29.300848848869464,0.0,0.0,0.0,0.0,0.0,0,0,,,0.0,,
fractal_plain_uniswap_v2_lp,430,uptrend,2025-08-22 14:00:00+00:00,2025-08-23 13:00:00+00:00,24,126668.2625348733,127892.44648423397,0.009664488364033774,0.04761091779197746,23605095.264313713,0.8008123137458895,29476438.934733946,-0.01675499670245939,79.86536064344,0.0,0.0,0.0,0.0,0.0,0,0,,,0.0,,
fractal_plain_uniswap_v2_lp,431,high_vol_chop,2025-08-23 14:00:00+00:00,2025-08-23 15:00:00+00:00,2,128279.04132410596,128575.56428014896,0.0023115463990242002,0.005341345909738449,13593207230.075134,0.04707268232210478,288770610883.41516,0.0,3.9892262291168663,0.0,0.0,0.0,0.0,0.0,0,0,,,0.0,,
fractal_plain_uniswap_v2_lp,432,sideways,2025-08-23 16:00:00+00:00,2025-08-25 02:00:00+00:00,35,128414.48151034974,128736.4460798104,0.002507229446974124,0.0012512626373613056,0.36749061896244584,0.34297823426504664,1.0714692136366197,-0.024547335255701852,43.554294099730214,0.0,0.0,0.0,0.0,0.0,0,0,,,0.0,,
fractal_plain_uniswap_v2_lp,433,high_vol_chop,2025-08-25 03:00:00+00:00,2025-08-25 16:00:00+00:00,14,128433.8012747636,126675.5714421305,-0.013689774928265508,-0.016008478565597728,-0.9999588289878927,0.3550889089477582,-2.816080152858308,-0.020062294652696377,20.236622164061373,0.0,0.0,0.0,0.0,0.0,0,0,,,0.0,,
fractal_plain_uniswap_v2_lp,434,downtrend,2025-08-25 17:00:00+00:00,2025-08-26 05:00:00+00:00,13,126280.82269816824,124321.46828966346,-0.01551585083657514,-0.01858371843652984,-0.9999967614572413,0.5638164815473384,-1.7736210170955793,-0.0260120191564176,46.65495476450269,0.0,0.0,0.0,0.0,0.0,0,0,,,0.0,,
fractal_plain_uniswap_v2_lp,435,high_vol_chop,2025-08-26 06:00:00+00:00,2025-08-26 19:00:00+00:00,14,124091.1945265885,126361.31290341014,0.018293952165439276,0.01640782273415531,26456.444533998983,0.35974983544568523,73541.22761786047,-0.0029789751732991476,18.456034748554885,0.0,0.0,0.0,0.0,0.0,0,0,,,0.0,,
fractal_plain_uniswap_v2_lp,436,uptrend,2025-08-26 20:00:00+00:00,2025-08-26 21:00:00+00:00,2,126409.01682460678,126482.18311269284,0.000578805926380932,0.0009565444241235177,64.86861356721592,0.013321419175531968,4869.497214408126,0.0,2.2415947996578325,0.0,0.0,0.0,0.0,0.0,0,0,,,0.0,,
fractal_plain_uniswap_v2_lp,438,uptrend,2025-08-26 23:00:00+00:00,2025-08-27 00:00:00+00:00,2,126610.83401712004,126225.72196103516,-0.003041699070024384,-0.0016980976860921926,-0.9994150533821436,0.29049736018240785,-3.440358469194334,-0.003041699070024384,1.5505620207641186,0.0,0.0,0.0,0.0,0.0,0,0,,,0.0,,
fractal_plain_uniswap_v2_lp,439,sideways,2025-08-27 01:00:00+00:00,2025-08-29 07:00:00+00:00,55,125979.46550643544,123677.12104136296,-0.01827555352625998,-0.020190820698644085,-0.9611775309734782,0.25380956302043095,-3.787002820284223,-0.027920179676231616,51.591389630508274,0.0,0.0,0.0,0.0,0.0,0,0,,,0.0,,
fractal_plain_uniswap_v2_lp,440,downtrend,2025-08-29 08:00:00+00:00,2025-08-29 11:00:00+00:00,4,122618.99746309443,123161.8904383038,0.004427478502038618,-0.004165933025614743,-0.9998929752019801,0.47906129350323046,-2.087192158418947,0.0,5.133226033646679,0.0,0.0,0.0,0.0,0.0,0,0,,,0.0,,
fractal_plain_uniswap_v2_lp,442,downtrend,2025-08-29 13:00:00+00:00,2025-08-29 14:00:00+00:00,2,122732.24556399224,121904.74788035896,-0.006742300524452016,-0.017425540950701035,-1.0,0.2656169757983924,-3.76481961288128,-0.006742300524452016,11.008426726294601,0.0,0.0,0.0,0.0,0.0,0,0,,,0.0,,
fractal_plain_uniswap_v2_lp,443,sideways,2025-08-29 15:00:00+00:00,2025-08-30 00:00:00+00:00,10,122850.03700304468,123042.86546928131,0.0015696248120125045,0.009336121920692664,3429.6372193240263,0.3407661056485496,10064.490459802935,-0.0031789099463294113,13.294876524974825,0.0,0.0,0.0,0.0,0.0,0,0,,,0.0,,
fractal_plain_uniswap_v2_lp,444,high_vol_chop,2025-08-30 01:00:00+00:00,2025-08-30 07:00:00+00:00,7,122124.31698146372,123947.2275405096,0.014926679666282805,0.007349975699762368,9549.33858850452,0.4091959016620204,23336.838296078284,-0.00021312023221553567,6.8566225180011315,0.0,0.0,0.0,0.0,0.0,0,0,,,0.0,,
fractal_plain_uniswap_v2_lp,445,sideways,2025-08-30 08:00:00+00:00,2025-09-02 12:00:00+00:00,77,123923.7348428909,122151.69867751456,-0.014299408968127869,-0.01448623659136139,-0.8098796732841562,0.27224726133900884,-2.974794564694168,-0.025913430064436138,80.75338661782189,0.0,0.0,0.0,0.0,0.0,0,0,,,0.0,,
fractal_plain_uniswap_v2_lp,446,high_vol_chop,2025-09-02 13:00:00+00:00,2025-09-03 01:00:00+00:00,13,123661.1594426706,122753.7583626958,-0.007337801813151135,0.004928786842094635,26.469766500409772,0.4349560372319665,60.856188291721935,-0.012308129270275692,14.257709470680311,0.0,0.0,0.0,0.0,0.0,0,0,,,0.0,,
fractal_plain_uniswap_v2_lp,447,sideways,2025-09-03 02:00:00+00:00,2025-09-05 13:00:00+00:00,60,123182.18593151672,124716.35706427228,0.012454488619064508,0.015988094602999103,9.133007370799145,0.26849619983024936,34.01540646226383,-0.022805029555150735,54.275764370901925,0.0,0.0,0.0,0.0,0.0,0,0,,,0.0,,
fractal_plain_uniswap_v2_lp,448,high_vol_chop,2025-09-05 14:00:00+00:00,2025-09-06 13:00:00+00:00,24,122439.32508144715,122631.09202018644,0.001566220155262421,-0.016720060569209827,-0.9978759227712567,0.35754157133785913,-2.7909367826442573,-0.0034759817306272422,10.854481784067502,0.0,0.0,0.0,0.0,0.0,0,0,,,0.0,,
fractal_plain_uniswap_v2_lp,449,sideways,2025-09-06 14:00:00+00:00,2025-09-12 18:00:00+00:00,149,122683.95992693349,127135.4139401108,0.036283912060129486,0.036730667938459804,7.337415437430039,0.16546874442570206,44.34321093627835,-0.012167672954810249,74.02329385700523,0.0,0.0,0.0,0.0,0.0,0,0,,,0.0,,
fractal_plain_uniswap_v2_lp,450,uptrend,2025-09-12 19:00:00+00:00,2025-09-12 23:00:00+00:00,5,127513.39691739272,128297.63157744892,0.006150213852151198,0.009141572763396999,8396055.695036842,0.26764122179322114,31370562.571723763,-0.0017519681730965297,5.698128646035002,0.0,0.0,0.0,0.0,0.0,0,0,,,0.0,,
fractal_plain_uniswap_v2_lp,451,sideways,2025-09-13 00:00:00+00:00,2025-09-13 02:00:00+00:00,3,128323.1383598806,128401.01890533444,0.0006069096068661572,0.0008058397229502301,9.507658882665037,0.11476353387197627,82.84564409868422,-0.00092050539318278,1.8371031996493912,0.0,0.0,0.0,0.0,0.0,0,0,,,0.0,,
fractal_plain_uniswap_v2_lp,453,sideways,2025-09-13 04:00:00+00:00,2025-09-22 04:00:00+00:00,217,128958.08427738356,122813.02678861353,-0.04765158790318469,-0.047675117716487136,-0.8608176649741598,0.19709706182331405,-4.367480960958375,-0.04917189741239758,105.41712725996604,0.0,0.0,0.0,0.0,0.0,0,0,,,0.0,,
fractal_plain_uniswap_v2_lp,454,downtrend,2025-09-22 05:00:00+00:00,2025-09-22 23:00:00+00:00,19,121955.06195229614,121364.16362576028,-0.004845213614560695,-0.011797308483790014,-0.9957951579730331,0.29200012089860294,-3.4102559783488,-0.011920037680517859,20.593189545917994,0.0,0.0,0.0,0.0,0.0,0,0,,,0.0,,
fractal_plain_uniswap_v2_lp,455,sideways,2025-09-23 00:00:00+00:00,2025-09-25 15:00:00+00:00,64,121417.3910428363,118454.89944808988,-0.024399236133324953,-0.023971360991219326,-0.9638849642440268,0.23596499784960512,-4.084864166414925,-0.02890688865312374,45.09232990597775,0.0,0.0,0.0,0.0,0.0,0,0,,,0.0,,
fractal_plain_uniswap_v2_lp,456,downtrend,2025-09-25 16:00:00+00:00,2025-09-25 23:00:00+00:00,8,117668.2238958854,116532.232974405,-0.009654186014446453,-0.016231211057060935,-0.9999999834849911,0.6960857026688976,-1.4366046876854965,-0.014532769503589282,17.269677129847878,0.0,0.0,0.0,0.0,0.0,0,0,,,0.0,,
fractal_plain_uniswap_v2_lp,457,high_vol_chop,2025-09-26 00:00:00+00:00,2025-09-26 16:00:00+00:00,17,117490.51663776004,118308.48438010944,0.006961989492916265,0.015242575898245958,2427.794682135346,0.30449955970766074,7973.064671969267,-0.009346504449531667,23.074648376137702,0.0,0.0,0.0,0.0,0.0,0,0,,,0.0,,
fractal_plain_uniswap_v2_lp,459,sideways,2025-09-26 18:00:00+00:00,2025-10-01 07:00:00+00:00,110,119317.61077629012,120655.48219188034,0.01121269028843197,0.014056164379621316,2.0391797587694027,0.19040022179177296,10.709965248882467,-0.014627586895207045,43.50621404848971,0.0,0.0,0.0,0.0,0.0,0,0,,,0.0,,
fractal_plain_uniswap_v2_lp,460,high_vol_chop,2025-10-01 08:00:00+00:00,2025-10-01 14:00:00+00:00,7,122848.13381586364,123352.53153031056,0.004105863872567728,0.02235330951759873,1035081940119.843,0.6589446591327518,1570817709460.0505,-0.00434599997207985,7.213294499395488,0.0,0.0,0.0,0.0,0.0,0,0,,,0.0,,
fractal_plain_uniswap_v2_lp,461,uptrend,2025-10-01 15:00:00+00:00,2025-10-01 16:00:00+00:00,2,123424.16503561512,123422.60297052968,-1.2656071726180329e-05,0.0005680583880185441,11.029828997427613,0.03927067884535815,280.8667769880264,-1.2656071726180329e-05,0.6736101923161186,0.0,0.0,0.0,0.0,0.0,0,0,,,0.0,,
fractal_plain_uniswap_v2_lp,462,high_vol_chop,2025-10-01 17:00:00+00:00,2025-10-02 00:00:00+00:00,8,123012.387725066,123712.52080307418,0.005691565629739603,0.002348984914973151,12.0543609076981,0.23488612420804325,51.32002134371001,-0.003764339443577125,6.171053572998062,0.0,0.0,0.0,0.0,0.0,0,0,,,0.0,,
fractal_plain_uniswap_v2_lp,463,uptrend,2025-10-02 01:00:00+00:00,2025-10-02 07:00:00+00:00,7,124201.41008806576,124253.25139753644,0.00041739710872779057,0.0043708639267243665,233.60536165203263,0.1992650859584981,1172.3346341801532,-0.002168690279436558,3.837277580263617,0.0,0.0,0.0,0.0,0.0,0,0,,,0.0,,
fractal_plain_uniswap_v2_lp,464,sideways,2025-10-02 08:00:00+00:00,2025-10-06 18:00:00+00:00,107,124262.4194950737,128664.71176044714,0.03542738249634647,0.035503782100613,16.39626728386099,0.18729463291954712,87.54264352521008,-0.011244041180809794,70.57069575442438,0.0,0.0,0.0,0.0,0.0,0,0,,,0.0,,
fractal_plain_uniswap_v2_lp,466,sideways,2025-10-06 20:00:00+00:00,2025-10-07 17:00:00+00:00,22,128427.11982119305,125711.9000476583,-0.02114210594549737,-0.024781654952601873,-0.9999542322339903,0.33899248137617005,-2.949782921953276,-0.026106883058404473,20.129373533372018,0.0,0.0,0.0,0.0,0.0,0,0,,,0.0,,
fractal_plain_uniswap_v2_lp,467,downtrend,2025-10-07 18:00:00+00:00,2025-10-07 19:00:00+00:00,2,125426.53087187187,125615.16400796403,0.0015039332968944663,-0.0007695058276708799,-0.965669907453576,0.24976648974832738,-3.8662909040624927,0.0,1.210570861017004,0.0,0.0,0.0,0.0,0.0,0,0,,,0.0,,
fractal_plain_uniswap_v2_lp,468,sideways,2025-10-07 20:00:00+00:00,2025-10-07 22:00:00+00:00,3,126015.43260518787,125867.91614519448,-0.0011706221765358515,0.002012114852745217,353.062100210778,0.22224639180303957,1588.6066691407555,-0.0015321959936965834,1.317137046001335,0.0,0.0,0.0,0.0,0.0,0,0,,,0.0,,
fractal_plain_uniswap_v2_lp,470,sideways,2025-10-08 00:00:00+00:00,2025-10-08 02:00:00+00:00,3,125456.86633105474,125615.62144365277,0.001265415893452193,0.00286964186541816,4303.233385589463,0.06262127304497801,68718.39514502758,0.0,0.9546640579155791,0.0,0.0,0.0,0.0,0.0,0,0,,,0.0,,
fractal_plain_uniswap_v2_lp,471,downtrend,2025-10-08 03:00:00+00:00,2025-10-08 05:00:00+00:00,3,125028.8186088981,125011.83431615747,-0.00013584302346925092,-0.00480662453089975,-0.9999992240544013,0.30759942479280916,-3.2509788492874274,-0.0019977152403568565,2.4009996969107306,0.0,0.0,0.0,0.0,0.0,0,0,,,0.0,,
fractal_plain_uniswap_v2_lp,472,sideways,2025-10-08 06:00:00+00:00,2025-10-08 11:00:00+00:00,6,125138.84352033236,125823.38175492616,0.005470229829018569,0.006491764905363295,12673.46808582502,0.12434418578486349,101922.4823889415,0.0,4.732594818820871,0.0,0.0,0.0,0.0,0.0,0,0,,,0.0,,
fractal_plain_uniswap_v2_lp,474,sideways,2025-10-08 13:00:00+00:00,2025-10-10 14:00:00+00:00,50,125436.70202617734,123030.53334420022,-0.019182333743715474,-0.02132777498875449,-0.9771098576000934,0.2744338907091252,-3.5604562362005803,-0.02901609852154874,40.95353269337102,0.0,0.0,0.0,0.0,0.0,0,0,,,0.0,,
fractal_plain_uniswap_v2_lp,475,high_vol_chop,2025-10-10 15:00:00+00:00,2025-10-10 16:00:00+00:00,2,120443.27203330594,120522.43947182756,0.0006573006294592343,-0.020385946514234754,-1.0,1.4352614825226633,-0.6967371535968253,0.0,12.547895459990286,0.0,0.0,0.0,0.0,0.0,0,0,,,0.0,,
fractal_plain_uniswap_v2_lp,476,downtrend,2025-10-10 17:00:00+00:00,2025-10-11 19:00:00+00:00,27,120159.23163692968,115346.01636968536,-0.04005697441364986,-0.04294986995639294,-0.9999993478237365,0.604502506512465,-1.654251780679947,-0.04086243225437203,334.70484618919636,0.0,0.0,0.0,0.0,0.0,0,0,,,0.0,,
fractal_plain_uniswap_v2_lp,479,high_vol_chop,2025-10-11 22:00:00+00:00,2025-10-12 01:00:00+00:00,4,115482.72794590186,115051.58670815435,-0.003733382865266921,-0.0014148832801628153,-0.9549863061682822,0.34256722877366325,-2.7877339860762014,-0.006592173849642058,5.172445427457205,0.0,0.0,0.0,0.0,0.0,0,0,,,0.0,,
fractal_plain_uniswap_v2_lp,480,sideways,2025-10-12 02:00:00+00:00,2025-10-12 13:00:00+00:00,12,115004.90439289148,116402.630644189,0.012153623001350145,0.011742940490353737,5025.126439143706,0.2694747186071073,18647.85856394311,-0.002740458145013336,10.452226459216035,0.0,0.0,0.0,0.0,0.0,0,0,,,0.0,,
fractal_plain_uniswap_v2_lp,482,uptrend,2025-10-12 15:00:00+00:00,2025-10-13 13:00:00+00:00,23,119639.40165542383,121571.57741449034,0.016149995171585774,0.021813677628762296,3709.220821415165,0.3471679123056986,10684.227112985638,-0.012198122553244262,38.0619811232591,0.0,0.0,0.0,0.0,0.0,0,0,,,0.0,,
fractal_plain_uniswap_v2_lp,483,high_vol_chop,2025-10-13 14:00:00+00:00,2025-10-13 15:00:00+00:00,2,120565.8946417608,121285.60573822224,0.005969441844229095,-0.002352290579344052,-0.9999668732563879,0.9425441946336057,-1.060923062228508,0.0,3.7576580838958766,0.0,0.0,0.0,0.0,0.0,0,0,,,0.0,,
fractal_plain_uniswap_v2_lp,485,high_vol_chop,2025-10-13 17:00:00+00:00,2025-10-14 09:00:00+00:00,17,122505.47002666284,119061.2572000458,-0.028114767657863915,-0.020942300551757276,-0.9999816530270366,0.3459101279547361,-2.8908712761306856,-0.034148960624342584,18.25848144252268,0.0,0.0,0.0,0.0,0.0,0,0,,,0.0,,
fractal_plain_uniswap_v2_lp,487,high_vol_chop,2025-10-14 11:00:00+00:00,2025-10-14 12:00:00+00:00,2,118874.08370134662,118541.33281095544,-0.002799187846756923,0.002148871215150727,12111.06979604589,0.5136441754292786,23578.715335229976,-0.002799187846756923,2.023496607051129,0.0,0.0,0.0,0.0,0.0,0,0,,,0.0,,
fractal_plain_uniswap_v2_lp,489,high_vol_chop,2025-10-14 14:00:00+00:00,2025-10-15 05:00:00+00:00,16,119027.7563735399,120963.86494545791,0.016266025932993422,0.019658656259143648,42559.697290447046,0.3523998649819437,120771.03744812083,-0.006980040526377684,24.64086419022351,0.0,0.0,0.0,0.0,0.0,0,0,,,0.0,,
fractal_plain_uniswap_v2_lp,490,sideways,2025-10-15 06:00:00+00:00,2025-10-15 13:00:00+00:00,8,120957.14712506947,120037.46951099442,-0.007603334204998369,-0.007658447709828153,-0.9997792052483068,0.4242867342296753,-2.356376300719092,-0.017283354248243565,8.103468716482894,0.0,0.0,0.0,0.0,0.0,0,0,,,0.0,,
fractal_plain_uniswap_v2_lp,492,sideways,2025-10-15 15:00:00+00:00,2025-10-16 15:00:00+00:00,25,118943.52591475188,117939.81618084652,-0.008438540275195194,-0.013426671169154747,-0.9912313764722603,0.36757474268957613,-2.69667978060553,-0.018844884701874398,27.624841585187824,0.0,0.0,0.0,0.0,0.0,0,0,,,0.0,,
fractal_plain_uniswap_v2_lp,493,high_vol_chop,2025-10-16 16:00:00+00:00,2025-10-17 05:00:00+00:00,14,118637.197810817,117932.30391297316,-0.0059415926105055306,-6.369577396891923e-05,-0.039072797858011876,0.2732436276382628,-0.14299619060005642,-0.012628674796457795,13.165827725393683,0.0,0.0,0.0,0.0,0.0,0,0,,,0.0,,
fractal_plain_uniswap_v2_lp,494,downtrend,2025-10-17 06:00:00+00:00,2025-10-17 14:00:00+00:00,9,116720.26798377204,115743.46282062549,-0.008368770737249842,-0.018560148659207854,-0.9999999879591589,0.5650255213655347,-1.7698315388345511,-0.014612252899399825,25.361441573157208,0.0,0.0,0.0,0.0,0.0,0,0,,,0.0,,
fractal_plain_uniswap_v2_lp,495,high_vol_chop,2025-10-17 15:00:00+00:00,2025-10-18 05:00:00+00:00,15,116206.99281571608,117248.1003420232,0.008959078116393071,0.012999762446450625,1886.3681129271586,0.2283247591037382,8261.776429029744,-0.005576410617811112,11.913844511092975,0.0,0.0,0.0,0.0,0.0,0,0,,,0.0,,
fractal_plain_uniswap_v2_lp,496,sideways,2025-10-18 06:00:00+00:00,2025-10-20 05:00:00+00:00,48,117514.29188943536,120380.9973038352,0.024394525706685988,0.026720236427483002,122.03034918305615,0.25022503879777147,487.68240688206845,-0.010426157390847957,25.36396897607119,0.0,0.0,0.0,0.0,0.0,0,0,,,0.0,,
fractal_plain_uniswap_v2_lp,498,sideways,2025-10-20 07:00:00+00:00,2025-10-21 03:00:00+00:00,21,120421.41268425377,118399.05160808272,-0.01679403215002717,-0.017331716047955914,-0.9993198433670636,0.222693065717534,-4.487431344784711,-0.01679403215002717,10.339617656320115,0.0,0.0,0.0,0.0,0.0,0,0,,,0.0,,
fractal_plain_uniswap_v2_lp,500,sideways,2025-10-21 05:00:00+00:00,2025-10-21 13:00:00+00:00,9,117378.54123727296,117427.35580081095,0.00041587297834366765,0.0011270288483864466,1.9932419036302758,0.19835524325289255,10.048849079774497,-0.003415551056830668,4.173414330047308,0.0,0.0,0.0,0.0,0.0,0,0,,,0.0,,
fractal_plain_uniswap_v2_lp,501,high_vol_chop,2025-10-21 14:00:00+00:00,2025-10-22 13:00:00+00:00,24,119528.84149039774,117436.2412373108,-0.017507073832511377,7.566751749821243e-05,0.028002500088217586,0.467174381149076,0.059940144875542625,-0.0303375070037053,26.310403200310247,0.0,0.0,0.0,0.0,0.0,0,0,,,0.0,,
fractal_plain_uniswap_v2_lp,505,downtrend,2025-10-22 17:00:00+00:00,2025-10-22 18:00:00+00:00,2,116567.26485211957,116549.57659753248,-0.00015174289805575114,-0.005124731482575529,-0.9999999998314918,0.31912755055186814,-3.1335433061238023,-0.00015174289805575114,1.3418489108153153,0.0,0.0,0.0,0.0,0.0,0,0,,,0.0,,
fractal_plain_uniswap_v2_lp,506,sideways,2025-10-22 19:00:00+00:00,2025-10-22 20:00:00+00:00,2,116459.75213520632,116263.57067983404,-0.0016845429581930915,-0.002453942142458976,-0.9999787992926372,0.06047972855675458,-16.53411520116613,-0.0016845429581930915,1.626298740382481,0.0,0.0,0.0,0.0,0.0,0,0,,,0.0,,
fractal_plain_uniswap_v2_lp,508,sideways,2025-10-22 22:00:00+00:00,2025-10-26 21:00:00+00:00,96,115693.60247772334,120673.3080150463,0.043042185831163815,0.0438027436927495,48.995637502607195,0.2149326173015352,227.95812993739239,-0.012137914127390292,37.390639906088836,0.0,0.0,0.0,0.0,0.0,0,0,,,0.0,,
fractal_plain_uniswap_v2_lp,509,uptrend,2025-10-26 22:00:00+00:00,2025-10-27 08:00:00+00:00,11,121847.61068308032,122013.79535245022,0.0013638730249880826,0.011108399690482829,6617.024400290084,0.3536661767166234,18709.802734661855,-0.008425004889639931,7.9709205265444325,0.0,0.0,0.0,0.0,0.0,0,0,,,0.0,,
fractal_plain_uniswap_v2_lp,510,sideways,2025-10-27 09:00:00+00:00,2025-10-30 04:00:00+00:00,68,121997.42014750716,117869.98352670282,-0.0338321631376618,-0.033961830412516214,-0.9883342944990438,0.2840407941070597,-3.4795505258534245,-0.040179275237614,67.09798504672835,0.0,0.0,0.0,0.0,0.0,0,0,,,0.0,,
fractal_plain_uniswap_v2_lp,511,high_vol_chop,2025-10-30 05:00:00+00:00,2025-10-30 12:00:00+00:00,8,118269.50544473884,116700.4230338777,-0.013267007458607205,-0.009922462511926633,-0.999981895679686,0.4039927378391662,-2.475247206245052,-0.01598428348606129,5.028530046338346,0.0,0.0,0.0,0.0,0.0,0,0,,,0.0,,
fractal_plain_uniswap_v2_lp,513,high_vol_chop,2025-10-30 14:00:00+00:00,2025-10-30 16:00:00+00:00,3,116519.46587856078,116397.92071808422,-0.0010431318025713177,0.0011936595952555251,31.570514963880647,0.3001545016203855,105.18088115769403,-0.0033018797345734097,2.7022526554519573,0.0,0.0,0.0,0.0,0.0,0,0,,,0.0,,
fractal_plain_uniswap_v2_lp,514,downtrend,2025-10-30 17:00:00+00:00,2025-10-30 19:00:00+00:00,3,115944.63957592523,114971.34256959024,-0.008394497666255996,-0.01225604495074406,-0.9999999999999998,0.017205815313673666,-58.119884572124164,-0.008394497666255996,3.934695330568502,0.0,0.0,0.0,0.0,0.0,0,0,,,0.0,,
fractal_plain_uniswap_v2_lp,515,high_vol_chop,2025-10-30 20:00:00+00:00,2025-10-31 11:00:00+00:00,16,115756.09622170258,117632.8107843152,0.016212662865014327,0.023148970475959763,276395.2800236486,0.25378693025908033,1089083.979783704,-0.003804613908519716,9.798055676965305,0.0,0.0,0.0,0.0,0.0,0,0,,,0.0,,
fractal_plain_uniswap_v2_lp,516,sideways,2025-10-31 12:00:00+00:00,2025-10-31 18:00:00+00:00,7,117320.21866938824,117453.2661002155,0.0011340537235289272,-0.0015263146642725545,-0.8521464395733913,0.3076421755506057,-2.7699272313630394,-0.0064534822251243185,6.6562209826442995,0.0,0.0,0.0,0.0,0.0,0,0,,,0.0,,
fractal_plain_uniswap_v2_lp,518,sideways,2025-10-31 20:00:00+00:00,2025-11-03 14:00:00+00:00,67,117677.35284646312,115515.1438714984,-0.018374044985408733,-0.02092699972064438,-0.9370341264152932,0.19472648810084017,-4.812052718426498,-0.028279393532016917,114.51741637590567,0.0,0.0,0.0,0.0,0.0,0,0,,,0.0,,
fractal_plain_uniswap_v2_lp,519,downtrend,2025-11-03 15:00:00+00:00,2025-11-03 16:00:00+00:00,2,113332.78774552238,113849.0340477504,0.004555136359896128,-0.0144233021568273,-1.0,1.5517934842530574,-0.644415645604635,0.0,17.497374986509385,0.0,0.0,0.0,0.0,0.0,0,0,,,0.0,,
fractal_plain_uniswap_v2_lp,521,downtrend,2025-11-03 18:00:00+00:00,2025-11-04 01:00:00+00:00,8,114305.11226809402,114316.48161988918,9.946494578905174e-05,-0.003884890178702749,-0.985909286033419,0.3592785600806951,-2.7441361538856666,-0.00863184721023591,13.038427780313214,0.0,0.0,0.0,0.0,0.0,0,0,,,0.0,,
fractal_plain_uniswap_v2_lp,522,high_vol_chop,2025-11-04 02:00:00+00:00,2025-11-04 04:00:00+00:00,3,114121.18351475045,114159.09124302473,0.00033217083022440974,-0.0013767951447962723,-0.9821010260740672,0.15046477428362817,-6.527115936270859,-0.0010216412350724235,0.7885670491705241,0.0,0.0,0.0,0.0,0.0,0,0,,,0.0,,
fractal_plain_uniswap_v2_lp,523,downtrend,2025-11-04 05:00:00+00:00,2025-11-04 10:00:00+00:00,6,112099.31649967415,111741.6353238557,-0.003190752512924444,-0.021176201499560565,-0.9999999999999731,0.698483237694205,-1.4316735836082752,-0.005052672014264625,14.81276594310475,0.0,0.0,0.0,0.0,0.0,0,0,,,0.0,,
fractal_plain_uniswap_v2_lp,525,downtrend,2025-11-04 12:00:00+00:00,2025-11-04 13:00:00+00:00,2,112161.40327675242,112266.015740989,0.0009326957507695965,-0.0015153074942602096,-0.998695689191676,0.22358899419088438,-4.466658534807221,0.0,1.7398047428596328,0.0,0.0,0.0,0.0,0.0,0,0,,,0.0,,
fractal_plain_uniswap_v2_lp,526,high_vol_chop,2025-11-04 14:00:00+00:00,2025-11-04 15:00:00+00:00,2,112966.91173029432,112225.12482655824,-0.006566408626864861,-0.0003642323472589082,-0.7972189165229429,0.8477581033934782,-0.9403848967432658,-0.006566408626864861,5.56380054195688,0.0,0.0,0.0,0.0,0.0,0,0,,,0.0,,
fractal_plain_uniswap_v2_lp,527,downtrend,2025-11-04 16:00:00+00:00,2025-11-05 04:00:00+00:00,13,111074.00444413855,109446.81247840507,-0.014649620078763137,-0.024756598421671994,-0.9999999538840884,0.691712799050573,-1.4456866422837082,-0.03450096442981221,62.62125678846314,0.0,0.0,0.0,0.0,0.0,0,0,,,0.0,,
fractal_plain_uniswap_v2_lp,528,high_vol_chop,2025-11-05 05:00:00+00:00,2025-11-05 07:00:00+00:00,3,109472.57257966776,109407.07600348232,-0.0005982921077128944,-0.00036306653453810345,-0.6536643130346786,0.041552865782201014,-15.730908102965858,-0.0006183150261935833,1.9025775613790756,0.0,0.0,0.0,0.0,0.0,0,0,,,0.0,,
fractal_plain_uniswap_v2_lp,529,downtrend,2025-11-05 08:00:00+00:00,2025-11-05 11:00:00+00:00,4,108868.48198592324,109134.65065965393,0.002444864380171108,-0.00249001576296326,-0.9957461677972846,0.3869564064945727,-2.573277379789939,-0.0029737388770649797,3.8535560337313655,0.0,0.0,0.0,0.0,0.0,0,0,,,0.0,,
fractal_plain_uniswap_v2_lp,530,high_vol_chop,2025-11-05 12:00:00+00:00,2025-11-05 13:00:00+00:00,2,109655.86129857248,109995.94507965467,0.0031013734884286492,0.007892034425315275,898207125127691.8,0.1108194318468792,8105141040325468.0,0.0,1.9840166409394442,0.0,0.0,0.0,0.0,0.0,0,0,,,0.0,,
fractal_plain_uniswap_v2_lp,532,high_vol_chop,2025-11-05 15:00:00+00:00,2025-11-05 18:00:00+00:00,4,110393.50817343716,111643.9727424979,0.011327337900125078,0.017312387565551424,2.1134349925538756e+16,0.22329483417064724,9.464773336129837e+16,0.0,5.0592467981823575,0.0,0.0,0.0,0.0,0.0,0,0,,,0.0,,
fractal_plain_uniswap_v2_lp,533,uptrend,2025-11-05 19:00:00+00:00,2025-11-05 22:00:00+00:00,4,111493.66060751984,110979.24205121493,-0.004613881663781516,-0.005954022191741126,-0.9999979098642469,0.06095154366282075,-16.40644108041231,-0.004613881663781516,2.5618237287380907,0.0,0.0,0.0,0.0,0.0,0,0,,,0.0,,
fractal_plain_uniswap_v2_lp,536,sideways,2025-11-06 01:00:00+00:00,2025-11-06 13:00:00+00:00,13,110565.55424922626,110461.01480719326,-0.0009454973815565815,-0.0013560750674089794,-0.5992454405991741,0.35034316021549095,-1.7104528035614766,-0.01308485904875789,15.641439980823634,0.0,0.0,0.0,0.0,0.0,0,0,,,0.0,,
fractal_plain_uniswap_v2_lp,538,sideways,2025-11-06 15:00:00+00:00,2025-11-06 16:00:00+00:00,2,108798.46580013128,108482.09889651558,-0.0029078250441222364,-0.009785017848574551,-1.0,0.2640263211176422,-3.7875011694551093,-0.0029078250441222364,4.9049245651822275,0.0,0.0,0.0,0.0,0.0,0,0,,,0.0,,
fractal_plain_uniswap_v2_lp,540,sideways,2025-11-06 18:00:00+00:00,2025-11-06 19:00:00+00:00,2,109548.14936539944,109304.77008928257,-0.002221664880025287,-0.001114125287551504,-0.9924226305123036,0.22049518137457563,-4.500881263370482,-0.002221664880025287,3.133638219531349,0.0,0.0,0.0,0.0,0.0,0,0,,,0.0,,
fractal_plain_uniswap_v2_lp,541,high_vol_chop,2025-11-06 20:00:00+00:00,2025-11-07 04:00:00+00:00,9,108916.38802818142,109477.7010215774,0.005153613735802143,0.0015820986783432467,3.658495394338221,0.2797622280570724,13.077159914496663,-0.0032146054663981793,9.131424054752642,0.0,0.0,0.0,0.0,0.0,0,0,,,0.0,,
fractal_plain_uniswap_v2_lp,542,sideways,2025-11-07 05:00:00+00:00,2025-11-07 17:00:00+00:00,13,109885.83185498595,110231.14079459153,0.003142433685729973,0.00688213002267557,100.65774789059978,0.47112240853721304,213.65519038487642,-0.021567040575205976,17.685631908972937,0.0,0.0,0.0,0.0,0.0,0,0,,,0.0,,
fractal_plain_uniswap_v2_lp,543,high_vol_chop,2025-11-07 18:00:00+00:00,2025-11-07 19:00:00+00:00,2,110939.2745779911,111252.94071779688,0.0028273678640764466,0.009269612160772045,3.560611291354328e+17,0.23803612026219165,1.495828148867656e+18,0.0,2.205813490321816,0.0,0.0,0.0,0.0,0.0,0,0,,,0.0,,
fractal_plain_uniswap_v2_lp,544,sideways,2025-11-07 20:00:00+00:00,2025-11-07 21:00:00+00:00,2,111587.70550175136,111596.68972320088,8.05126461658201e-05,0.00308979702636325,738550.6744820026,0.19381467339478542,3810602.4768188335,0.0,1.3223191796259925,0.0,0.0,0.0,0.0,0.0,0,0,,,0.0,,
fractal_plain_uniswap_v2_lp,545,high_vol_chop,2025-11-07 22:00:00+00:00,2025-11-08 07:00:00+00:00,10,111525.4039503151,111293.1740946581,-0.0020823045461504375,-0.0027197547641927278,-0.9079801509679934,0.16900613552151303,-5.372468568470494,-0.0040829423676658205,4.996569563092635,0.0,0.0,0.0,0.0,0.0,0,0,,,0.0,,
fractal_plain_uniswap_v2_lp,546,sideways,2025-11-08 08:00:00+00:00,2025-11-08 09:00:00+00:00,2,111546.88635678396,111412.94665950566,-0.0012007479693327827,0.0010761896749003075,110.18285307310876,0.23033984822121478,478.34907387492444,-0.0012007479693327827,0.7053591080803016,0.0,0.0,0.0,0.0,0.0,0,0,,,0.0,,
fractal_plain_uniswap_v2_lp,550,sideways,2025-11-08 13:00:00+00:00,2025-11-09 18:00:00+00:00,30,110655.31449623244,112795.79690531042,0.019343692788933886,0.01800582813013829,182.26401382955504,0.23868727360953132,763.6101040213852,-0.005337691842591696,16.15027712943811,0.0,0.0,0.0,0.0,0.0,0,0,,,0.0,,
fractal_plain_uniswap_v2_lp,551,uptrend,2025-11-09 19:00:00+00:00,2025-11-10 11:00:00+00:00,17,113387.53671583028,114130.53782220311,0.006552758159258154,0.011833250471320333,428.15116628707904,0.2682843229884221,1595.8858926898836,-0.006185549353308062,10.22210659555276,0.0,0.0,0.0,0.0,0.0,0,0,,,0.0,,
fractal_plain_uniswap_v2_lp,552,sideways,2025-11-10 12:00:00+00:00,2025-11-12 01:00:00+00:00,38,113830.04311423686,111338.71217473548,-0.0218864095219673,-0.024461688350376765,-0.9966846072867641,0.26933930208121987,-3.7004796536756883,-0.028215774277444705,32.27146379346959,0.0,0.0,0.0,0.0,0.0,0,0,,,0.0,,
fractal_plain_uniswap_v2_lp,554,sideways,2025-11-12 03:00:00+00:00,2025-11-12 14:00:00+00:00,12,111270.43680036523,112281.11005438944,0.009083034839141524,0.010359633681467306,1850.2724845571877,0.4161609007903443,4446.050748744721,-0.010838715584535086,7.7316820606611145,0.0,0.0,0.0,0.0,0.0,0,0,,,0.0,,
fractal_plain_uniswap_v2_lp,555,high_vol_chop,2025-11-12 15:00:00+00:00,2025-11-13 13:00:00+00:00,23,111169.09226038636,111363.38077726774,0.0017476846570474436,-0.008173496652083334,-0.956099433835213,0.36978956996596074,-2.5855229879069395,-0.014607942873981039,25.012693008979113,0.0,0.0,0.0,0.0,0.0,0,0,,,0.0,,
fractal_plain_uniswap_v2_lp,556,sideways,2025-11-13 14:00:00+00:00,2025-11-13 16:00:00+00:00,3,111636.81121114283,109613.12915327789,-0.018127372467111047,-0.015716581265527996,-1.0,0.6455988408882647,-1.5489494972204765,-0.018127372467111047,7.9466506694170675,0.0,0.0,0.0,0.0,0.0,0,0,,,0.0,,
fractal_plain_uniswap_v2_lp,557,downtrend,2025-11-13 17:00:00+00:00,2025-11-14 15:00:00+00:00,23,108494.67254272406,107462.4564701981,-0.009513979334971334,-0.019620575561458575,-0.9994723959502243,0.5502482041539123,-1.8164028313132987,-0.022634441478080358,51.017593089949514,0.0,0.0,0.0,0.0,0.0,0,0,,,0.0,,
fractal_plain_uniswap_v2_lp,558,high_vol_chop,2025-11-14 16:00:00+00:00,2025-11-15 18:00:00+00:00,27,108100.55720245613,107724.9187292362,-0.003474898584624353,0.0024423623622538138,1.2065821836806339,0.40518170875118364,2.977879202394052,-0.019462989424693933,28.298028644487204,0.0,0.0,0.0,0.0,0.0,0,0,,,0.0,,
fractal_plain_uniswap_v2_lp,559,sideways,2025-11-15 19:00:00+00:00,2025-11-16 14:00:00+00:00,20,107555.58095602693,106954.31075371288,-0.005590320808734894,-0.007153479293497633,-0.9569108644871458,0.32135591638846545,-2.977729102489593,-0.013626707175715902,9.103241721864833,0.0,0.0,0.0,0.0,0.0,0,0,,,0.0,,
fractal_plain_uniswap_v2_lp,560,high_vol_chop,2025-11-16 15:00:00+00:00,2025-11-17 10:00:00+00:00,20,105998.49849016864,107539.65309861983,0.014539400372677314,0.005472826114085727,9.919631483626123,0.36622630819691887,27.086070174653766,-0.00868035604295303,29.68387180236823,0.0,0.0,0.0,0.0,0.0,0,0,,,0.0,,
fractal_plain_uniswap_v2_lp,561,sideways,2025-11-17 11:00:00+00:00,2025-11-17 12:00:00+00:00,2,107623.90390225092,107395.57222120214,-0.0021215703275005993,-0.001339793027652414,-0.9971834093794465,0.1922581015083062,-5.186691232027821,-0.0021215703275005993,0.7014260337418818,0.0,0.0,0.0,0.0,0.0,0,0,,,0.0,,
fractal_plain_uniswap_v2_lp,562,high_vol_chop,2025-11-17 13:00:00+00:00,2025-11-17 14:00:00+00:00,2,105974.08666197152,106780.3457376845,0.007608077607545116,-0.005728601941339284,-0.9999999999882059,1.3794923714594443,-0.7249043348679401,0.0,6.321590907060454,0.0,0.0,0.0,0.0,0.0,0,0,,,0.0,,
fractal_plain_uniswap_v2_lp,563,sideways,2025-11-17 15:00:00+00:00,2025-11-17 16:00:00+00:00,2,106229.46291949718,106395.1852403376,0.0015600410308578283,-0.0036070354959619744,-0.9999998662612571,0.44467854215353886,-2.248815203491372,0.0,6.102651504674213,0.0,0.0,0.0,0.0,0.0,0,0,,,0.0,,
fractal_plain_uniswap_v2_lp,564,high_vol_chop,2025-11-17 17:00:00+00:00,2025-11-18 01:00:00+00:00,9,105240.91070174504,104491.63993123718,-0.007119577030564761,-0.017891273038347366,-0.9999999766305601,0.4789503768185716,-2.087898924462824,-0.013071522663354873,21.834778173162704,0.0,0.0,0.0,0.0,0.0,0,0,,,0.0,,
fractal_plain_uniswap_v2_lp,567,downtrend,2025-11-18 04:00:00+00:00,2025-11-18 07:00:00+00:00,4,104171.62900566994,104587.15734876548,0.003988882069540622,0.00139619850054018,20.23269351075583,0.4137888494067748,48.89617866639537,-0.00393371227566619,13.377149942392862,0.0,0.0,0.0,0.0,0.0,0,0,,,0.0,,
fractal_plain_uniswap_v2_lp,568,high_vol_chop,2025-11-18 08:00:00+00:00,2025-11-18 17:00:00+00:00,10,105251.2095204414,106431.46646872342,0.011213713872359587,0.01763418345722645,4470104.7298453795,0.4013030549034245,11138975.084356464,-0.004052270532158619,13.182033546294406,0.0,0.0,0.0,0.0,0.0,0,0,,,0.0,,
fractal_plain_uniswap_v2_lp,571,sideways,2025-11-18 20:00:00+00:00,2025-11-18 23:00:00+00:00,4,106572.72503228832,106206.90934904208,-0.0034325450825754,-0.004589395150410125,-0.9999578345620347,0.26679294914242374,-3.748066947707156,-0.004897837292439977,1.6569617040076992,0.0,0.0,0.0,0.0,0.0,0,0,,,0.0,,
fractal_plain_uniswap_v2_lp,573,sideways,2025-11-19 01:00:00+00:00,2025-11-19 04:00:00+00:00,4,105986.2247898068,105276.88880778392,-0.006692718638008355,-0.006054024006868386,-0.9999983231748818,0.32985350935327035,-3.031643729167944,-0.00866510268237597,2.4102406306774355,0.0,0.0,0.0,0.0,0.0,0,0,,,0.0,,
fractal_plain_uniswap_v2_lp,574,high_vol_chop,2025-11-19 05:00:00+00:00,2025-11-19 07:00:00+00:00,3,104316.1126588802,105540.33219159588,0.011735670564325451,0.0025023857258257287,1476.104628652434,0.8157955642112548,1809.4050683881735,0.0,3.758199552723454,0.0,0.0,0.0,0.0,0.0,0,0,,,0.0,,
fractal_plain_uniswap_v2_lp,575,sideways,2025-11-19 08:00:00+00:00,2025-11-19 12:00:00+00:00,5,105702.16677217816,105867.23972647249,0.0015616799478681553,0.003097465472092331,224.51174054617823,0.149768924487426,1499.0542351462727,-0.0013738390612444418,2.617428780073169,0.0,0.0,0.0,0.0,0.0,0,0,,,0.0,,
fractal_plain_uniswap_v2_lp,576,high_vol_chop,2025-11-19 13:00:00+00:00,2025-11-19 15:00:00+00:00,3,105441.93975368942,103773.3953308984,-0.015824295595175064,-0.01977802010313967,-1.0,0.5634972460958705,-1.7746315655105531,-0.015824295595175064,6.548267858936015,0.0,0.0,0.0,0.0,0.0,0,0,,,0.0,,
fractal_plain_uniswap_v2_lp,577,downtrend,2025-11-19 16:00:00+00:00,2025-11-19 20:00:00+00:00,5,103177.25497821384,103201.26960198893,0.00023275114055087975,-0.0055132216411074575,-0.9999378456123004,0.5843611741301127,-1.7111640709203864,-0.009361463668039138,17.800653690024774,0.0,0.0,0.0,0.0,0.0,0,0,,,0.0,,
fractal_plain_uniswap_v2_lp,578,high_vol_chop,2025-11-19 21:00:00+00:00,2025-11-20 22:00:00+00:00,26,104017.35037257311,102383.54933036208,-0.015707004998291474,-0.007923548564669591,-0.9314546029431496,0.5009528181231973,-1.8593659307733066,-0.037949077624573446,48.26113041600729,0.0,0.0,0.0,0.0,0.0,0,0,,,0.0,,
fractal_plain_uniswap_v2_lp,579,downtrend,2025-11-20 23:00:00+00:00,2025-11-21 15:00:00+00:00,17,101403.17959399044,99099.2765561064,-0.022720224820451107,-0.03207812969697155,-0.9999999494651038,0.6763092905424947,-1.4786133555299292,-0.03207270017894526,100.95744237124745,0.0,0.0,0.0,0.0,0.0,0,0,,,0.0,,
fractal_plain_uniswap_v2_lp,580,high_vol_chop,2025-11-21 16:00:00+00:00,2025-11-21 21:00:00+00:00,6,100008.06109257584,100341.59949659956,0.0033351151935139267,0.01253614540556014,79319855.29640797,0.554328358964425,143091822.7683503,-0.009098435266847615,18.39353052705701,0.0,0.0,0.0,0.0,0.0,0,0,,,0.0,,
fractal_plain_uniswap_v2_lp,582,high_vol_chop,2025-11-21 23:00:00+00:00,2025-11-22 15:00:00+00:00,17,100177.12371901685,99673.41761009772,-0.005028155033997117,0.0006034560434688974,0.3646030256516868,0.3007653023123818,1.2122509573029194,-0.011467053805316763,10.482512357408268,0.0,0.0,0.0,0.0,0.0,0,0,,,0.0,,
fractal_plain_uniswap_v2_lp,583,sideways,2025-11-22 16:00:00+00:00,2025-11-24 08:00:00+00:00,41,99981.04565830703,101472.13278354656,0.014913698045681878,0.018046087076947437,44.66459944008984,0.333253350240569,134.02595775210466,-0.007668365155165224,30.1235572760379,0.0,0.0,0.0,0.0,0.0,0,0,,,0.0,,
fractal_plain_uniswap_v2_lp,584,high_vol_chop,2025-11-24 09:00:00+00:00,2025-11-24 11:00:00+00:00,3,100981.96483226666,100913.49828973388,-0.0006780076288523951,-0.00550529961762336,-0.999999900179086,0.24482188714743272,-4.084601715274264,-0.0006817736749678005,1.5196692535882903,0.0,0.0,0.0,0.0,0.0,0,0,,,0.0,,
fractal_plain_uniswap_v2_lp,585,sideways,2025-11-24 12:00:00+00:00,2025-11-24 16:00:00+00:00,5,100976.62300944269,102077.17006522388,0.0108990281411796,0.011531378806717507,529465937.98662406,0.19731124792748353,2683404740.2164073,-0.00019858842217479467,6.414005040751363,0.0,0.0,0.0,0.0,0.0,0,0,,,0.0,,
fractal_plain_uniswap_v2_lp,586,uptrend,2025-11-24 17:00:00+00:00,2025-11-24 18:00:00+00:00,2,103259.64418668865,103658.59683552274,0.0038635872898495904,0.015492462901238069,1.7537397383577025e+29,0.5109569211997963,3.432265354659808e+29,0.0,4.737403116630958,0.0,0.0,0.0,0.0,0.0,0,0,,,0.0,,
fractal_plain_uniswap_v2_lp,589,high_vol_chop,2025-11-24 21:00:00+00:00,2025-11-24 22:00:00+00:00,2,103732.42190552712,103796.40357143304,0.0006167952577467162,-0.002597643402543093,-0.9999887200226466,0.2534259356837313,-3.9458815346768827,0.0,1.1344890862092143,0.0,0.0,0.0,0.0,0.0,0,0,,,0.0,,
fractal_plain_uniswap_v2_lp,590,uptrend,2025-11-24 23:00:00+00:00,2025-11-25 00:00:00+00:00,2,103794.91074202556,103447.12339368583,-0.0033507167726568587,-0.0033650508662068646,-0.9999996125880267,0.22080384923619564,-4.528904799654644,-0.0033507167726568587,1.3214431015239825,0.0,0.0,0.0,0.0,0.0,0,0,,,0.0,,
fractal_plain_uniswap_v2_lp,591,high_vol_chop,2025-11-25 01:00:00+00:00,2025-11-25 04:00:00+00:00,4,103218.16567917968,103321.995513681,0.0010059259803554266,-0.001209582982106272,-0.9293904665236411,0.24859316031433099,-3.7386003112414,-0.0024986586338372474,2.818139155600875,0.0,0.0,0.0,0.0,0.0,0,0,,,0.0,,
fractal_plain_uniswap_v2_lp,592,sideways,2025-11-25 05:00:00+00:00,2025-11-25 07:00:00+00:00,3,103223.92056734837,102930.02211177904,-0.0028471933051368303,-0.0037937072348748213,-0.9999848678820222,0.030567237851829014,-32.71426985746399,-0.0028471933051368303,1.1065262319661997,0.0,0.0,0.0,0.0,0.0,0,0,,,0.0,,
fractal_plain_uniswap_v2_lp,594,sideways,2025-11-25 09:00:00+00:00,2025-11-25 12:00:00+00:00,4,102444.85222432016,103119.79085525042,0.006588311821196902,0.007652382957946902,17803788.211649638,0.17873692793519733,99608896.81456627,0.0,3.3786428522798815,0.0,0.0,0.0,0.0,0.0,0,0,,,0.0,,
fractal_plain_uniswap_v2_lp,595,high_vol_chop,2025-11-25 13:00:00+00:00,2025-11-25 16:00:00+00:00,4,102881.04576991354,103245.68099244076,0.003544241019309835,0.0012208145123864256,13.468199950684143,0.5051175751676641,26.6634950213594,-0.006002962939203105,8.971666505678513,0.0,0.0,0.0,0.0,0.0,0,0,,,0.0,,
fractal_plain_uniswap_v2_lp,596,sideways,2025-11-25 17:00:00+00:00,2025-11-30 23:00:00+00:00,127,103498.8157797036,104544.92675560052,0.010107468071166803,0.012584020471082313,1.3692751780976824,0.2245431092095108,6.098050316120256,-0.015606834307353878,67.63814641194222,0.0,0.0,0.0,0.0,0.0,0,0,,,0.0,,
fractal_plain_uniswap_v2_lp,597,downtrend,2025-12-01 00:00:00+00:00,2025-12-01 23:00:00+00:00,24,101661.33756794124,101187.88594211065,-0.0046571453529635765,-0.03211098728241257,-0.9999932960718703,0.6118661641442343,-1.6343333798666195,-0.02064449112601474,25.816234256726602,0.0,0.0,0.0,0.0,0.0,0,0,,,0.0,,
fractal_plain_uniswap_v2_lp,598,sideways,2025-12-02 00:00:00+00:00,2025-12-02 14:00:00+00:00,15,100943.0811875128,102760.06290341048,0.018000061960883107,0.01553720533502645,8134.231461858193,0.28123671728701444,28923.077826843117,-0.002472998534042925,7.539057354933902,0.0,0.0,0.0,0.0,0.0,0,0,,,0.0,,
fractal_plain_uniswap_v2_lp,599,uptrend,2025-12-02 15:00:00+00:00,2025-12-03 14:00:00+00:00,24,104823.3896724751,106078.10434953633,0.011969796826658996,0.03228921190175482,109019.17540589093,0.42548529355497233,256223.13404777113,-0.006264538433089273,22.622111840704747,0.0,0.0,0.0,0.0,0.0,0,0,,,0.0,,
fractal_plain_uniswap_v2_lp,600,sideways,2025-12-03 15:00:00+00:00,2025-12-03 19:00:00+00:00,5,106053.94547861814,106755.23428440478,0.006612566865115133,0.00638331481336829,69425.54812335249,0.20765293280744723,334334.54170247394,-0.001296018816641764,4.69816616213393,0.0,0.0,0.0,0.0,0.0,0,0,,,0.0,,
fractal_plain_uniswap_v2_lp,601,uptrend,2025-12-03 20:00:00+00:00,2025-12-04 03:00:00+00:00,8,107046.5217769474,108305.90526456428,0.011764823991582407,0.01452547962218298,7210074.5023489855,0.1267516894855048,56883458.76583777,-0.0001547448544246821,6.321164091095852,0.0,0.0,0.0,0.0,0.0,0,0,,,0.0,,
fractal_plain_uniswap_v2_lp,602,sideways,2025-12-04 04:00:00+00:00,2025-12-07 14:00:00+00:00,83,107960.59040363527,103782.67758364616,-0.038698499187240776,-0.04176344466046478,-0.9889186614273141,0.2761466644431762,-3.5811356382716975,-0.040815729781305765,55.965244495588195,0.0,0.0,0.0,0.0,0.0,0,0,,,0.0,,
fractal_plain_uniswap_v2_lp,603,high_vol_chop,2025-12-07 15:00:00+00:00,2025-12-08 13:00:00+00:00,23,105091.30494835808,107225.9393624603,0.020312188673945686,0.03317761556150778,250507.0271629887,0.47337043707536286,529198.7153036065,-0.01455910316136455,18.430780983977456,0.0,0.0,0.0,0.0,0.0,0,0,,,0.0,,
fractal_plain_uniswap_v2_lp,605,high_vol_chop,2025-12-08 15:00:00+00:00,2025-12-08 16:00:00+00:00,2,106493.90779567463,106583.66767141224,0.000842863949643391,-0.004572559611044746,-0.9999999980853679,0.4138814540553001,-2.4161507801017694,0.0,2.6641545175407373,0.0,0.0,0.0,0.0,0.0,0,0,,,0.0,,
fractal_plain_uniswap_v2_lp,606,sideways,2025-12-08 17:00:00+00:00,2025-12-09 14:00:00+00:00,22,106746.38957528357,106628.42709492664,-0.0011050723197878476,0.00041994636225406445,0.1819668881960934,0.18072667519524524,1.006862368266933,-0.005571905056813042,8.574680786490717,0.0,0.0,0.0,0.0,0.0,0,0,,,0.0,,
fractal_plain_uniswap_v2_lp,608,uptrend,2025-12-09 16:00:00+00:00,2025-12-09 20:00:00+00:00,5,110854.40469376212,110281.1397248764,-0.005171332347770785,0.012593919240866835,3331746812.8141108,0.8287320558203152,4020294363.4371696,-0.006587070182157317,6.87034292961107,0.0,0.0,0.0,0.0,0.0,0,0,,,0.0,,
fractal_plain_uniswap_v2_lp,610,uptrend,2025-12-09 22:00:00+00:00,2025-12-10 14:00:00+00:00,17,110299.70540090374,110145.2493148472,-0.001400330902926239,0.003544036560293229,5.190356763781827,0.17854121828371264,29.070916025307053,-0.0044512043244284705,6.300940161343533,0.0,0.0,0.0,0.0,0.0,0,0,,,0.0,,
fractal_plain_uniswap_v2_lp,612,sideways,2025-12-10 16:00:00+00:00,2025-12-11 15:00:00+00:00,24,110802.71682353252,107767.84395571324,-0.02738987774688506,-0.02169202406032411,-0.9996661188490505,0.31343016900552717,-3.1894380876635458,-0.032825355084567076,32.74355004671634,0.0,0.0,0.0,0.0,0.0,0,0,,,0.0,,
fractal_plain_uniswap_v2_lp,613,downtrend,2025-12-11 16:00:00+00:00,2025-12-11 19:00:00+00:00,4,107888.67543905375,108326.6870508593,0.004059847894350765,0.0051856200758335635,83046.17498321003,0.09551935883300183,869417.215502892,0.0,5.525862026785035,0.0,0.0,0.0,0.0,0.0,0,0,,,0.0,,
fractal_plain_uniswap_v2_lp,614,sideways,2025-12-11 20:00:00+00:00,2025-12-12 14:00:00+00:00,19,108476.90925517394,108716.51369007006,0.0022088058789773157,0.003598620523008078,4.239233835866603,0.23065227364348112,18.37932819348306,-0.007657548981797602,8.00805605052119,0.0,0.0,0.0,0.0,0.0,0,0,,,0.0,,
fractal_plain_uniswap_v2_lp,615,high_vol_chop,2025-12-12 15:00:00+00:00,2025-12-12 20:00:00+00:00,6,106076.87910728142,106102.56461344866,0.0002421404775800884,-0.02404371689174345,-0.9999999999999997,0.9446153187268793,-1.0586319956654588,-0.0023641071256959023,9.271567480995145,0.0,0.0,0.0,0.0,0.0,0,0,,,0.0,,
fractal_plain_uniswap_v2_lp,617,high_vol_chop,2025-12-12 22:00:00+00:00,2025-12-13 01:00:00+00:00,4,106263.6795175593,106298.69954914684,0.0003295578672461996,0.000984021236600574,7.618809077950214,0.039299195257440626,193.8667962038669,-0.0003151146298050467,0.35520892300519313,0.0,0.0,0.0,0.0,0.0,0,0,,,0.0,,
fractal_plain_uniswap_v2_lp,619,high_vol_chop,2025-12-13 03:00:00+00:00,2025-12-13 14:00:00+00:00,12,106344.5054494418,106600.98101055564,0.002411742478183543,0.0028986742385341824,7.272785430813398,0.1712535306988126,42.46794446302078,-0.00344329345328076,1.8542570283589155,0.0,0.0,0.0,0.0,0.0,0,0,,,0.0,,
fractal_plain_uniswap_v2_lp,620,sideways,2025-12-13 15:00:00+00:00,2025-12-15 17:00:00+00:00,51,106728.11069281388,103798.7554917164,-0.027446894563033952,-0.02628705188521485,-0.9896998227962125,0.2871444428611056,-3.446696766738193,-0.035668442938815326,28.722413336294267,0.0,0.0,0.0,0.0,0.0,0,0,,,0.0,,
fractal_plain_uniswap_v2_lp,624,sideways,2025-12-15 21:00:00+00:00,2025-12-15 22:00:00+00:00,2,103751.54587462262,103969.7600678602,0.0021032379941718915,0.003934830530325062,29524731.979531333,0.018232336976913108,1619360810.2415693,0.0,1.9739450562192362,0.0,0.0,0.0,0.0,0.0,0,0,,,0.0,,
fractal_plain_uniswap_v2_lp,625,high_vol_chop,2025-12-15 23:00:00+00:00,2025-12-16 00:00:00+00:00,2,104141.60081146965,103983.36322895678,-0.0015194464198733382,0.00013083766941157648,0.7736356966607068,0.20994394062885172,3.6849632065751043,-0.0015194464198733382,1.3811429444722307,0.0,0.0,0.0,0.0,0.0,0,0,,,0.0,,
fractal_plain_uniswap_v2_lp,626,downtrend,2025-12-16 01:00:00+00:00,2025-12-16 13:00:00+00:00,13,103908.4777217604,103525.17392306446,-0.003688859726367344,-0.004406371285408661,-0.948992232733708,0.2474437988623538,-3.8351829267768656,-0.007223974074488271,8.220296281211631,0.0,0.0,0.0,0.0,0.0,0,0,,,0.0,,
fractal_plain_uniswap_v2_lp,627,sideways,2025-12-16 14:00:00+00:00,2025-12-17 14:00:00+00:00,25,103768.35300726176,104609.00476138316,0.008101234429947812,0.010469249142475379,37.44986000184165,0.254103027472423,147.38061318811307,-0.007898913742897418,32.66418445308045,0.0,0.0,0.0,0.0,0.0,0,0,,,0.0,,
fractal_plain_uniswap_v2_lp,628,high_vol_chop,2025-12-17 15:00:00+00:00,2025-12-18 15:00:00+00:00,25,103260.60559055694,104349.47412190784,0.010544859049814503,-0.0024809588817648054,-0.5812194162187041,0.49980672702806705,-1.1628883422092582,-0.016511344396444194,27.01815984194218,0.0,0.0,0.0,0.0,0.0,0,0,,,0.0,,
fractal_plain_uniswap_v2_lp,630,high_vol_chop,2025-12-18 17:00:00+00:00,2025-12-19 16:00:00+00:00,24,102009.42473025176,104403.0104463316,0.0234643585375498,0.004797805789910292,4.737430978623375,0.5147464197553366,9.203426768611846,-0.00922018424689941,28.00862785445497,0.0,0.0,0.0,0.0,0.0,0,0,,,0.0,,
fractal_plain_uniswap_v2_lp,631,sideways,2025-12-19 17:00:00+00:00,2025-12-19 18:00:00+00:00,2,104031.27900191676,104229.22886995604,0.0019027918327874094,-0.001664526488581397,-0.9993222285909872,0.36157209116669037,-2.7638256740625593,0.0,2.4959381316621148,0.0,0.0,0.0,0.0,0.0,0,0,,,0.0,,
fractal_plain_uniswap_v2_lp,632,uptrend,2025-12-19 19:00:00+00:00,2025-12-20 02:00:00+00:00,8,104674.87795376783,104588.43171001192,-0.0008258547365499469,0.0034462774401222696,42.25817075593194,0.1582255265624626,267.0755577435206,-0.0019150762789306164,1.731110237478788,0.0,0.0,0.0,0.0,0.0,0,0,,,0.0,,
fractal_plain_uniswap_v2_lp,633,sideways,2025-12-20 03:00:00+00:00,2025-12-31 00:00:00+00:00,262,104641.40382730986,104405.33184806423,-0.002256009290884653,-0.001750670307929858,-0.05690207613501952,0.19417159079095303,-0.29305047099439396,-0.02715073376524968,80.19891720898886,0.0,0.0,0.0,0.0,0.0,0,0,,,0.0,,
