number,state,value,hedge_ratio,rebalance_threshold,score,target_final_nav,target_net_pnl,target_annualized_return,target_annualized_volatility,target_sharpe,target_max_drawdown,target_turnover,target_number_of_rebalances,target_total_costs,target_average_health_factor,target_average_idle_ratio,plain_lp_final_nav,plain_lp_net_pnl,plain_lp_annualized_return,plain_lp_annualized_volatility,plain_lp_sharpe,plain_lp_max_drawdown,plain_lp_turnover,plain_lp_number_of_rebalances,plain_lp_total_costs,plain_lp_average_health_factor,plain_lp_average_idle_ratio,fixed_hedge_final_nav,fixed_hedge_net_pnl,fixed_hedge_annualized_return,fixed_hedge_annualized_volatility,fixed_hedge_sharpe,fixed_hedge_max_drawdown,fixed_hedge_turnover,fixed_hedge_number_of_rebalances,fixed_hedge_total_costs,fixed_hedge_average_health_factor,fixed_hedge_average_idle_ratio,buy_hold_final_nav,buy_hold_net_pnl,buy_hold_annualized_return,buy_hold_annualized_volatility,buy_hold_sharpe,buy_hold_max_drawdown,buy_hold_turnover,buy_hold_number_of_rebalances,buy_hold_total_costs,buy_hold_average_health_factor,buy_hold_average_idle_ratio
0,TrialState.COMPLETE,0.286297098672424,0.4434510772507856,0.14408571676918994,0.286297098672424,102838.68227486388,2913.6822748638806,0.029239957980502718,0.10475739827119322,0.3275142227915065,-0.10266123755755852,6336.603790601245,2.0,36.336603790601245,3.722899495034244,0.11046013702968933,104405.33184806425,4555.331848064248,0.045749909919045706,0.3617198435571055,0.30497452733409314,-0.3569731755453921,0.0,0.0,0.0,inf,0.0,105233.89118199589,5308.8911819958885,0.05327853755598699,0.1121537236362838,0.5188968499410541,-0.10569600955792269,0.0,0.0,0.0,4.404112244385405,0.10679643780939803,94137.82318598832,-5862.1768140116765,-0.05877798846322113,0.3335077918349891,-0.0147141048355953,-0.32483243304392084,0.0,0.0,0.0,inf,0.0
1,TrialState.COMPLETE,0.43470136712400864,0.6757960621774133,0.10183901810364439,0.43470136712400864,103057.25235706904,3132.252357069039,0.03143348808255819,0.07822388796057467,0.43474781876368174,-0.05462688937363647,15598.45041978574,6.0,105.59845041978573,2.5270356250786383,0.16413493386955016,104405.33184806425,4555.331848064248,0.045749909919045706,0.3617198435571055,0.30497452733409314,-0.3569731755453921,0.0,0.0,0.0,inf,0.0,105689.94583267065,5764.945832670652,0.057855723510664925,0.08434133733922386,0.7089820876229562,-0.06779091916297852,0.0,0.0,0.0,2.88993740628422,0.16188153545399867,94137.82318598832,-5862.1768140116765,-0.05877798846322113,0.3335077918349891,-0.0147141048355953,-0.32483243304392084,0.0,0.0,0.0,inf,0.0
2,TrialState.COMPLETE,0.2621894272322781,0.30141211628758374,0.048719342440344315,0.2621894272322781,103563.1136767944,3638.113676794397,0.03651027043761901,0.1285011830308309,0.34334061238869673,-0.1232278287803269,7451.287834669786,6.0,97.45128783466978,5.7095279106871795,0.07255156389425012,104405.33184806425,4555.331848064248,0.045749909919045706,0.3617198435571055,0.30497452733409314,-0.3569731755453921,0.0,0.0,0.0,inf,0.0,104955.09227120929,5030.092271209287,0.05048040311525437,0.13156025771491045,0.4401322380831344,-0.12883044119856346,0.0,0.0,0.0,6.479528239145753,0.07284551938382118,94137.82318598832,-5862.1768140116765,-0.05877798846322113,0.3335077918349891,-0.0147141048355953,-0.32483243304392084,0.0,0.0,0.0,inf,0.0
3,TrialState.COMPLETE,0.15608672006558547,0.23775434790932964,0.13394113749299222,0.15608672006558547,104830.14263509105,4905.142635091048,0.04922636653161527,0.14061700684194647,0.4120664928170488,-0.13914318219218358,0.0,0.0,0.0,8.214395809286671,0.05755508239677798,104405.33184806425,4555.331848064248,0.045749909919045706,0.3617198435571055,0.30497452733409314,-0.3569731755453921,0.0,0.0,0.0,inf,0.0,104830.14263509105,4905.142635091048,0.04922636653161527,0.14061700684194647,0.4120664928170488,-0.13914318219218358,0.0,0.0,0.0,8.214395809286671,0.05755508239677798,94137.82318598832,-5862.1768140116765,-0.05877798846322113,0.3335077918349891,-0.0147141048355953,-0.32483243304392084,0.0,0.0,0.0,inf,0.0
4,TrialState.COMPLETE,0.262370618874838,0.5907247576330856,0.11496870933552546,0.262370618874838,101889.10681644661,1964.1068164466124,0.019710338216408774,0.08789676881186478,0.26602148759997346,-0.07302062015891253,16943.020517440484,6.0,106.94302051744049,2.849389730531062,0.13998903943140367,104405.33184806425,4555.331848064248,0.045749909919045706,0.3617198435571055,0.30497452733409314,-0.3569731755453921,0.0,0.0,0.0,inf,0.0,105522.96497836607,5597.964978366072,0.05617981625470292,0.09374949704784331,0.6298682323879027,-0.08167240363933159,0.0,0.0,0.0,3.3061223418693184,0.1417734171490353,94137.82318598832,-5862.1768140116765,-0.05877798846322113,0.3335077918349891,-0.0147141048355953,-0.32483243304392084,0.0,0.0,0.0,inf,0.0
5,TrialState.COMPLETE,0.13833942851588868,0.2133799212922716,0.1463891822594393,0.13833942851588868,104782.29968027212,4857.299680272117,0.048746199628636466,0.14413174728436687,0.4023186343296447,-0.1430828778604576,0.0,0.0,0.0,9.152727713452476,0.05168758630753234,104405.33184806425,4555.331848064248,0.045749909919045706,0.3617198435571055,0.30497452733409314,-0.3569731755453921,0.0,0.0,0.0,inf,0.0,104782.29968027212,4857.299680272117,0.048746199628636466,0.14413174728436687,0.4023186343296447,-0.1430828778604576,0.0,0.0,0.0,9.152727713452476,0.05168758630753234,94137.82318598832,-5862.1768140116765,-0.05877798846322113,0.3335077918349891,-0.0147141048355953,-0.32483243304392084,0.0,0.0,0.0,inf,0.0
6,TrialState.COMPLETE,0.440928091294919,0.741087716520274,0.055480693281393136,0.440928091294919,102866.55397241712,2941.553972417125,0.0295196726210345,0.07011361099282429,0.4499574921717464,-0.042509303803357934,32064.50904607992,23.0,377.06450904607993,2.255809912709677,0.18256926464003062,104405.33184806425,4555.331848064248,0.045749909919045706,0.3617198435571055,0.30497452733409314,-0.3569731755453921,0.0,0.0,0.0,inf,0.0,105818.1025158145,5893.102515814506,0.05914197599770987,0.07798429942649057,0.775733046844717,-0.05713821824951115,0.0,0.0,0.0,2.6353267981235713,0.1772699401080104,94137.82318598832,-5862.1768140116765,-0.05877798846322113,0.3335077918349891,-0.0147141048355953,-0.32483243304392084,0.0,0.0,0.0,inf,0.0
7,TrialState.COMPLETE,0.267757568928102,0.3181862286846154,0.052008541182412056,0.267757568928102,103503.42881101235,3578.4288110123452,0.035911274511062796,0.12591199307650547,0.34319167244715054,-0.12017387943582569,7932.461627071663,6.0,97.93246162707166,5.39970275441381,0.07668757426119353,104405.33184806425,4555.331848064248,0.045749909919045706,0.3617198435571055,0.30497452733409314,-0.3569731755453921,0.0,0.0,0.0,inf,0.0,104988.01707039103,5063.017070391026,0.050810848159374755,0.1292062496742405,0.44820670545228064,-0.1261072927625837,0.0,0.0,0.0,6.137941064199529,0.07686672986890748,94137.82318598832,-5862.1768140116765,-0.05877798846322113,0.3335077918349891,-0.0147141048355953,-0.32483243304392084,0.0,0.0,0.0,inf,0.0
8,TrialState.COMPLETE,0.3528691042199801,0.39775745792369954,0.09297077179586853,0.3528691042199801,103877.70203141609,3952.702031416091,0.03966748751725957,0.11309153146161027,0.40053520119471775,-0.1076623145654717,4447.7838784614905,2.0,34.44778387846149,4.255409772195211,0.10030244398919602,104405.33184806425,4555.331848064248,0.045749909919045706,0.3617198435571055,0.30497452733409314,-0.3569731755453921,0.0,0.0,0.0,inf,0.0,105144.20218953986,5219.202189539865,0.0523783816757033,0.11825541722701789,0.4908447595982134,-0.11315702372187575,0.0,0.0,0.0,4.910048272383925,0.0958987527919763,94137.82318598832,-5862.1768140116765,-0.05877798846322113,0.3335077918349891,-0.0147141048355953,-0.32483243304392084,0.0,0.0,0.0,inf,0.0
9,TrialState.COMPLETE,0.3625024301605715,0.4807642621173752,0.06494749682376502,0.3625024301605715,103305.86719043698,3380.867190436984,0.03392855744818113,0.10100766533621709,0.38083960867585476,-0.09024301478033103,12401.773087158648,8.0,132.40177308715866,3.4618435888820764,0.11867467889107561,104405.33184806425,4555.331848064248,0.045749909919045706,0.3617198435571055,0.30497452733409314,-0.3569731755453921,0.0,0.0,0.0,inf,0.0,105307.13077223393,5382.130772233926,0.05401360198510807,0.10729135239420212,0.543936419128064,-0.09959015088928558,0.0,0.0,0.0,4.062299286774501,0.11567902133844314,94137.82318598832,-5862.1768140116765,-0.05877798846322113,0.3335077918349891,-0.0147141048355953,-0.32483243304392084,0.0,0.0,0.0,inf,0.0
10,TrialState.COMPLETE,0.18677988369647922,0.83569744815278,0.03071966195469808,0.18677988369647922,101155.84865046009,1230.8486504600878,0.012351772838865793,0.06378893381702504,0.22432960520921663,-0.026949931340060518,78448.4325797482,89.0,1413.4484325797482,1.9948157248966394,0.2018520135369325,104405.33184806425,4555.331848064248,0.045749909919045706,0.3617198435571055,0.30497452733409314,-0.3569731755453921,0.0,0.0,0.0,inf,0.0,106003.80571971067,6078.805719710668,0.06100580529637201,0.07054720356338741,0.8745919577504138,-0.043339745012970776,0.0,0.0,0.0,2.336980115738057,0.19950379261451373,94137.82318598832,-5862.1768140116765,-0.05877798846322113,0.3335077918349891,-0.0147141048355953,-0.32483243304392084,0.0,0.0,0.0,inf,0.0
11,TrialState.COMPLETE,0.4655612248677607,0.6650870039449949,0.09227622629858433,0.4655612248677607,103322.255664052,3397.255664052005,0.03409303083098214,0.07889826222217483,0.46434019752579003,-0.05663890458480403,14395.669392764246,6.0,104.39566939276425,2.5554974908684587,0.163502445228705,104405.33184806425,4555.331848064248,0.045749909919045706,0.3617198435571055,0.30497452733409314,-0.3569731755453921,0.0,0.0,0.0,inf,0.0,105668.92572839414,5743.925728394141,0.057644754341222626,0.0854620219451636,0.6984660495524109,-0.06953503047220155,0.0,0.0,0.0,2.936470427961637,0.15935393010921733,94137.82318598832,-5862.1768140116765,-0.05877798846322113,0.3335077918349891,-0.0147141048355953,-0.32483243304392084,0.0,0.0,0.0,inf,0.0
12,TrialState.COMPLETE,0.4378618225134269,0.7702327568542707,0.07648210546195897,0.4378618225134269,102739.71600822656,2814.716008226562,0.02824675450825076,0.06801988570081384,0.4434978312345668,-0.035879696745125256,24985.423848707716,12.0,204.9854238487077,2.180274820758759,0.19168837273973097,104405.33184806425,4555.331848064248,0.045749909919045706,0.3617198435571055,0.30497452733409314,-0.3569731755453921,0.0,0.0,0.0,inf,0.0,105875.30939373617,5950.30939373617,0.05971613775262008,0.07544550181596973,0.8064351159104011,-0.05272601171159519,0.0,0.0,0.0,2.5356079726892156,0.184127132429249,94137.82318598832,-5862.1768140116765,-0.05877798846322113,0.3335077918349891,-0.0147141048355953,-0.32483243304392084,0.0,0.0,0.0,inf,0.0
13,TrialState.COMPLETE,0.39601277595704676,0.6588002895527284,0.07709434705231588,0.39601277595704676,102776.72927866364,2851.729278663639,0.02861821116242158,0.0784003477334476,0.3990901065422826,-0.057697442745537786,20123.519712258007,10.0,170.123519712258,2.5280737047623427,0.1621633241126385,104405.33184806425,4555.331848064248,0.045749909919045706,0.3617198435571055,0.30497452733409314,-0.3569731755453921,0.0,0.0,0.0,inf,0.0,105656.58595124361,5731.5859512436145,0.05752090569740109,0.08612917367800564,0.692361566448415,-0.070558494443129,0.0,0.0,0.0,2.96449219904262,0.1578696238522696,94137.82318598832,-5862.1768140116765,-0.05877798846322113,0.3335077918349891,-0.0147141048355953,-0.32483243304392084,0.0,0.0,0.0,inf,0.0
14,TrialState.COMPLETE,0.35200991613080634,0.7093592537468609,0.11860866536700247,0.35200991613080634,102331.54451595902,2406.5445159590163,0.024150463866450478,0.0751147000346858,0.35523921110316736,-0.04927021458939651,18317.187502941393,6.0,108.3171875029414,2.416060093889982,0.16932260039054112,104405.33184806425,4555.331848064248,0.045749909919045706,0.3617198435571055,0.30497452733409314,-0.3569731755453921,0.0,0.0,0.0,inf,0.0,105755.8248083307,5830.824808330697,0.058516921394872856,0.08096595180548903,0.7428057240953477,-0.06231899752327574,0.0,0.0,0.0,2.753200594466376,0.1697966309065932,94137.82318598832,-5862.1768140116765,-0.05877798846322113,0.3335077918349891,-0.0147141048355953,-0.32483243304392084,0.0,0.0,0.0,inf,0.0
15,TrialState.COMPLETE,0.2303306522593629,0.8416281266746788,0.03125047977094491,0.2303306522593629,101410.49964127653,1485.4996412765322,0.014907289998114637,0.06350278344378861,0.264750188485406,-0.025869946514875508,73655.4066378678,83.0,1318.6554066378678,1.9804697044248694,0.2036702588456187,104405.33184806425,4555.331848064248,0.045749909919045706,0.3617198435571055,0.30497452733409314,-0.3569731755453921,0.0,0.0,0.0,inf,0.0,106015.44665752753,6090.446657527529,0.06112264106455423,0.07016441163585645,0.8805482310957349,-0.042489269939178675,0.0,0.0,0.0,2.320512180150788,0.20089510368607094,94137.82318598832,-5862.1768140116765,-0.05877798846322113,0.3335077918349891,-0.0147141048355953,-0.32483243304392084,0.0,0.0,0.0,inf,0.0
16,TrialState.COMPLETE,0.4224391138999474,0.5775207955566195,0.08141217461035943,0.4224391138999474,103332.85112031185,3407.851120311854,0.03419936600285278,0.08950386510237125,0.42045578198765027,-0.07263762530183904,12927.164847137803,6.0,102.9271648471378,2.9589920501778977,0.14087110581146586,104405.33184806425,4555.331848064248,0.045749909919045706,0.3617198435571055,0.30497452733409314,-0.3569731755453921,0.0,0.0,0.0,inf,0.0,105497.047791842,5572.047791841993,0.05591969845788203,0.09530301489961551,0.6185591517222719,-0.08382656172619118,0.0,0.0,0.0,3.381710813069089,0.13864631726329274,94137.82318598832,-5862.1768140116765,-0.05877798846322113,0.3335077918349891,-0.0147141048355953,-0.32483243304392084,0.0,0.0,0.0,inf,0.0
17,TrialState.COMPLETE,0.4979373421211021,0.7337770625951466,0.058807989976638435,0.4979373421211021,103272.17367240496,3347.173672404955,0.033590412278055926,0.07071722795353642,0.5025145274263807,-0.042746570058592614,25388.799151282656,17.0,280.3887991512827,2.2866074625244024,0.18144982131119552,104405.33184806425,4555.331848064248,0.045749909919045706,0.3617198435571055,0.30497452733409314,-0.3569731755453921,0.0,0.0,0.0,inf,0.0,105803.75291527076,5878.7529152707575,0.05899795513032813,0.07865202078192464,0.7680842654375304,-0.058332626292694534,0.0,0.0,0.0,2.6615826777126084,0.17554876526294785,94137.82318598832,-5862.1768140116765,-0.05877798846322113,0.3335077918349891,-0.0147141048355953,-0.32483243304392084,0.0,0.0,0.0,inf,0.0
18,TrialState.COMPLETE,0.3415168812867827,0.5946697781215966,0.10153614651979753,0.3415168812867827,102581.61523492081,2656.6152349208132,0.02666009571480421,0.08807055968044984,0.3427838103451619,-0.07004763208488007,15652.600772615278,6.0,105.65260077261527,2.894268881681196,0.1411422197626801,104405.33184806425,4555.331848064248,0.045749909919045706,0.3617198435571055,0.30497452733409314,-0.3569731755453921,0.0,0.0,0.0,inf,0.0,105530.70839895848,5605.708398958479,0.05625753311587167,0.09328973496109091,0.633299675797652,-0.08102852261293825,0.0,0.0,0.0,3.2841896308823957,0.1427073934434977,94137.82318598832,-5862.1768140116765,-0.05877798846322113,0.3335077918349891,-0.0147141048355953,-0.32483243304392084,0.0,0.0,0.0,inf,0.0
19,TrialState.COMPLETE,0.5952592449896347,0.7760968166261903,0.06453589709675375,0.5952592449896347,103765.31091200914,3840.3109120091394,0.03853952423875806,0.06722615541934013,0.5960721347739946,-0.03275857909684121,20464.612463172634,13.0,215.46461246317264,2.1656709850392493,0.1946568301023115,104405.33184806425,4555.331848064248,0.045749909919045706,0.3617198435571055,0.30497452733409314,-0.3569731755453921,0.0,0.0,0.0,inf,0.0,105886.81957000152,5961.81957000152,0.05983166073056734,0.07495965071702086,0.8126280721272008,-0.0518853437128034,0.0,0.0,0.0,2.5164493363033023,0.18550595101328496,94137.82318598832,-5862.1768140116765,-0.05877798846322113,0.3335077918349891,-0.0147141048355953,-0.32483243304392084,0.0,0.0,0.0,inf,0.0
20,TrialState.COMPLETE,0.5211021385994141,0.7892052963613929,0.06769153967825499,0.5211021385994141,103231.25524092076,3306.2552409207565,0.033179758922399216,0.06619779755105842,0.526139091364424,-0.03066083301845568,26161.462067085307,15.0,251.16146206708532,2.117366013024526,0.19726207939116264,104405.33184806425,4555.331848064248,0.045749909919045706,0.3617198435571055,0.30497452733409314,-0.3569731755453921,0.0,0.0,0.0,inf,0.0,105912.5493405337,5987.549340533704,0.06008990014247062,0.07390546005518832,0.8264526044730267,-0.05000603798361458,0.0,0.0,0.0,2.474651815073173,0.18858711562212957,94137.82318598832,-5862.1768140116765,-0.05877798846322113,0.3335077918349891,-0.0147141048355953,-0.32483243304392084,0.0,0.0,0.0,inf,0.0
21,TrialState.COMPLETE,0.6113901884104245,0.7998513638956406,0.06586480294447551,0.6113901884104245,103778.31238667216,3853.312386672158,0.03867000756142991,0.06544911943988548,0.6123723090190787,-0.02893118764473923,20867.50997806739,13.0,215.8675099780674,2.093905764635638,0.20106219201693085,104405.33184806425,4555.331848064248,0.045749909919045706,0.3617198435571055,0.30497452733409314,-0.3569731755453921,0.0,0.0,0.0,inf,0.0,105933.44580452208,6008.445804522082,0.0602996297173124,0.07308275832927147,0.8376342549747795,-0.048479674047883115,0.0,0.0,0.0,2.44171405746443,0.19108844053829027,94137.82318598832,-5862.1768140116765,-0.05877798846322113,0.3335077918349891,-0.0147141048355953,-0.32483243304392084,0.0,0.0,0.0,inf,0.0
22,TrialState.COMPLETE,0.36996274087970094,0.7957434773080434,0.04588005660395341,0.36996274087970094,102288.38115979289,2363.381159792887,0.02371729157154201,0.06616097239694808,0.3873465271656642,-0.03484284367637125,45425.36762245259,37.0,600.4253676224525,2.0922096766505103,0.1945310515059719,104405.33184806425,4555.331848064248,0.045749909919045706,0.3617198435571055,0.30497452733409314,-0.3569731755453921,0.0,0.0,0.0,inf,0.0,105925.38270480272,6000.382704802716,0.06021870354920944,0.07339657786243,0.8333265349988516,-0.04906864498685326,0.0,0.0,0.0,2.4543189794190994,0.1901233910772121,94137.82318598832,-5862.1768140116765,-0.05877798846322113,0.3335077918349891,-0.0147141048355953,-0.32483243304392084,0.0,0.0,0.0,inf,0.0
23,TrialState.COMPLETE,0.57075548186711,0.8065382886689463,0.06579333233331204,0.57075548186711,103502.12620187207,3577.1262018720736,0.035898201566568755,0.06512761845377395,0.5740471987786369,-0.030544400961347584,24034.465674988074,15.0,249.03446567498807,2.0761401489092424,0.20079707371858657,104405.33184806425,4555.331848064248,0.045749909919045706,0.3617198435571055,0.30497452733409314,-0.3569731755453921,0.0,0.0,0.0,inf,0.0,105946.57112824086,6021.571128240859,0.06043136347758704,0.07258184158497623,0.8446232917565953,-0.04752090796864672,0.0,0.0,0.0,2.421470061054621,0.19265907730344028,94137.82318598832,-5862.1768140116765,-0.05877798846322113,0.3335077918349891,-0.0147141048355953,-0.32483243304392084,0.0,0.0,0.0,inf,0.0
24,TrialState.COMPLETE,0.5281408080736967,0.8435313568967183,0.06720541763455773,0.5281408080736967,103149.22929999574,3224.2292999957426,0.03235655599018816,0.06326461606578897,0.534929983251184,-0.024221154703059744,29188.251846375882,17.0,284.18825184637586,1.9898685027629688,0.2083625173928184,104405.33184806425,4555.331848064248,0.045749909919045706,0.3617198435571055,0.30497452733409314,-0.3569731755453921,0.0,0.0,0.0,inf,0.0,106019.18238263609,6094.182382636092,0.06116013515709251,0.0700438700555274,0.8824471910057352,-0.042216336736649374,0.0,0.0,0.0,2.3152764898877476,0.20134153388816434,94137.82318598832,-5862.1768140116765,-0.05877798846322113,0.3335077918349891,-0.0147141048355953,-0.32483243304392084,0.0,0.0,0.0,inf,0.0
25,TrialState.COMPLETE,0.40534414759734155,0.7806931113942541,0.042909647485687895,0.40534414759734155,102550.71192687059,2625.7119268705865,0.026349958829358755,0.06706814566369447,0.42130024070666333,-0.03496481931242623,43889.386859603765,37.0,598.8893868596037,2.143107738958315,0.19171267024502206,104405.33184806425,4555.331848064248,0.045749909919045706,0.3617198435571055,0.30497452733409314,-0.3569731755453921,0.0,0.0,0.0,inf,0.0,105895.84133393352,5970.841333933524,0.05992220854576469,0.07458494266846336,0.8174798541468381,-0.05122640584465865,0.0,0.0,0.0,2.501633856635637,0.18658647858896182,94137.82318598832,-5862.1768140116765,-0.05877798846322113,0.3335077918349891,-0.0147141048355953,-0.32483243304392084,0.0,0.0,0.0,inf,0.0
26,TrialState.COMPLETE,0.3989579632886326,0.6981320678192264,0.08261227930543981,0.3989579632886326,102670.8946083785,2745.8946083784977,0.027556079773382036,0.07431822150617419,0.402912038751236,-0.05052657016161788,21343.503804289263,10.0,171.34350380428927,2.3822291885787514,0.17205058214892313,104405.33184806425,4555.331848064248,0.045749909919045706,0.3617198435571055,0.30497452733409314,-0.3569731755453921,0.0,0.0,0.0,inf,0.0,105733.78770536534,5808.787705365336,0.058295744699145,0.08207100416359617,0.7313570390161913,-0.0641503689302848,0.0,0.0,0.0,2.7974768802796097,0.16715007542722027,94137.82318598832,-5862.1768140116765,-0.05877798846322113,0.3335077918349891,-0.0147141048355953,-0.32483243304392084,0.0,0.0,0.0,inf,0.0
27,TrialState.COMPLETE,0.4341427151498124,0.630775314151096,0.06846948163640805,0.4341427151498124,103178.89750623635,3253.897506236346,0.03265430249663148,0.08149669922435573,0.4350146522921018,-0.06144290405549979,17735.554424046448,10.0,167.73555442404646,2.6568653365928667,0.15764535373126193,104405.33184806425,4555.331848064248,0.045749909919045706,0.3617198435571055,0.30497452733409314,-0.3569731755453921,0.0,0.0,0.0,inf,0.0,105601.5775749234,5676.577574923402,0.056968812514754275,0.08918210029508995,0.6658094427892131,-0.07512980031211491,0.0,0.0,0.0,3.096202840046874,0.15124846071006953,94137.82318598832,-5862.1768140116765,-0.05877798846322113,0.3335077918349891,-0.0147141048355953,-0.32483243304392084,0.0,0.0,0.0,inf,0.0
28,TrialState.COMPLETE,0.4084515864859991,0.7381172364359065,0.039770682851721,0.4084515864859991,102672.73982702514,2747.7398270251433,0.027574597919781674,0.07013749488081807,0.42286996972718177,-0.042521537557301925,41371.32279666289,39.0,626.3713227966629,2.2548390290554012,0.18266084549090372,104405.33184806425,4555.331848064248,0.045749909919045706,0.3617198435571055,0.30497452733409314,-0.3569731755453921,0.0,0.0,0.0,inf,0.0,105812.27195632261,5887.271956322613,0.05908345713332408,0.07825416910118267,0.7726215537738899,-0.05762358236874121,0.0,0.0,0.0,2.6459324111389577,0.17657064424011262,94137.82318598832,-5862.1768140116765,-0.05877798846322113,0.3335077918349891,-0.0147141048355953,-0.32483243304392084,0.0,0.0,0.0,inf,0.0
29,TrialState.COMPLETE,0.3591961348279083,0.5048659615891958,0.05965664565234467,0.3591961348279083,103097.93071187499,3172.9307118749857,0.03184173015930947,0.09732418130466107,0.3707401995917764,-0.08581080264303376,15434.91420684228,10.0,165.43491420684228,3.2941626411230662,0.12458861344115996,104405.33184806425,4555.331848064248,0.045749909919045706,0.3617198435571055,0.30497452733409314,-0.3569731755453921,0.0,0.0,0.0,inf,0.0,105354.43840892245,5429.438408922448,0.05448840277968592,0.10421537958007634,0.561187239616246,-0.0956548570022756,0.0,0.0,0.0,3.868369958946103,0.12140888618851306,94137.82318598832,-5862.1768140116765,-0.05877798846322113,0.3335077918349891,-0.0147141048355953,-0.32483243304392084,0.0,0.0,0.0,inf,0.0
30,TrialState.COMPLETE,0.28500795832279796,0.4173184566696837,0.07431206317420458,0.28500795832279796,102997.3232983306,3072.3232983305934,0.030832049536084094,0.1116877189877627,0.3277489712367659,-0.10236092199016911,11251.858917466558,6.0,101.25185891746656,4.121779093922661,0.09904634064211401,104405.33184806425,4555.331848064248,0.045749909919045706,0.3617198435571055,0.30497452733409314,-0.3569731755453921,0.0,0.0,0.0,inf,0.0,105182.59718417589,5257.597184175887,0.052763729488158884,0.11562485876984147,0.5025143276944986,-0.10996521545266136,0.0,0.0,0.0,4.679899218193288,0.10056669324534181,94137.82318598832,-5862.1768140116765,-0.05877798846322113,0.3335077918349891,-0.0147141048355953,-0.32483243304392084,0.0,0.0,0.0,inf,0.0
31,TrialState.COMPLETE,0.4632759015823982,0.8422722072001916,0.062145333978036954,0.4632759015823982,102763.2308932236,2838.2308932236047,0.02848274443362042,0.06340665053922742,0.4745894961440344,-0.025533904655834716,36106.34864279705,23.0,381.10634864279706,1.9813942332230534,0.20791173410705852,104405.33184806425,4555.331848064248,0.045749909919045706,0.3617198435571055,0.30497452733409314,-0.3569731755453921,0.0,0.0,0.0,inf,0.0,106016.710880722,6091.710880722007,0.06113532960521173,0.07012349270949741,0.8811915707434596,-0.042396905679487173,0.0,0.0,0.0,2.318737698348262,0.20104618531385968,94137.82318598832,-5862.1768140116765,-0.05877798846322113,0.3335077918349891,-0.0147141048355953,-0.32483243304392084,0.0,0.0,0.0,inf,0.0
32,TrialState.COMPLETE,0.5781393519182106,0.8166517931589694,0.08778807892716381,0.5781393519182106,103522.88924814183,3597.8892481418297,0.03610657890181068,0.06500921891764039,0.5780729745033247,-0.028384381448831597,17645.24413286792,8.0,137.64524413286793,2.0495083752461745,0.20480158964126702,104405.33184806425,4555.331848064248,0.045749909919045706,0.3617198435571055,0.30497452733409314,-0.3569731755453921,0.0,0.0,0.0,inf,0.0,105966.4222593454,6041.422259345403,0.06063060163126455,0.07184811049746632,0.855124868680778,-0.046070785419695115,0.0,0.0,0.0,2.3914823128612293,0.19503386252975283,94137.82318598832,-5862.1768140116765,-0.05877798846322113,0.3335077918349891,-0.0147141048355953,-0.32483243304392084,0.0,0.0,0.0,inf,0.0
33,TrialState.COMPLETE,0.5755587574412236,0.8080320414408765,0.08686012980345742,0.5755587574412236,103530.49497414811,3605.4949741481105,0.03618290977801153,0.06549691388461315,0.5753799883719776,-0.029804213917694944,17458.99875300766,8.0,137.45899875300768,2.0713716831754887,0.2026614093272043,104405.33184806425,4555.331848064248,0.045749909919045706,0.3617198435571055,0.30497452733409314,-0.3569731755453921,0.0,0.0,0.0,inf,0.0,105949.50311706256,6024.503117062559,0.06046079071315513,0.07247164652399514,0.8461800105896482,-0.04730673081974468,0.0,0.0,0.0,2.4169936573597917,0.1930098826783666,94137.82318598832,-5862.1768140116765,-0.05877798846322113,0.3335077918349891,-0.0147141048355953,-0.32483243304392084,0.0,0.0,0.0,inf,0.0
34,TrialState.COMPLETE,0.5235573524768357,0.7545614864982283,0.08646416271799218,0.5235573524768357,103375.51670151949,3450.5167015194893,0.03462755474821999,0.06963015285013058,0.5236705085725091,-0.0388273315883958,17265.55844855992,8.0,137.26555844855991,2.230234420666359,0.18713676981744132,104405.33184806425,4555.331848064248,0.045749909919045706,0.3617198435571055,0.30497452733409314,-0.3569731755453921,0.0,0.0,0.0,inf,0.0,105844.54929047814,5919.549290478142,0.0594074112223304,0.07678555200046078,0.7898970439879792,-0.05497252392156049,0.0,0.0,0.0,2.5882692849453672,0.18044092071916545,94137.82318598832,-5862.1768140116765,-0.05877798846322113,0.3335077918349891,-0.0147141048355953,-0.32483243304392084,0.0,0.0,0.0,inf,0.0
35,TrialState.COMPLETE,0.45787428730607355,0.7041350675312149,0.1020138133853361,0.45787428730607355,103126.63203023917,3201.6320302391687,0.03212977269942341,0.07525625846644177,0.45782824812479267,-0.049531617631015545,15761.285416317323,6.0,105.76128541631732,2.426919949969252,0.17144591498486153,104405.33184806425,4555.331848064248,0.045749909919045706,0.3617198435571055,0.30497452733409314,-0.3569731755453921,0.0,0.0,0.0,inf,0.0,105745.57059767758,5820.570597677579,0.05841400438349198,0.08147704012635945,0.737463075378282,-0.06317128420508622,0.0,0.0,0.0,2.7736274035513846,0.16856528539430218,94137.82318598832,-5862.1768140116765,-0.05877798846322113,0.3335077918349891,-0.0147141048355953,-0.32483243304392084,0.0,0.0,0.0,inf,0.0
36,TrialState.COMPLETE,0.4466621809039722,0.8100426938591618,0.10708344673673942,0.4466621809039722,102701.50697922394,2776.5069792239374,0.02786329788227304,0.06585769864025069,0.4501935826416112,-0.031235944319522257,20713.02636368714,8.0,140.71302636368713,2.058098263384497,0.19908335570791322,104405.33184806425,4555.331848064248,0.045749909919045706,0.3617198435571055,0.30497452733409314,-0.3569731755453921,0.0,0.0,0.0,inf,0.0,105953.44969411707,6028.4496941170655,0.06050040098116427,0.07232431091811138,0.8482725200250207,-0.04701843727640098,0.0,0.0,0.0,2.4109943017961997,0.19348205236999014,94137.82318598832,-5862.1768140116765,-0.05877798846322113,0.3335077918349891,-0.0147141048355953,-0.32483243304392084,0.0,0.0,0.0,inf,0.0
37,TrialState.COMPLETE,0.21348314478026856,0.6378548403382018,0.12933447113490484,0.21348314478026856,101396.84747205973,1471.8474720597296,0.014770284967927427,0.08217768522779381,0.2195235307092761,-0.06470539198184666,19247.419502972873,6.0,109.24741950297286,2.6386145463833994,0.1501223644954744,104405.33184806425,4555.331848064248,0.045749909919045706,0.3617198435571055,0.30497452733409314,-0.3569731755453921,0.0,0.0,0.0,inf,0.0,105615.47351007011,5690.473510070107,0.05710827940093388,0.08839911932436013,0.6724118382050999,-0.07397195730008688,0.0,0.0,0.0,3.061838204552251,0.1529217494216241,94137.82318598832,-5862.1768140116765,-0.05877798846322113,0.3335077918349891,-0.0147141048355953,-0.32483243304392084,0.0,0.0,0.0,inf,0.0
38,TrialState.COMPLETE,0.46010508010542067,0.7527649474955427,0.09666836751077917,0.46010508010542067,102930.47389132279,3005.473891322792,0.030161160604254222,0.06953472960411128,0.4620839532944471,-0.040544431966176186,18760.80507003996,8.0,138.76080507003996,2.2072590463155346,0.18652796594187684,104405.33184806425,4555.331848064248,0.045749909919045706,0.3617198435571055,0.30497452733409314,-0.3569731755453921,0.0,0.0,0.0,inf,0.0,105841.02298252893,5916.022982528928,0.05937201913263568,0.07694294742144481,0.7880044942164435,-0.055230051505498645,0.0,0.0,0.0,2.5944464146527584,0.1800182042085893,94137.82318598832,-5862.1768140116765,-0.05877798846322113,0.3335077918349891,-0.0147141048355953,-0.32483243304392084,0.0,0.0,0.0,inf,0.0
39,TrialState.COMPLETE,0.2446280078844093,0.5419563427775066,0.112525479110126,0.2446280078844093,101868.36496990832,1943.364969908318,0.019502182739034035,0.09450989018163379,0.25163573117399934,-0.0818372156565278,16205.264793000022,6.0,106.20526479300003,3.113492840737162,0.12728252600219775,104405.33184806425,4555.331848064248,0.045749909919045706,0.3617198435571055,0.30497452733409314,-0.3569731755453921,0.0,0.0,0.0,inf,0.0,105427.2406725114,5502.240672511398,0.055219080301245116,0.09959304402580778,0.5894527927678354,-0.08962177062431231,0.0,0.0,0.0,3.603626648406744,0.1302151496250312,94137.82318598832,-5862.1768140116765,-0.05877798846322113,0.3335077918349891,-0.0147141048355953,-0.32483243304392084,0.0,0.0,0.0,inf,0.0
40,TrialState.COMPLETE,0.4734127773590085,0.8033606941533783,0.08881184097866666,0.4734127773590085,102884.81023651293,2959.8102365129307,0.02970288885624317,0.06583705665206471,0.4774713383667889,-0.03058129116502828,22623.31980407425,10.0,172.62331980407424,2.086143641519085,0.20035203580359426,104405.33184806425,4555.331848064248,0.045749909919045706,0.3617198435571055,0.30497452733409314,-0.3569731755453921,0.0,0.0,0.0,inf,0.0,105940.33403748863,6015.334037488632,0.06036876422221238,0.07281832924903868,0.8413060514738285,-0.04797651268557157,0.0,0.0,0.0,2.431047888351397,0.1919127638788538,94137.82318598832,-5862.1768140116765,-0.05877798846322113,0.3335077918349891,-0.0147141048355953,-0.32483243304392084,0.0,0.0,0.0,inf,0.0
41,TrialState.COMPLETE,0.5448876742472829,0.8094552958938293,0.07290288472694922,0.5448876742472829,103325.47997248435,3400.479972484347,0.03412538973552692,0.06501101032833335,0.5486149331564528,-0.0274423546416086,24079.054576949304,13.0,219.0790545769493,2.066927114838717,0.20185381053349194,104405.33184806425,4555.331848064248,0.045749909919045706,0.3617198435571055,0.30497452733409314,-0.3569731755453921,0.0,0.0,0.0,inf,0.0,105952.29672938242,6027.296729382419,0.0604888291194805,0.0723672359972856,0.8476615619517611,-0.047102660484032666,0.0,0.0,0.0,2.4127438896418627,0.19334411471895638,94137.82318598832,-5862.1768140116765,-0.05877798846322113,0.3335077918349891,-0.0147141048355953,-0.32483243304392084,0.0,0.0,0.0,inf,0.0
42,TrialState.COMPLETE,0.4416567731313353,0.7210550215434257,0.05376480631013264,0.4416567731313353,102935.21638021777,3010.2163802177674,0.030208755352134853,0.07188129607992884,0.44994774980743474,-0.04606588198406236,30934.462104058228,23.0,375.93446210405824,2.315772057921738,0.17803777167857254,104405.33184806425,4555.331848064248,0.045749909919045706,0.3617198435571055,0.30497452733409314,-0.3569731755453921,0.0,0.0,0.0,inf,0.0,105778.78165974945,5853.781659749453,0.0587473293353562,0.07984190837712256,0.7548556588637906,-0.06041015856933851,0.0,0.0,0.0,2.708542705833527,0.1725524658935531,94137.82318598832,-5862.1768140116765,-0.05877798846322113,0.3335077918349891,-0.0147141048355953,-0.32483243304392084,0.0,0.0,0.0,inf,0.0
43,TrialState.COMPLETE,0.46906748416208394,0.7657420234076711,0.08412118299218768,0.46906748416208394,102957.53043199432,3032.5304319943243,0.030432695159998246,0.06841023252359964,0.4723960522945246,-0.03676934472211535,21530.422998882677,10.0,171.53042299888267,2.1885765912239923,0.19107257598830493,104405.33184806425,4555.331848064248,0.045749909919045706,0.3617198435571055,0.30497452733409314,-0.3569731755453921,0.0,0.0,0.0,inf,0.0,105866.49482916134,5941.49482916134,0.05962766956090815,0.07582337912880434,0.8016925626135109,-0.053369785135834236,0.0,0.0,0.0,2.5504781759461133,0.18307102948530724,94137.82318598832,-5862.1768140116765,-0.05877798846322113,0.3335077918349891,-0.0147141048355953,-0.32483243304392084,0.0,0.0,0.0,inf,0.0
44,TrialState.COMPLETE,0.5687487594012741,0.8178386562170954,0.07199124730564853,0.5687487594012741,103454.01817555106,3529.0181755510566,0.03541539123928006,0.06448125132517246,0.5719209759088546,-0.0258575896607115,23614.89883712673,13.0,218.61489883712673,2.046694778574367,0.2046406702391788,104405.33184806425,4555.331848064248,0.045749909919045706,0.3617198435571055,0.30497452733409314,-0.3569731755453921,0.0,0.0,0.0,inf,0.0,105968.75187458354,6043.7518745835405,0.06065398308846426,0.07176392249893297,0.8563508394949644,-0.045900602898152676,0.0,0.0,0.0,2.3880117481114222,0.19531249932652622,94137.82318598832,-5862.1768140116765,-0.05877798846322113,0.3335077918349891,-0.0147141048355953,-0.32483243304392084,0.0,0.0,0.0,inf,0.0
45,TrialState.COMPLETE,0.3886349544546175,0.7746781222503981,0.051010204869517066,0.3886349544546175,102432.40705083756,2507.407050837559,0.02516268682676248,0.06720186268845395,0.4033738754826843,-0.03757045151888516,41047.09128694098,31.0,506.047091286941,2.1490558036980674,0.1917324610729184,104405.33184806425,4555.331848064248,0.045749909919045706,0.3617198435571055,0.30497452733409314,-0.3569731755453921,0.0,0.0,0.0,inf,0.0,105884.03490835628,5959.034908356276,0.059803712206163206,0.07507639721039151,0.8111299835265775,-0.05208872894808525,0.0,0.0,0.0,2.5210577955044076,0.18517239926927717,94137.82318598832,-5862.1768140116765,-0.05877798846322113,0.3335077918349891,-0.0147141048355953,-0.32483243304392084,0.0,0.0,0.0,inf,0.0
46,TrialState.COMPLETE,0.31182416671628255,0.3329847764145527,0.079167365083257,0.31182416671628255,103926.54033702475,4001.5403370247514,0.040157632406585986,0.1228841057060147,0.3818646369650909,-0.11907205245385144,3803.9390074889407,2.0,33.80393900748894,5.100523880886787,0.08378008441147561,104405.33184806425,4555.331848064248,0.045749909919045706,0.3617198435571055,0.30497452733409314,-0.3569731755453921,0.0,0.0,0.0,inf,0.0,105017.0641639515,5092.064163951494,0.05110237540128426,0.12714179178619664,0.45558230086472373,-0.12370288527329931,0.0,0.0,0.0,5.865157981500828,0.08041166509754848,94137.82318598832,-5862.1768140116765,-0.05877798846322113,0.3335077918349891,-0.0147141048355953,-0.32483243304392084,0.0,0.0,0.0,inf,0.0
47,TrialState.COMPLETE,0.542502704653359,0.6795341147258644,0.05702468339454722,0.542502704653359,103808.72103493832,3883.721034938324,0.03897519015388795,0.07584609886827556,0.5419962519977465,-0.050395358769999676,18048.59258055778,13.0,213.04859258055777,2.4736302652108435,0.17057364964038538,104405.33184806425,4555.331848064248,0.045749909919045706,0.3617198435571055,0.30497452733409314,-0.3569731755453921,0.0,0.0,0.0,inf,0.0,105697.2830095403,5772.283009540304,0.05792936342511967,0.08395495498875898,0.7126863527318963,-0.06718192052485639,0.0,0.0,0.0,2.8740401354153633,0.1627635655782582,94137.82318598832,-5862.1768140116765,-0.05877798846322113,0.3335077918349891,-0.0147141048355953,-0.32483243304392084,0.0,0.0,0.0,inf,0.0
48,TrialState.COMPLETE,0.44286188578112035,0.8222302762666707,0.09564527506905088,0.44286188578112035,102648.34002433653,2723.340024336532,0.027329727761560507,0.06483792109125297,0.44823766362535916,-0.027690656427516225,24068.28300325141,10.0,174.0682830032514,2.036494345573723,0.204261182579533,104405.33184806425,4555.331848064248,0.045749909919045706,0.3617198435571055,0.30497452733409314,-0.3569731755453921,0.0,0.0,0.0,inf,0.0,105977.37189600655,6052.371896006545,0.060740498959098055,0.07145596981047714,0.860873774115178,-0.04527088696334691,0.0,0.0,0.0,2.3752571213671425,0.196343409712702,94137.82318598832,-5862.1768140116765,-0.05877798846322113,0.3335077918349891,-0.0147141048355953,-0.32483243304392084,0.0,0.0,0.0,inf,0.0
49,TrialState.COMPLETE,0.5014604995601006,0.8463466399753521,0.08794183757536707,0.5014604995601006,102981.25029607491,3056.2502960749116,0.030670743593347982,0.06374290837613833,0.5057619598485356,-0.023432432148857263,23591.110153237325,10.0,173.5911101532373,1.9844426899089989,0.20967273602828898,104405.33184806425,4555.331848064248,0.045749909919045706,0.3617198435571055,0.30497452733409314,-0.3569731755453921,0.0,0.0,0.0,inf,0.0,106024.70831615852,6099.708316158518,0.06121559691664169,0.06986763346616212,0.8852443636682489,-0.04181260597819092,0.0,0.0,0.0,2.3075749661662974,0.20200184667123658,94137.82318598832,-5862.1768140116765,-0.05877798846322113,0.3335077918349891,-0.0147141048355953,-0.32483243304392084,0.0,0.0,0.0,inf,0.0
50,TrialState.COMPLETE,0.5005013907844486,0.6920100096886423,0.06280823885220006,0.5005013907844486,103443.2135861699,3518.213586169906,0.035306956874908035,0.07463229529136796,0.5022006931367974,-0.04834561864445708,20620.841459233336,13.0,215.62084145923333,2.417777071132204,0.172786515300441,104405.33184806425,4555.331848064248,0.045749909919045706,0.3617198435571055,0.30497452733409314,-0.3569731755453921,0.0,0.0,0.0,inf,0.0,105721.77112113396,5796.771121133963,0.0581751395895429,0.08268395842570495,0.725168482145507,-0.06514858627760323,0.0,0.0,0.0,2.8222255339699553,0.16570646842941905,94137.82318598832,-5862.1768140116765,-0.05877798846322113,0.3335077918349891,-0.0147141048355953,-0.32483243304392084,0.0,0.0,0.0,inf,0.0
51,TrialState.COMPLETE,0.5700432117334632,0.8202259846809815,0.0725609749062015,0.5700432117334632,103455.53713885658,3530.5371388565836,0.035430635487967654,0.0643420510028189,0.5732475402246107,-0.025457086916818916,23686.601523232534,13.0,218.68660152323253,2.0422121289853394,0.20505230038160238,104405.33184806425,4555.331848064248,0.045749909919045706,0.3617198435571055,0.30497452733409314,-0.3569731755453921,0.0,0.0,0.0,inf,0.0,105973.43780421087,6048.437804210873,0.06070101397630889,0.07159581879667369,0.8588122415515792,-0.04555828461566369,0.0,0.0,0.0,2.38106126309286,0.19587293181163842,94137.82318598832,-5862.1768140116765,-0.05877798846322113,0.3335077918349891,-0.0147141048355953,-0.32483243304392084,0.0,0.0,0.0,inf,0.0
52,TrialState.COMPLETE,0.4396050443837511,0.7876942769519925,0.0788202102486583,0.4396050443837511,102706.98545450596,2781.9854545059643,0.0279182785185903,0.06679550595932184,0.4456069538836932,-0.033000495073529756,25551.85455007927,12.0,205.55185455007927,2.131942728327477,0.1959936955773643,104405.33184806425,4555.331848064248,0.045749909919045706,0.3617198435571055,0.30497452733409314,-0.3569731755453921,0.0,0.0,0.0,inf,0.0,105909.58346016778,5984.583460167778,0.06006013277914901,0.0740246882716753,0.8248614549250359,-0.05022267205301589,0.0,0.0,0.0,2.4793988940268923,0.1882320213668194,94137.82318598832,-5862.1768140116765,-0.05877798846322113,0.3335077918349891,-0.0147141048355953,-0.32483243304392084,0.0,0.0,0.0,inf,0.0
53,TrialState.COMPLETE,0.4476124254761273,0.7273596026609939,0.07032440859799431,0.4476124254761273,102933.22469639854,3008.224696398538,0.030188767178242815,0.07148107897055465,0.4517993670650461,-0.04346578848095228,23062.14248199501,12.0,203.062142481995,2.3092396276995877,0.18122673691871133,104405.33184806425,4555.331848064248,0.045749909919045706,0.3617198435571055,0.30497452733409314,-0.3569731755453921,0.0,0.0,0.0,inf,0.0,105791.15650631704,5866.156506317042,0.05887153034914783,0.07924788224947461,0.7613970125894628,-0.05938076514212964,0.0,0.0,0.0,2.685065697848958,0.1740374983761173,94137.82318598832,-5862.1768140116765,-0.05877798846322113,0.3335077918349891,-0.0147141048355953,-0.32483243304392084,0.0,0.0,0.0,inf,0.0
54,TrialState.COMPLETE,0.5848965635373948,0.7573610657809845,0.06412322242226683,0.5848965635373948,103765.7295380608,3840.7295380607975,0.03854372558595087,0.06859991479672052,0.5855553444937381,-0.03580881192034002,20159.10649267657,13.0,215.15910649267659,2.21967499893928,0.1899051095032305,104405.33184806425,4555.331848064248,0.045749909919045706,0.3617198435571055,0.30497452733409314,-0.3569731755453921,0.0,0.0,0.0,inf,0.0,105850.04440005498,5925.044400054976,0.05946256336349198,0.07654180474082853,0.7928481012088312,-0.05457120977162633,0.0,0.0,0.0,2.578701767686139,0.18109959287567678,94137.82318598832,-5862.1768140116765,-0.05877798846322113,0.3335077918349891,-0.0147141048355953,-0.32483243304392084,0.0,0.0,0.0,inf,0.0
55,TrialState.COMPLETE,0.2520956125181618,0.7751298129935226,0.03737331060272225,0.2520956125181618,101591.83231260753,1666.8323126075265,0.016727041371942253,0.0673611987889202,0.27992909874751426,-0.037412935755215204,62076.340463748566,61.0,977.0763404637486,2.1539624887811257,0.18791227850761555,104405.33184806425,4555.331848064248,0.045749909919045706,0.3617198435571055,0.30497452733409314,-0.3569731755453921,0.0,0.0,0.0,inf,0.0,105884.9215023326,5959.921502332596,0.05981261059165144,0.07503917149855781,0.8116069714197004,-0.052023974322306765,0.0,0.0,0.0,2.5195887016184257,0.18527859890489107,94137.82318598832,-5862.1768140116765,-0.05877798846322113,0.3335077918349891,-0.0147141048355953,-0.32483243304392084,0.0,0.0,0.0,inf,0.0
56,TrialState.COMPLETE,0.49213923216053596,0.7478773304392672,0.04962621827046129,0.49213923216053596,103185.7570087347,3260.7570087346976,0.032723143662205745,0.06922978955055369,0.49968363385413106,-0.04204586681138234,30639.097024244453,25.0,405.63909702424445,2.2309260139694906,0.18608737803510667,104405.33184806425,4555.331848064248,0.045749909919045706,0.3617198435571055,0.30497452733409314,-0.3569731755453921,0.0,0.0,0.0,inf,0.0,105831.42940128614,5906.4294012861355,0.05927573235481809,0.07737498363394221,0.7828612690489074,-0.05602856764269337,0.0,0.0,0.0,2.6114019500483847,0.17886803364877715,94137.82318598832,-5862.1768140116765,-0.05877798846322113,0.3335077918349891,-0.0147141048355953,-0.32483243304392084,0.0,0.0,0.0,inf,0.0
57,TrialState.COMPLETE,0.6093325351923832,0.7935168182729011,0.0649020280146405,0.6093325351923832,103788.08240605466,3863.0824060546583,0.03876805989848253,0.06588230953195977,0.6102108051531313,-0.029928083502686054,20709.15156760213,13.0,215.70915156760213,2.1098488347880857,0.19958676891692534,104405.33184806425,4555.331848064248,0.045749909919045706,0.3617198435571055,0.30497452733409314,-0.3569731755453921,0.0,0.0,0.0,inf,0.0,105921.01214260302,5996.012142603024,0.06017483793839462,0.07356859588866418,0.8309877418858403,-0.04938788902992919,0.0,0.0,0.0,2.461205955731132,0.18960023291226408,94137.82318598832,-5862.1768140116765,-0.05877798846322113,0.3335077918349891,-0.0147141048355953,-0.32483243304392084,0.0,0.0,0.0,inf,0.0
58,TrialState.COMPLETE,0.47197253282379603,0.6537628160035108,0.05606319080692927,0.47197253282379603,103386.95041773278,3461.9504177327763,0.03474230279527313,0.07848329824465904,0.47436946021890186,-0.05536650492520334,21671.66286212394,15.0,246.67166286212392,2.5560286252278805,0.16366193611803562,104405.33184806425,4555.331848064248,0.045749909919045706,0.3617198435571055,0.30497452733409314,-0.3569731755453921,0.0,0.0,0.0,inf,0.0,105646.6982265721,5721.698226572102,0.05742166720044639,0.08666856654918932,0.6875081819198924,-0.07137836564743383,0.0,0.0,0.0,2.987334659142796,0.1566800058507278,94137.82318598832,-5862.1768140116765,-0.05877798846322113,0.3335077918349891,-0.0147141048355953,-0.32483243304392084,0.0,0.0,0.0,inf,0.0
59,TrialState.COMPLETE,0.260501334416,0.27610352956387496,0.07675670693555374,0.260501334416,103736.47435292751,3811.4743529275147,0.03825011953222557,0.13069215902758738,0.352592445990534,-0.12993716505422837,3491.6394194285126,2.0,33.49163941942851,5.954835457941578,0.06980625668359086,104405.33184806425,4555.331848064248,0.045749909919045706,0.3617198435571055,0.30497452733409314,-0.3569731755453921,0.0,0.0,0.0,inf,0.0,104905.41571511322,4980.415715113224,0.04998183199464523,0.13513851846924857,0.42850080934346896,-0.13293459655120765,0.0,0.0,0.0,7.073463791611058,0.06677218476497922,94137.82318598832,-5862.1768140116765,-0.05877798846322113,0.3335077918349891,-0.0147141048355953,-0.32483243304392084,0.0,0.0,0.0,inf,0.0
60,TrialState.COMPLETE,0.3982574402498367,0.7626719970781847,0.04650299260381076,0.3982574402498367,102537.07374785394,2612.0737478539377,0.026213089992108918,0.06835937811515055,0.4126725088603153,-0.037694636189936515,40864.95231238689,33.0,535.8649523123869,2.192448422981266,0.18741396450642828,104405.33184806425,4555.331848064248,0.045749909919045706,0.3617198435571055,0.30497452733409314,-0.3569731755453921,0.0,0.0,0.0,inf,0.0,105860.46887690901,5935.4688769090135,0.059567189546050114,0.07608456688610034,0.7984513966904251,-0.05380988405509446,0.0,0.0,0.0,2.5607447586749035,0.18234894194109588,94137.82318598832,-5862.1768140116765,-0.05877798846322113,0.3335077918349891,-0.0147141048355953,-0.32483243304392084,0.0,0.0,0.0,inf,0.0
61,TrialState.COMPLETE,0.6030373888366604,0.7871658118011856,0.06581019186621033,0.6030373888366604,103769.87494971286,3844.8749497128592,0.03858532909961454,0.06631427380527509,0.6040136553510982,-0.030810589517351494,20813.57043780744,13.0,215.81357043780744,2.135222612294501,0.19739728475984178,104405.33184806425,4555.331848064248,0.045749909919045706,0.3617198435571055,0.30497452733409314,-0.3569731755453921,0.0,0.0,0.0,inf,0.0,105908.54617076881,5983.546170768808,0.060049721917955656,0.07406652967942498,0.8243047742843271,-0.05029843747171414,0.0,0.0,0.0,2.481063442830713,0.18810782595286737,94137.82318598832,-5862.1768140116765,-0.05877798846322113,0.3335077918349891,-0.0147141048355953,-0.32483243304392084,0.0,0.0,0.0,inf,0.0
62,TrialState.COMPLETE,0.5159398187533464,0.7878850800601385,0.06260726317205262,0.5159398187533464,103212.50873820714,3287.508738207136,0.032991621013502614,0.0664571904916056,0.5216055534134033,-0.033409132334998204,27262.754318228726,17.0,282.2627543182287,2.130407746842432,0.1947120924080491,104405.33184806425,4555.331848064248,0.045749909919045706,0.3617198435571055,0.30497452733409314,-0.3569731755453921,0.0,0.0,0.0,inf,0.0,105909.95797500765,5984.957975007652,0.06006389163573034,0.07400959948198958,0.8250624216515267,-0.050195316793521516,0.0,0.0,0.0,2.478798454918084,0.18827686173259006,94137.82318598832,-5862.1768140116765,-0.05877798846322113,0.3335077918349891,-0.0147141048355953,-0.32483243304392084,0.0,0.0,0.0,inf,0.0
63,TrialState.COMPLETE,0.5144408250971644,0.7254441396606353,0.06625480632428021,0.5144408250971644,103408.17315759655,3483.173157596553,0.03495529295207356,0.07142269443775202,0.516727182722714,-0.042072006505330606,21617.127472191532,13.0,216.61712747219153,2.306347026528971,0.18106395095163572,104405.33184806425,4555.331848064248,0.045749909919045706,0.3617198435571055,0.30497452733409314,-0.3569731755453921,0.0,0.0,0.0,inf,0.0,105787.39677029458,5862.396770294581,0.05883379549116263,0.07942746236307317,0.759406495348592,-0.0596935487171103,0.0,0.0,0.0,2.6921553464057273,0.1735863511190175,94137.82318598832,-5862.1768140116765,-0.05877798846322113,0.3335077918349891,-0.0147141048355953,-0.32483243304392084,0.0,0.0,0.0,inf,0.0
64,TrialState.COMPLETE,0.4502140471969664,0.8298132902858245,0.05888793388292137,0.4502140471969664,102708.43200725791,2783.432007257914,0.027932795769110008,0.06403754290494425,0.4621913533230098,-0.029210425927947647,37096.81650363466,25.0,412.09681650363467,2.0140944749431684,0.20378689923791532,104405.33184806425,4555.331848064248,0.045749909919045706,0.3617198435571055,0.30497452733409314,-0.3569731755453921,0.0,0.0,0.0,inf,0.0,105992.25609422014,6067.256094220138,0.060889886030920826,0.07093758876139533,0.8686286560050874,-0.04418352592990993,0.0,0.0,0.0,2.3535515060663585,0.19812311790077972,94137.82318598832,-5862.1768140116765,-0.05877798846322113,0.3335077918349891,-0.0147141048355953,-0.32483243304392084,0.0,0.0,0.0,inf,0.0
65,TrialState.COMPLETE,0.5859339672638825,0.8496882948722817,0.09127823435764433,0.5859339672638825,103493.73915328336,3568.739153283357,0.035814029420696114,0.06344373313031253,0.5862983478215908,-0.02294213650468202,18359.0577103443,8.0,138.3590577103443,1.969821992182082,0.21300035648372997,104405.33184806425,4555.331848064248,0.045749909919045706,0.3617198435571055,0.30497452733409314,-0.3569731755453921,0.0,0.0,0.0,inf,0.0,106031.26743021554,6106.267430215536,0.06128142833900041,0.06966167532745048,0.888545460521856,-0.04133338311895107,0.0,0.0,0.0,2.2984997332458756,0.20278553642270067,94137.82318598832,-5862.1768140116765,-0.05877798846322113,0.3335077918349891,-0.0147141048355953,-0.32483243304392084,0.0,0.0,0.0,inf,0.0
66,TrialState.COMPLETE,0.47796466327180714,0.8461963731394722,0.0914006457048832,0.47796466327180714,102825.57238020324,2900.5723802032444,0.029108389838369053,0.06362246251816495,0.48275764021552464,-0.02351741494407278,23792.563679261024,10.0,173.79256367926104,1.9804919053585914,0.21094597342638408,104405.33184806425,4555.331848064248,0.045749909919045706,0.3617198435571055,0.30497452733409314,-0.3569731755453921,0.0,0.0,0.0,inf,0.0,106024.41336729455,6099.413367294546,0.06121263662332388,0.06987697750185441,0.8850954277712082,-0.041834155397726835,0.0,0.0,0.0,2.30798474337609,0.2019666038024551,94137.82318598832,-5862.1768140116765,-0.05877798846322113,0.3335077918349891,-0.0147141048355953,-0.32483243304392084,0.0,0.0,0.0,inf,0.0
67,TrialState.COMPLETE,0.2518394420738937,0.7891430645042475,0.1496963794177168,0.2518394420738937,101473.25654337289,1548.2565433728887,0.015537081500617722,0.06857215869737308,0.2591154543693989,-0.0366306500571828,22096.372596127043,6.0,112.09637259612704,2.159100895289048,0.1866296612631561,104405.33184806425,4555.331848064248,0.045749909919045706,0.3617198435571055,0.30497452733409314,-0.3569731755453921,0.0,0.0,0.0,inf,0.0,105912.42718972478,5987.427189724782,0.06008867416326913,0.0739103585704444,0.8263870890309708,-0.05001496016249318,0.0,0.0,0.0,2.474846966225312,0.1885724913154232,94137.82318598832,-5862.1768140116765,-0.05877798846322113,0.3335077918349891,-0.0147141048355953,-0.32483243304392084,0.0,0.0,0.0,inf,0.0
68,TrialState.COMPLETE,0.6180900297512997,0.8291873068035316,0.06896518557772885,0.6180900297512997,103737.73196927662,3812.7319692766177,0.03826274100889049,0.06388128512969769,0.6196734771038316,-0.02384576903535207,21864.53613723463,13.0,216.86453613723464,2.027009269869239,0.20783142334179824,104405.33184806425,4555.331848064248,0.045749909919045706,0.3617198435571055,0.30497452733409314,-0.3569731755453921,0.0,0.0,0.0,inf,0.0,105991.02739251824,6066.027392518241,0.06087755401415773,0.07097973368819782,0.8679913360751434,-0.04427328983589174,0.0,0.0,0.0,2.355328287205475,0.1979762191415519,94137.82318598832,-5862.1768140116765,-0.05877798846322113,0.3335077918349891,-0.0147141048355953,-0.32483243304392084,0.0,0.0,0.0,inf,0.0
69,TrialState.COMPLETE,0.5795461852197389,0.7551846675265632,0.06934007432518702,0.5795461852197389,103726.10680799736,3801.106807997363,0.03814607054593755,0.06863181047232422,0.5797357566939302,-0.036533376743514756,19084.01020094946,11.0,184.08401020094945,2.210735457870301,0.19028138612366308,104405.33184806425,4555.331848064248,0.045749909919045706,0.3617198435571055,0.30497452733409314,-0.3569731755453921,0.0,0.0,0.0,inf,0.0,105845.77249142756,5920.77249142756,0.05941968798346631,0.07673113315233658,0.7905537567117958,-0.05488319260230046,0.0,0.0,0.0,2.5861334360808996,0.1805875456456262,94137.82318598832,-5862.1768140116765,-0.05877798846322113,0.3335077918349891,-0.0147141048355953,-0.32483243304392084,0.0,0.0,0.0,inf,0.0
70,TrialState.COMPLETE,0.3756234017586046,0.4542238257802326,0.061850029437517856,0.3756234017586046,103654.44187315593,3729.441873155927,0.037426839930509104,0.10528669359531254,0.40163530084307014,-0.09522461903689539,9639.46306048311,6.0,99.63946306048311,3.7289003691762157,0.11255918051784643,104405.33184806425,4555.331848064248,0.045749909919045706,0.3617198435571055,0.30497452733409314,-0.3569731755453921,0.0,0.0,0.0,inf,0.0,105255.03629975677,5330.036299756772,0.053490759023899104,0.11073809578287674,0.525923047258079,-0.1039344006607793,0.0,0.0,0.0,4.29966067004818,0.10936243892736229,94137.82318598832,-5862.1768140116765,-0.05877798846322113,0.3335077918349891,-0.0147141048355953,-0.32483243304392084,0.0,0.0,0.0,inf,0.0
71,TrialState.COMPLETE,0.5217951480734937,0.7444005401291834,0.06805290041236602,0.5217951480734937,103387.0119254661,3462.0119254660967,0.03474292008305824,0.0697598320797556,0.5244182448895901,-0.038510606114636525,22183.287099522808,13.0,217.1832870995228,2.2475949898703793,0.18574770699298546,104405.33184806425,4555.331848064248,0.045749909919045706,0.3617198435571055,0.30497452733409314,-0.3569731755453921,0.0,0.0,0.0,inf,0.0,105824.60503883724,5899.605038837239,0.05920723908684966,0.0776856816717185,0.7792084387863869,-0.0565968362541206,0.0,0.0,0.0,2.623598739956794,0.17804973949217381,94137.82318598832,-5862.1768140116765,-0.05877798846322113,0.3335077918349891,-0.0147141048355953,-0.32483243304392084,0.0,0.0,0.0,inf,0.0
72,TrialState.COMPLETE,0.45653334340849716,0.7710231705392129,0.07524229415456068,0.45653334340849716,102862.46013890156,2937.460138901559,0.02947858773441614,0.06792719208254343,0.46163407217011004,-0.03574937172284076,24531.688014405023,12.0,204.53168801440503,2.1756875391191195,0.1921433698593607,104405.33184806425,4555.331848064248,0.045749909919045706,0.3617198435571055,0.30497452733409314,-0.3569731755453921,0.0,0.0,0.0,inf,0.0,105876.86084464034,5951.860844640338,0.059731709035048874,0.07537951025968677,0.8072699251897125,-0.05261269981684047,0.0,0.0,0.0,2.5330085965383526,0.18431299949946095,94137.82318598832,-5862.1768140116765,-0.05877798846322113,0.3335077918349891,-0.0147141048355953,-0.32483243304392084,0.0,0.0,0.0,inf,0.0
73,TrialState.COMPLETE,0.46510278746016015,0.7886415520985348,0.05355317466731385,0.46510278746016015,102891.4937781342,2966.4937781342014,0.029769963572901403,0.06633104681701321,0.4753852858528653,-0.0339179497491191,34630.71713758596,25.0,409.630717137586,2.1098961407553576,0.19574424435839663,104405.33184806425,4555.331848064248,0.045749909919045706,0.3617198435571055,0.30497452733409314,-0.3569731755453921,0.0,0.0,0.0,inf,0.0,105911.44280409216,5986.442804092163,0.06007879427540441,0.07394987207173008,0.8258590619206536,-0.050086861882726263,0.0,0.0,0.0,2.4764207692445663,0.1884546361789041,94137.82318598832,-5862.1768140116765,-0.05877798846322113,0.3335077918349891,-0.0147141048355953,-0.32483243304392084,0.0,0.0,0.0,inf,0.0
74,TrialState.COMPLETE,0.5093158538045574,0.7129878239792533,0.06510093565294701,0.5093158538045574,103421.22792050772,3496.227920507721,0.03508630983695138,0.07257960205074507,0.5113834964376196,-0.04441047919338137,21245.948288024083,13.0,216.24594828802407,2.346640262496066,0.1779810783690211,104405.33184806425,4555.331848064248,0.045749909919045706,0.3617198435571055,0.30497452733409314,-0.3569731755453921,0.0,0.0,0.0,inf,0.0,105762.94708958111,5837.94708958111,0.05858840462169024,0.08061420680671351,0.7465315022520086,-0.06172689984953772,0.0,0.0,0.0,2.7391888801216218,0.17065174703384317,94137.82318598832,-5862.1768140116765,-0.05877798846322113,0.3335077918349891,-0.0147141048355953,-0.32483243304392084,0.0,0.0,0.0,inf,0.0
75,TrialState.COMPLETE,0.6187967530718986,0.8296442772694808,0.07035236322134378,0.6187967530718986,103737.49773197834,3812.4977319783357,0.03826039019607186,0.06378397626477406,0.6204852055693824,-0.02366540087443303,22072.954184634218,13.0,217.07295418463423,2.026367351303095,0.2078643488370062,104405.33184806425,4555.331848064248,0.045749909919045706,0.3617198435571055,0.30497452733409314,-0.3569731755453921,0.0,0.0,0.0,inf,0.0,105991.92434971452,6066.924349714522,0.060886556436076544,0.07094895615179724,0.8684566353387894,-0.044207761848129024,0.0,0.0,0.0,2.354030965576969,0.19808345613751827,94137.82318598832,-5862.1768140116765,-0.05877798846322113,0.3335077918349891,-0.0147141048355953,-0.32483243304392084,0.0,0.0,0.0,inf,0.0
76,TrialState.COMPLETE,0.4411726449620939,0.8274728151749982,0.08292385971500763,0.4411726449620939,102632.42301235032,2707.423012350322,0.027169988800124667,0.0644710632047755,0.44800810121775503,-0.026440611481743148,26842.222466451665,12.0,206.84222246645166,2.0294552945981907,0.205794880806845,104405.33184806425,4555.331848064248,0.045749909919045706,0.3617198435571055,0.30497452733409314,-0.3569731755453921,0.0,0.0,0.0,inf,0.0,105987.66212994997,6062.6621299499675,0.060843778141731475,0.0710957633360748,0.8662430735640789,-0.04451914078843178,0.0,0.0,0.0,2.360208436204699,0.19757386545272973,94137.82318598832,-5862.1768140116765,-0.05877798846322113,0.3335077918349891,-0.0147141048355953,-0.32483243304392084,0.0,0.0,0.0,inf,0.0
77,TrialState.COMPLETE,0.44057179558270687,0.8017805534926185,0.07903035985460055,0.44057179558270687,102680.58158883697,2755.581588836969,0.027653295862893224,0.0658962671510201,0.4468688786192579,-0.03067766299990682,26008.796411725176,12.0,206.00879641172517,2.0944871742994087,0.19946550358846868,104405.33184806425,4555.331848064248,0.045749909919045706,0.3617198435571055,0.30497452733409314,-0.3569731755453921,0.0,0.0,0.0,inf,0.0,105937.23248357607,6012.232483576066,0.060337635135008894,0.07293697286606919,0.8396537702836355,-0.048203071374297024,0.0,0.0,0.0,2.43583897189652,0.1915416095801835,94137.82318598832,-5862.1768140116765,-0.05877798846322113,0.3335077918349891,-0.0147141048355953,-0.32483243304392084,0.0,0.0,0.0,inf,0.0
78,TrialState.COMPLETE,0.4502157727172375,0.8319820488173643,0.058938487657521,0.4502157727172375,102704.51424034439,2779.5142403443897,0.027893478017438023,0.0639318600763381,0.46225119130468234,-0.028863573636699558,37193.18980400071,25.0,412.1931898040007,2.008871028753221,0.2043133743026225,104405.33184806425,4555.331848064248,0.045749909919045706,0.3617198435571055,0.30497452733409314,-0.3569731755453921,0.0,0.0,0.0,inf,0.0,105996.51300733922,6071.513007339221,0.060932611069548503,0.07079248503488442,0.8708324552458914,-0.043872531317331154,0.0,0.0,0.0,2.3474164158736612,0.19863203347699607,94137.82318598832,-5862.1768140116765,-0.05877798846322113,0.3335077918349891,-0.0147141048355953,-0.32483243304392084,0.0,0.0,0.0,inf,0.0
79,TrialState.COMPLETE,0.5194681599424648,0.7998838772959979,0.0633168930668534,0.5194681599424648,103204.45587919002,3279.45587919002,0.03291080340507091,0.06574355098846292,0.5253589588631457,-0.03143870302353191,27671.656231434532,17.0,282.67165623143455,2.1050759849913425,0.1973255253908029,104405.33184806425,4555.331848064248,0.045749909919045706,0.3617198435571055,0.30497452733409314,-0.3569731755453921,0.0,0.0,0.0,inf,0.0,105933.5096229318,6008.509622931801,0.060300270237717335,0.07308029287364894,0.8376683103151782,-0.048475012373272564,0.0,0.0,0.0,2.4416148075245796,0.19109607822938957,94137.82318598832,-5862.1768140116765,-0.05877798846322113,0.3335077918349891,-0.0147141048355953,-0.32483243304392084,0.0,0.0,0.0,inf,0.0
80,TrialState.COMPLETE,0.6301199169488643,0.8498644806171772,0.06974108411807046,0.6301199169488643,103753.91658732142,3828.9165873214224,0.03842517037481241,0.06279165795699615,0.6318169536288618,-0.020534857761943637,22172.313919562057,13.0,217.17231391956204,1.9706828793415376,0.21349112848326257,104405.33184806425,4555.331848064248,0.045749909919045706,0.3617198435571055,0.30497452733409314,-0.3569731755453921,0.0,0.0,0.0,inf,0.0,106031.61325359702,6106.613253597025,0.061284899241766944,0.06965091419673602,0.8887189147218216,-0.04130811632048015,0.0,0.0,0.0,2.2980232303482024,0.20282685331336817,94137.82318598832,-5862.1768140116765,-0.05877798846322113,0.3335077918349891,-0.0147141048355953,-0.32483243304392084,0.0,0.0,0.0,inf,0.0
81,TrialState.COMPLETE,0.5740072917030159,0.8431411253670577,0.07507030329858658,0.5740072917030159,103423.25985885544,3498.2598588554392,0.0351067022628988,0.06317950230046969,0.5776686140578083,-0.021612575388398114,24437.1215978386,13.0,219.4371215978386,1.9869467983689058,0.21065401235215137,104405.33184806425,4555.331848064248,0.045749909919045706,0.3617198435571055,0.30497452733409314,-0.3569731755453921,0.0,0.0,0.0,inf,0.0,106018.41642289743,6093.416422897426,0.061152447501927165,0.0700684937274598,0.8820583501991762,-0.04227229818114642,0.0,0.0,0.0,2.3163480707406476,0.2012500017741937,94137.82318598832,-5862.1768140116765,-0.05877798846322113,0.3335077918349891,-0.0147141048355953,-0.32483243304392084,0.0,0.0,0.0,inf,0.0
82,TrialState.COMPLETE,0.5220332679154154,0.8212285341877942,0.07116240259826256,0.5220332679154154,103148.28415961364,3223.2841596136423,0.032347070680227796,0.06420576598352834,0.5278808663985884,-0.02528889599938744,27364.004297864547,15.0,252.36400429786454,2.0319300376453944,0.20544659772145163,104405.33184806425,4555.331848064248,0.045749909919045706,0.3617198435571055,0.30497452733409314,-0.3569731755453921,0.0,0.0,0.0,inf,0.0,105975.40564253234,6050.405642532336,0.06072076442045482,0.07152571924324612,0.8598440024450912,-0.04541452823231007,0.0,0.0,0.0,2.3781544817334357,0.19610826957869573,94137.82318598832,-5862.1768140116765,-0.05877798846322113,0.3335077918349891,-0.0147141048355953,-0.32483243304392084,0.0,0.0,0.0,inf,0.0
83,TrialState.COMPLETE,0.4038320877662918,0.8449860004194293,0.06554520490618036,0.4038320877662918,102384.47513737479,2459.475137374786,0.02468165769288322,0.06320663446589865,0.4173169286697606,-0.023917999918800503,38543.423805767685,23.0,383.5434238057677,1.9859085809135717,0.20812128088256876,104405.33184806425,4555.331848064248,0.045749909919045706,0.3617198435571055,0.30497452733409314,-0.3569731755453921,0.0,0.0,0.0,inf,0.0,106022.03760649137,6097.037606491373,0.06118879198635008,0.06995250007680137,0.8838942659276336,-0.042007731607069054,0.0,0.0,0.0,2.311290741073414,0.20168272223001138,94137.82318598832,-5862.1768140116765,-0.05877798846322113,0.3335077918349891,-0.0147141048355953,-0.32483243304392084,0.0,0.0,0.0,inf,0.0
84,TrialState.COMPLETE,0.470881873015391,0.8038414850400113,0.05537212607586598,0.470881873015391,102891.77756903249,2966.7775690324925,0.02977281164312262,0.0653694296629608,0.4814506097784018,-0.03137342128604448,35203.472402777465,25.0,410.2034724027775,2.072026034463864,0.1994103412057373,104405.33184806425,4555.331848064248,0.045749909919045706,0.3617198435571055,0.30497452733409314,-0.3569731755453921,0.0,0.0,0.0,inf,0.0,105941.27775021765,6016.277750217647,0.06037823589937985,0.07278236667200884,0.8418084477104375,-0.04790757713270177,0.0,0.0,0.0,2.429593838403191,0.19202569129243846,94137.82318598832,-5862.1768140116765,-0.05877798846322113,0.3335077918349891,-0.0147141048355953,-0.32483243304392084,0.0,0.0,0.0,inf,0.0
85,TrialState.COMPLETE,0.552772554587351,0.7754009991507703,0.06922140158739432,0.552772554587351,103483.1319822657,3558.131982265695,0.035707576225431525,0.0672479260062917,0.5553000245147354,-0.0329762761398118,22473.78040667123,13.0,217.47378040667124,2.1605292764079707,0.19389866193432087,104405.33184806425,4555.331848064248,0.045749909919045706,0.3617198435571055,0.30497452733409314,-0.3569731755453921,0.0,0.0,0.0,inf,0.0,105885.45379575936,5960.453795759357,0.05981795300578674,0.0750168467658654,0.811893337305319,-0.05198509686545927,0.0,0.0,0.0,2.518707509076005,0.185342358238613,94137.82318598832,-5862.1768140116765,-0.05877798846322113,0.3335077918349891,-0.0147141048355953,-0.32483243304392084,0.0,0.0,0.0,inf,0.0
86,TrialState.COMPLETE,0.46535313018827856,0.8302159499657952,0.06088324105319519,0.46535313018827856,102798.75146944975,2873.7514694497513,0.028839220969580692,0.06398545894358769,0.4762889901265626,-0.02751317533670128,35530.269821715076,23.0,380.5302698217151,2.0107004220157148,0.2048940175247538,104405.33184806425,4555.331848064248,0.045749909919045706,0.3617198435571055,0.30497452733409314,-0.3569731755453921,0.0,0.0,0.0,inf,0.0,105993.04644835542,6068.046448355424,0.060897818518265145,0.07091054140073438,0.8690383216953745,-0.044125785762085146,0.0,0.0,0.0,2.3524100195696627,0.19821760788390438,94137.82318598832,-5862.1768140116765,-0.05877798846322113,0.3335077918349891,-0.0147141048355953,-0.32483243304392084,0.0,0.0,0.0,inf,0.0
87,TrialState.COMPLETE,0.46353186058221596,0.7398952700300996,0.08087992769144946,0.46353186058221596,102999.9232576426,3074.9232576426,0.03085814229620909,0.07048567580850425,0.46638997269299615,-0.04128826578434874,20803.687993677606,10.0,170.8036879936776,2.2650301133542134,0.18468015975368318,104405.33184806425,4555.331848064248,0.045749909919045706,0.3617198435571055,0.30497452733409314,-0.3569731755453921,0.0,0.0,0.0,inf,0.0,105815.7619412257,5890.7619412257045,0.05911848463751679,0.07809239528423799,0.774483428963331,-0.05733306724261278,0.0,0.0,0.0,2.6395740021782172,0.1769892293056972,94137.82318598832,-5862.1768140116765,-0.05877798846322113,0.3335077918349891,-0.0147141048355953,-0.32483243304392084,0.0,0.0,0.0,inf,0.0
88,TrialState.COMPLETE,0.24095035334765869,0.3735606970335462,0.071992163525138,0.24095035334765869,102816.52298890421,2891.5229889042093,0.029017572079795606,0.11730674907837216,0.3025248334978113,-0.11172136541124633,10571.142410396838,6.0,100.57114241039685,4.495597578831088,0.08907329886189673,104405.33184806425,4555.331848064248,0.045749909919045706,0.3617198435571055,0.30497452733409314,-0.3569731755453921,0.0,0.0,0.0,inf,0.0,105096.70796306148,5171.707963061475,0.05190171079933936,0.12154489638126019,0.47708223432644353,-0.11710075144442433,0.0,0.0,0.0,5.228088325712434,0.0901187820553143,94137.82318598832,-5862.1768140116765,-0.05877798846322113,0.3335077918349891,-0.0147141048355953,-0.32483243304392084,0.0,0.0,0.0,inf,0.0
89,TrialState.COMPLETE,0.4973923032595141,0.8118567245069634,0.09933020287742107,0.4973923032595141,103009.50140716495,3084.5014071649493,0.03095426703068549,0.06529312052256186,0.49950136249482346,-0.030941097158239228,19416.41914766609,8.0,139.4164191476661,2.0404525425751228,0.2027817253283123,104405.33184806425,4555.331848064248,0.045749909919045706,0.3617198435571055,0.30497452733409314,-0.3569731755453921,0.0,0.0,0.0,inf,0.0,105957.01033526321,6032.010335263214,0.06053613776315592,0.07219236476513907,0.8501573974400646,-0.046758333676664265,0.0,0.0,0.0,2.40560712272493,0.1939080203378443,94137.82318598832,-5862.1768140116765,-0.05877798846322113,0.3335077918349891,-0.0147141048355953,-0.32483243304392084,0.0,0.0,0.0,inf,0.0
90,TrialState.COMPLETE,0.39338745362010485,0.8485513920549221,0.05203886056148703,0.39338745362010485,102338.43500381724,2413.4350038172415,0.02421961443094256,0.06309960985450447,0.4107713242585931,-0.023433654237789647,45795.95657928914,33.0,540.7959565792892,1.9705041310207168,0.20838923944880966,104405.33184806425,4555.331848064248,0.045749909919045706,0.3617198435571055,0.30497452733409314,-0.3569731755453921,0.0,0.0,0.0,inf,0.0,106029.03587863986,6104.035878639857,0.06125903107295927,0.06973135153549573,0.8874247393572537,-0.04149642586380009,0.0,0.0,0.0,2.301579300195968,0.20251891821995768,94137.82318598832,-5862.1768140116765,-0.05877798846322113,0.3335077918349891,-0.0147141048355953,-0.32483243304392084,0.0,0.0,0.0,inf,0.0
91,TrialState.COMPLETE,0.5450809801099513,0.7564711401106438,0.06719794639948914,0.5450809801099513,103499.86314177005,3574.8631417700526,0.03587548956740805,0.06870994953897135,0.5472915969295276,-0.036151208252324984,21925.128166523264,13.0,216.92512816652328,2.2145941474729627,0.18921056086000707,104405.33184806425,4555.331848064248,0.045749909919045706,0.3617198435571055,0.30497452733409314,-0.3569731755453921,0.0,0.0,0.0,inf,0.0,105848.29762363617,5923.297623636172,0.05944503169047133,0.07661908447717308,0.7919097959206772,-0.05469877941657331,0.0,0.0,0.0,2.581735396832759,0.18089022246106323,94137.82318598832,-5862.1768140116765,-0.05877798846322113,0.3335077918349891,-0.0147141048355953,-0.32483243304392084,0.0,0.0,0.0,inf,0.0
92,TrialState.COMPLETE,0.5302347857152001,0.7641469012807812,0.06905137128259906,0.5302347857152001,103372.6654547723,3447.665454772301,0.0345989398230544,0.06814488666580376,0.5331684096374086,-0.035032245045892974,22731.255245453376,13.0,217.73125524545338,2.1894809709082192,0.1906609069813003,104405.33184806425,4555.331848064248,0.045749909919045706,0.3617198435571055,0.30497452733409314,-0.3569731755453921,0.0,0.0,0.0,inf,0.0,105863.36386911708,5938.363869117078,0.05959624539603259,0.07595879922815411,0.8000083728089218,-0.053598452200597,0.0,0.0,0.0,2.55580218388985,0.18269585766567603,94137.82318598832,-5862.1768140116765,-0.05877798846322113,0.3335077918349891,-0.0147141048355953,-0.32483243304392084,0.0,0.0,0.0,inf,0.0
93,TrialState.COMPLETE,0.4367467301203159,0.7954913765876016,0.056970148392421725,0.4367467301203159,102697.8410341962,2772.841034196201,0.02782650736022041,0.06610475574875552,0.44821172162480055,-0.03507041648304832,36021.19430047855,25.0,411.02119430047856,2.1044102976996704,0.1948056446205607,104405.33184806425,4555.331848064248,0.045749909919045706,0.3617198435571055,0.30497452733409314,-0.3569731755453921,0.0,0.0,0.0,inf,0.0,105924.88787292149,5999.887872921492,0.0602137371163296,0.07341598638537664,0.833061864888846,-0.049104789730222476,0.0,0.0,0.0,2.455096782423778,0.1900641615390251,94137.82318598832,-5862.1768140116765,-0.05877798846322113,0.3335077918349891,-0.0147141048355953,-0.32483243304392084,0.0,0.0,0.0,inf,0.0
94,TrialState.COMPLETE,0.4042822006670281,0.782655519748172,0.06025575852360428,0.4042822006670281,102505.0069615778,2580.0069615778048,0.025891277156306902,0.06679803957465408,0.4160402137014198,-0.034214194710357804,35700.264118699524,23.0,380.7002641186995,2.144065820330149,0.1928299974567547,104405.33184806425,4555.331848064248,0.045749909919045706,0.3617198435571055,0.30497452733409314,-0.3569731755453921,0.0,0.0,0.0,inf,0.0,105899.69321589523,5974.693215895226,0.05996086834188685,0.0744266160963371,0.8195501864600371,-0.05094506516000563,0.0,0.0,0.0,2.4953613305308115,0.18704776098840561,94137.82318598832,-5862.1768140116765,-0.05877798846322113,0.3335077918349891,-0.0147141048355953,-0.32483243304392084,0.0,0.0,0.0,inf,0.0
95,TrialState.COMPLETE,0.4441619811190964,0.6109181437033837,0.07450450850183234,0.4441619811190964,103309.59806804951,3384.598068049512,0.03396600022490892,0.08319109694522502,0.4430920887455293,-0.06644126227840141,14574.067230858536,8.0,134.57406723085853,2.7042768398358064,0.15329646484373805,104405.33184806425,4555.331848064248,0.045749909919045706,0.3617198435571055,0.30497452733409314,-0.3569731755453921,0.0,0.0,0.0,inf,0.0,105562.60124438297,5637.601244382968,0.05657762590809634,0.09141829162074114,0.6476854973755632,-0.07837525116116217,0.0,0.0,0.0,3.1968412449938914,0.14655260203355572,94137.82318598832,-5862.1768140116765,-0.05877798846322113,0.3335077918349891,-0.0147141048355953,-0.32483243304392084,0.0,0.0,0.0,inf,0.0
96,TrialState.COMPLETE,0.49844247894494426,0.8153804464263479,0.0843974593775558,0.49844247894494426,103026.33485293573,3101.3348529357318,0.031123204785430625,0.06526498042782011,0.502198384139279,-0.02853577984423139,22727.956867649402,10.0,172.7279568676494,2.059807063302983,0.20207340146717956,104405.33184806425,4555.331848064248,0.045749909919045706,0.3617198435571055,0.30497452733409314,-0.3569731755453921,0.0,0.0,0.0,inf,0.0,105963.9268166734,6038.926816673396,0.06060555582909721,0.07193874216419559,0.8538100143196712,-0.046253080896643484,0.0,0.0,0.0,2.3952111283336923,0.19473537906634847,94137.82318598832,-5862.1768140116765,-0.05877798846322113,0.3335077918349891,-0.0147141048355953,-0.32483243304392084,0.0,0.0,0.0,inf,0.0
97,TrialState.COMPLETE,0.4048236619306915,0.8284762282887261,0.06375150236149117,0.4048236619306915,102416.4009773596,2491.4009773596044,0.02500205499709618,0.06399399191655769,0.4178511097836299,-0.026645490145564832,37790.34251938605,23.0,382.79034251938606,2.0254835222622387,0.20407289558740188,104405.33184806425,4555.331848064248,0.045749909919045706,0.3617198435571055,0.30497452733409314,-0.3569731755453921,0.0,0.0,0.0,inf,0.0,105989.63166338847,6064.631663388471,0.06086354560641061,0.07102774998741412,0.8672667308665444,-0.044375255766476385,0.0,0.0,0.0,2.357349857991887,0.19780934742709338,94137.82318598832,-5862.1768140116765,-0.05877798846322113,0.3335077918349891,-0.0147141048355953,-0.32483243304392084,0.0,0.0,0.0,inf,0.0
98,TrialState.COMPLETE,0.4351678130061731,0.6838919529085125,0.07752336132681556,0.4351678130061731,102986.98451804701,3061.9845180470147,0.030728291271050256,0.07573321049643121,0.43748295090237266,-0.05183473680644324,19655.111205513203,10.0,169.6551112055132,2.4465581153961447,0.17048681985123296,104405.33184806425,4555.331848064248,0.045749909919045706,0.3617198435571055,0.30497452733409314,-0.3569731755453921,0.0,0.0,0.0,inf,0.0,105705.83672276401,5780.836722764012,0.05801521318059644,0.08350771565893461,0.7170259374103934,-0.06647181160044302,0.0,0.0,0.0,2.8557264211110636,0.16379168172483485,94137.82318598832,-5862.1768140116765,-0.05877798846322113,0.3335077918349891,-0.0147141048355953,-0.32483243304392084,0.0,0.0,0.0,inf,0.0
99,TrialState.COMPLETE,0.5618309431580263,0.7549776037803421,0.07067845601325717,0.5618309431580263,103596.12836347356,3671.128363473559,0.03684160547364912,0.06847040044110418,0.5625801292816054,-0.036724913436816164,19550.074834314153,11.0,184.55007483431416,2.206386204123937,0.1903388456224228,104405.33184806425,4555.331848064248,0.045749909919045706,0.3617198435571055,0.30497452733409314,-0.3569731755453921,0.0,0.0,0.0,inf,0.0,105845.36605965316,5920.366059653155,0.05941560879609509,0.07674920463793439,0.7903355389556332,-0.05491287466018058,0.0,0.0,0.0,2.5868427213296554,0.18053882709168642,94137.82318598832,-5862.1768140116765,-0.05877798846322113,0.3335077918349891,-0.0147141048355953,-0.32483243304392084,0.0,0.0,0.0,inf,0.0
100,TrialState.COMPLETE,0.30450459593903395,0.7339401840868537,0.13302983394969484,0.30450459593903395,101924.72544284559,1999.7254428455926,0.020067790374830974,0.07274945870958617,0.309482382819302,-0.04560833060672065,19769.92908977204,6.0,109.76992908977203,2.319263747527942,0.17492996484936388,104405.33184806425,4555.331848064248,0.045749909919045706,0.3617198435571055,0.30497452733409314,-0.3569731755453921,0.0,0.0,0.0,inf,0.0,105804.07309569114,5879.073095691143,0.05900116864510996,0.0786369923971962,0.7682545919759841,-0.05830598015035626,0.0,0.0,0.0,2.660991129046786,0.1755871745929982,94137.82318598832,-5862.1768140116765,-0.05877798846322113,0.3335077918349891,-0.0147141048355953,-0.32483243304392084,0.0,0.0,0.0,inf,0.0
101,TrialState.COMPLETE,0.5228568586397337,0.8147260424239998,0.06569019873514685,0.5228568586397337,103181.6446385021,3256.644638502097,0.03268187239355225,0.06474041478198056,0.5290634986065277,-0.02899820338332071,28187.840449464984,17.0,283.187840449465,2.059269927362612,0.20135522685492258,104405.33184806425,4555.331848064248,0.045749909919045706,0.3617198435571055,0.30497452733409314,-0.3569731755453921,0.0,0.0,0.0,inf,0.0,105962.64233020702,6037.642330207018,0.060592663931115176,0.07198557455715072,0.853132580587852,-0.0463469139614886,0.0,0.0,0.0,2.3971350090828416,0.19458173469930004,94137.82318598832,-5862.1768140116765,-0.05877798846322113,0.3335077918349891,-0.0147141048355953,-0.32483243304392084,0.0,0.0,0.0,inf,0.0
102,TrialState.COMPLETE,0.45570562982733065,0.797737039048226,0.08973123551326587,0.45570562982733065,102782.81574667,2857.815746670007,0.028679293588187438,0.06620368717989258,0.4601722476501748,-0.03172913312168313,22927.028383016004,10.0,172.927028383016,2.09740970462986,0.19861039298678185,104405.33184806425,4555.331848064248,0.045749909919045706,0.3617198435571055,0.30497452733409314,-0.3569731755453921,0.0,0.0,0.0,inf,0.0,105929.2957356922,6004.295735692198,0.060257977102747606,0.0732437065009646,0.8354182845624728,-0.04878281815468255,0.0,0.0,0.0,2.448185584357725,0.19059174792650696,94137.82318598832,-5862.1768140116765,-0.05877798846322113,0.3335077918349891,-0.0147141048355953,-0.32483243304392084,0.0,0.0,0.0,inf,0.0
103,TrialState.COMPLETE,0.3410090756653524,0.5654669821702683,0.09505896852152841,0.3410090756653524,102664.69814939778,2739.69814939778,0.027493893689132465,0.09168079742717969,0.3416824558668273,-0.07534379625925958,14883.939368778443,6.0,104.88393936877844,3.0437395780172114,0.13425034776850478,104405.33184806425,4555.331848064248,0.045749909919045706,0.3617198435571055,0.30497452733409314,-0.3569731755453921,0.0,0.0,0.0,inf,0.0,105473.38815634363,5548.38815634363,0.05568223872123035,0.09674028591656715,0.6084727280885555,-0.0857918587622134,0.0,0.0,0.0,3.453797269666243,0.1357901370150564,94137.82318598832,-5862.1768140116765,-0.05877798846322113,0.3335077918349891,-0.0147141048355953,-0.32483243304392084,0.0,0.0,0.0,inf,0.0
104,TrialState.COMPLETE,0.46919626748407606,0.8341131715908509,0.10545923687056201,0.46919626748407606,102790.0308213078,2865.030821307795,0.028751702469469897,0.06436502648009958,0.47254253338704566,-0.027323399622043443,20786.80942183049,8.0,140.7868094218305,1.9921288375590147,0.2065241016689061,104405.33184806425,4555.331848064248,0.045749909919045706,0.3617198435571055,0.30497452733409314,-0.3569731755453921,0.0,0.0,0.0,inf,0.0,106000.6960477104,6075.6960477104,0.06097459467973465,0.07065128152851359,0.8729914016127535,-0.04356693055164029,0.0,0.0,0.0,2.341418869313902,0.1991320808930025,94137.82318598832,-5862.1768140116765,-0.05877798846322113,0.3335077918349891,-0.0147141048355953,-0.32483243304392084,0.0,0.0,0.0,inf,0.0
105,TrialState.COMPLETE,0.477335220820816,0.7750963272283677,0.07319859316463614,0.477335220820816,103011.03375780387,3086.0337578038743,0.03096964545214065,0.06808345074891078,0.48198554020782747,-0.03507777380590993,24376.708083925463,12.0,204.37670808392545,2.178460443182711,0.19152642982158496,104405.33184806425,4555.331848064248,0.045749909919045706,0.3617198435571055,0.30497452733409314,-0.3569731755453921,0.0,0.0,0.0,inf,0.0,105884.85577533205,5959.855775332049,0.05981195091629865,0.07504192942536485,0.8115716108388532,-0.052028774864080085,0.0,0.0,0.0,2.5196975530638333,0.18527072593060384,94137.82318598832,-5862.1768140116765,-0.05877798846322113,0.3335077918349891,-0.0147141048355953,-0.32483243304392084,0.0,0.0,0.0,inf,0.0
106,TrialState.COMPLETE,0.39345865548259,0.8153023495585666,0.06394239846959482,0.39345865548259,102366.13075212788,2441.1307521278795,0.024497559557344895,0.0646819777278369,0.40648172428502555,-0.028821726600985476,37529.85766820703,23.0,382.529857668207,2.0504505281596437,0.2014180465661757,104405.33184806425,4555.331848064248,0.045749909919045706,0.3617198435571055,0.30497452733409314,-0.3569731755453921,0.0,0.0,0.0,inf,0.0,105963.77352548092,6038.773525480923,0.06060401730417264,0.07194432469696609,0.8537291914906371,-0.046264278991648755,0.0,0.0,0.0,2.3954405628335427,0.19471704326093014,94137.82318598832,-5862.1768140116765,-0.05877798846322113,0.3335077918349891,-0.0147141048355953,-0.32483243304392084,0.0,0.0,0.0,inf,0.0
107,TrialState.COMPLETE,0.4856447701545115,0.8499008513919974,0.1225776080559848,0.4856447701545115,102889.22050590836,2964.2205059083644,0.029747149456067268,0.0643250092234583,0.48782905259022036,-0.024909509230300664,19024.091416618056,6.0,109.02409141661806,2.010680940095058,0.2065141808909649,104405.33184806425,4555.331848064248,0.045749909919045706,0.3617198435571055,0.30497452733409314,-0.3569731755453921,0.0,0.0,0.0,inf,0.0,106031.6846433927,6106.6846433926985,0.061285615755032996,0.06964869395464864,0.8887547140802264,-0.04130290038494311,0.0,0.0,0.0,2.297924888423605,0.20283538250486519,94137.82318598832,-5862.1768140116765,-0.05877798846322113,0.3335077918349891,-0.0147141048355953,-0.32483243304392084,0.0,0.0,0.0,inf,0.0
108,TrialState.COMPLETE,0.5067929872418986,0.7892737362233305,0.08113050997681151,0.5067929872418986,103151.0188925508,3226.0188925507973,0.032374516116563834,0.0668997075025178,0.5096710617282476,-0.03283770026144117,21600.20661774437,10.0,171.60020661774436,2.1317273204995795,0.19538892398146288,104405.33184806425,4555.331848064248,0.045749909919045706,0.3617198435571055,0.30497452733409314,-0.3569731755453921,0.0,0.0,0.0,inf,0.0,105912.68367662601,5987.683676626009,0.06009124842053115,0.07390007406969153,0.8265246537786918,-0.049996225760379986,0.0,0.0,0.0,2.4744372319433987,0.18860319875504636,94137.82318598832,-5862.1768140116765,-0.05877798846322113,0.3335077918349891,-0.0147141048355953,-0.32483243304392084,0.0,0.0,0.0,inf,0.0
109,TrialState.COMPLETE,0.5288644172835445,0.7625641599505635,0.06920165667409728,0.5288644172835445,103369.2697549744,3444.2697549744043,0.03456486080564525,0.06827463550431515,0.5318025490233088,-0.035297351227872586,22723.24738757619,13.0,217.72324738757618,2.1940789015414013,0.19024418077734132,104405.33184806425,4555.331848064248,0.045749909919045706,0.3617198435571055,0.30497452733409314,-0.3569731755453921,0.0,0.0,0.0,inf,0.0,105860.25721052168,5935.257210521682,0.05956506513737936,0.07609378314105104,0.7983375712287188,-0.05382534276807349,0.0,0.0,0.0,2.561106883429579,0.1823235765936296,94137.82318598832,-5862.1768140116765,-0.05877798846322113,0.3335077918349891,-0.0147141048355953,-0.32483243304392084,0.0,0.0,0.0,inf,0.0
110,TrialState.COMPLETE,0.40137948039210425,0.7211911651410852,0.08510428137646188,0.40137948039210425,102619.94378589565,2694.9437858956517,0.027044750601050493,0.07217248226709441,0.4058145779509863,-0.04631629823620764,22048.47347134659,10.0,172.0484734713466,2.306060681035175,0.1776998604537988,104405.33184806425,4555.331848064248,0.045749909919045706,0.3617198435571055,0.30497452733409314,-0.3569731755453921,0.0,0.0,0.0,inf,0.0,105779.04888704015,5854.048887040146,0.05875001138034297,0.07982899154947035,0.7549965963761874,-0.060387932682046674,0.0,0.0,0.0,2.708031397922102,0.17258453792018777,94137.82318598832,-5862.1768140116765,-0.05877798846322113,0.3335077918349891,-0.0147141048355953,-0.32483243304392084,0.0,0.0,0.0,inf,0.0
111,TrialState.COMPLETE,0.5392486499891964,0.8052146879878967,0.0921758238913944,0.5392486499891964,103317.2515641907,3392.251564190694,0.03404281008584298,0.06601178651050706,0.5400886638976584,-0.030499640326424604,18424.583692460445,8.0,138.42458369246043,2.0899382795695076,0.1995770574763034,104405.33184806425,4555.331848064248,0.045749909919045706,0.3617198435571055,0.30497452733409314,-0.3569731755453921,0.0,0.0,0.0,inf,0.0,105943.97311973882,6018.973119738817,0.0604052882749293,0.07268000657833362,0.843242437277887,-0.047710687151183206,0.0,0.0,0.0,2.425450439790585,0.19234821665146684,94137.82318598832,-5862.1768140116765,-0.05877798846322113,0.3335077918349891,-0.0147141048355953,-0.32483243304392084,0.0,0.0,0.0,inf,0.0
112,TrialState.COMPLETE,0.5908800912150014,0.836082115968285,0.08848469901016542,0.5908800912150014,103555.00684495264,3630.0068449526443,0.036428910405898796,0.06402401444056549,0.5908314358976932,-0.025124145842605805,17841.461645042782,8.0,137.84146164504278,2.000368487758516,0.2100839155267647,104405.33184806425,4555.331848064248,0.045749909919045706,0.3617198435571055,0.30497452733409314,-0.3569731755453921,0.0,0.0,0.0,inf,0.0,106004.56075880179,6079.560758801788,0.061013383342158445,0.07052204837937193,0.8749799972149606,-0.043284583330058135,0.0,0.0,0.0,2.335904909106041,0.19959404248225193,94137.82318598832,-5862.1768140116765,-0.05877798846322113,0.3335077918349891,-0.0147141048355953,-0.32483243304392084,0.0,0.0,0.0,inf,0.0
113,TrialState.COMPLETE,0.6240641949768796,0.8287634430100629,0.06784340464864282,0.6240641949768796,103771.18624313548,3846.186243135482,0.038598489292701155,0.06380036239322169,0.6254457095410884,-0.024008207947044724,21629.015743281445,13.0,216.62901574328146,2.020118706415362,0.20835334010939915,104405.33184806425,4555.331848064248,0.045749909919045706,0.3617198435571055,0.30497452733409314,-0.3569731755453921,0.0,0.0,0.0,inf,0.0,105990.1954182268,6065.195418226795,0.06086920380139338,0.07100833732269717,0.8675594917592546,-0.04433407031771541,0.0,0.0,0.0,2.3565328991983168,0.1978767497729991,94137.82318598832,-5862.1768140116765,-0.05877798846322113,0.3335077918349891,-0.0147141048355953,-0.32483243304392084,0.0,0.0,0.0,inf,0.0
114,TrialState.COMPLETE,0.5245012703820615,0.8306247692945109,0.06725674883598048,0.5245012703820615,103153.03072120436,3228.0307212043554,0.03239470657756649,0.06386816148335941,0.5310552943868323,-0.026373419871759007,28737.9254474298,17.0,283.7379254474298,2.0195055255562147,0.20526832008688958,104405.33184806425,4555.331848064248,0.045749909919045706,0.3617198435571055,0.30497452733409314,-0.3569731755453921,0.0,0.0,0.0,inf,0.0,105993.84889285956,6068.848892859562,0.060905872352262636,0.0708831300769765,0.8694540229030747,-0.0440671622098362,0.0,0.0,0.0,2.3512522035249024,0.1983135419901807,94137.82318598832,-5862.1768140116765,-0.05877798846322113,0.3335077918349891,-0.0147141048355953,-0.32483243304392084,0.0,0.0,0.0,inf,0.0
115,TrialState.COMPLETE,0.47245508468427055,0.8354449581444715,0.06013798442412225,0.47245508468427055,102832.84743200455,2907.84743200455,0.029181400720576622,0.06371290225120738,0.48327157821592387,-0.026654744767135363,35462.7618997954,23.0,380.4627618997954,1.9983835385096023,0.2062593522689384,104405.33184806425,4555.331848064248,0.045749909919045706,0.3617198435571055,0.30497452733409314,-0.3569731755453921,0.0,0.0,0.0,inf,0.0,106003.31012372185,6078.310123721851,0.06100083118433175,0.07056373955931872,0.874337130222144,-0.04337595223584578,0.0,0.0,0.0,2.3376864029962263,0.19944455335490793,94137.82318598832,-5862.1768140116765,-0.05877798846322113,0.3335077918349891,-0.0147141048355953,-0.32483243304392084,0.0,0.0,0.0,inf,0.0
116,TrialState.COMPLETE,0.43877073881635775,0.778629883204102,0.07644193476159648,0.43877073881635775,102723.97610737289,2798.976107372888,0.0280887926011939,0.06741629149044495,0.44458270674440403,-0.03449513714273311,25257.81652364219,12.0,205.2578165236422,2.1567616683070083,0.1937590008343101,104405.33184806425,4555.331848064248,0.045749909919045706,0.3617198435571055,0.30497452733409314,-0.3569731755453921,0.0,0.0,0.0,inf,0.0,105891.79155936319,5966.7915593631915,0.0598815625849749,0.074752475370921,0.8153023382223777,-0.05152219782230394,0.0,0.0,0.0,2.508262733340458,0.18610146296539148,94137.82318598832,-5862.1768140116765,-0.05877798846322113,0.3335077918349891,-0.0147141048355953,-0.32483243304392084,0.0,0.0,0.0,inf,0.0
117,TrialState.COMPLETE,0.4614912880496054,0.7973882028999308,0.058308661883692145,0.4614912880496054,102846.98063361418,2921.9806336141773,0.02932323858526753,0.06587977656379052,0.47160228366152285,-0.03290193544581632,34125.359796874865,23.0,379.1253597968749,2.0934791296001833,0.19682384894247,104405.33184806425,4555.331848064248,0.045749909919045706,0.3617198435571055,0.30497452733409314,-0.3569731755453921,0.0,0.0,0.0,inf,0.0,105928.61102821806,6003.61102821806,0.0602511049625758,0.07327037815291354,0.8350524264116721,-0.04883283271256389,0.0,0.0,0.0,2.449256600490712,0.1905097965658318,94137.82318598832,-5862.1768140116765,-0.05877798846322113,0.3335077918349891,-0.0147141048355953,-0.32483243304392084,0.0,0.0,0.0,inf,0.0
118,TrialState.COMPLETE,0.5221190899526734,0.8216976622389239,0.07103454642220196,0.5221190899526734,103147.71851427121,3222.7185142712115,0.032341393934853135,0.06418074337189099,0.5279759391184887,-0.02521019330756935,27379.63602700321,15.0,252.37963602700322,2.0307699572138707,0.2055627982044057,104405.33184806425,4555.331848064248,0.045749909919045706,0.3617198435571055,0.30497452733409314,-0.3569731755453921,0.0,0.0,0.0,inf,0.0,105976.3264630507,6051.326463050704,0.0607300063458196,0.07149301813383344,0.8603264028496973,-0.045347259354128644,0.0,0.0,0.0,2.3767967329791535,0.19621838958291027,94137.82318598832,-5862.1768140116765,-0.05877798846322113,0.3335077918349891,-0.0147141048355953,-0.32483243304392084,0.0,0.0,0.0,inf,0.0
119,TrialState.COMPLETE,0.40988258992983945,0.8090040894194748,0.062054715700432445,0.40988258992983945,102483.95532178323,2558.955321783229,0.025680009241272783,0.06506184767491079,0.4222152608755381,-0.029862110276845266,36741.86278646084,23.0,381.74186278646084,2.073573864220666,0.19947792813179527,104405.33184806425,4555.331848064248,0.045749909919045706,0.3617198435571055,0.30497452733409314,-0.3569731755453921,0.0,0.0,0.0,inf,0.0,105951.41108594542,6026.411085945423,0.060479940258637566,0.07240027485665639,0.8471920576896482,-0.04716735591690402,0.0,0.0,0.0,2.4140895511511227,0.1932381567731579,94137.82318598832,-5862.1768140116765,-0.05877798846322113,0.3335077918349891,-0.0147141048355953,-0.32483243304392084,0.0,0.0,0.0,inf,0.0
120,TrialState.COMPLETE,0.4043050864075286,0.8384907356140703,0.06496063420591658,0.4043050864075286,102397.03538249465,2472.0353824946505,0.024807708178419707,0.06350163279121365,0.4176099800152593,-0.024991072274884063,38247.147010649926,23.0,383.24714701064994,2.0012921761811118,0.20652872434482883,104405.33184806425,4555.331848064248,0.045749909919045706,0.3617198435571055,0.30497452733409314,-0.3569731755453921,0.0,0.0,0.0,inf,0.0,106009.28847948633,6084.288479486335,0.061060833714967844,0.07036556616247827,0.8774044297879499,-0.0429391830575232,0.0,0.0,0.0,2.329194869011633,0.20015912041606695,94137.82318598832,-5862.1768140116765,-0.05877798846322113,0.3335077918349891,-0.0147141048355953,-0.32483243304392084,0.0,0.0,0.0,inf,0.0
121,TrialState.COMPLETE,0.6142753702034676,0.8189882592719264,0.06811008695870246,0.6142753702034676,103743.03007345418,3818.0300734541815,0.03831591295126957,0.06443318610277121,0.6157107881626153,-0.02555815023047925,21595.601191546913,13.0,216.5956011915469,2.052252078488717,0.20530207480478507,104405.33184806425,4555.331848064248,0.045749909919045706,0.3617198435571055,0.30497452733409314,-0.3569731755453921,0.0,0.0,0.0,inf,0.0,105971.00835461797,6046.008354617967,0.06067663051694083,0.07168276643943375,0.8575368920098161,-0.04573576214543107,0.0,0.0,0.0,2.384659727408413,0.19558237782519525,94137.82318598832,-5862.1768140116765,-0.05877798846322113,0.3335077918349891,-0.0147141048355953,-0.32483243304392084,0.0,0.0,0.0,inf,0.0
122,TrialState.COMPLETE,0.5141824593142226,0.7867563344584176,0.06796837195290227,0.5141824593142226,103189.84858786446,3264.848587864457,0.03276420627825738,0.06630190634909168,0.5193503043561917,-0.03107161672270209,26215.362498070728,15.0,251.21536249807073,2.120960268513569,0.1969039456552727,104405.33184806425,4555.331848064248,0.045749909919045706,0.3617198435571055,0.30497452733409314,-0.3569731755453921,0.0,0.0,0.0,inf,0.0,105907.74243469263,5982.742434692627,0.06004165513877746,0.07409900081098277,0.8238733698293431,-0.050357143623355194,0.0,0.0,0.0,2.4823547438616838,0.18801159245711363,94137.82318598832,-5862.1768140116765,-0.05877798846322113,0.3335077918349891,-0.0147141048355953,-0.32483243304392084,0.0,0.0,0.0,inf,0.0
123,TrialState.COMPLETE,0.5483195380559044,0.8228318254992216,0.07413307039963443,0.5483195380559044,103311.54926480519,3386.5492648051877,0.03398558227438442,0.06424488623632638,0.5522811041106505,-0.02520126614700091,24476.96930806827,13.0,219.47696930806828,2.0333257021477893,0.20515567415115635,104405.33184806425,4555.331848064248,0.045749909919045706,0.3617198435571055,0.30497452733409314,-0.3569731755453921,0.0,0.0,0.0,inf,0.0,105978.55263733049,6053.552637330489,0.060752349611387535,0.07141422648081541,0.8614915878035018,-0.04518462961613623,0.0,0.0,0.0,2.3735206376116644,0.19648460820690045,94137.82318598832,-5862.1768140116765,-0.05877798846322113,0.3335077918349891,-0.0147141048355953,-0.32483243304392084,0.0,0.0,0.0,inf,0.0
124,TrialState.COMPLETE,0.465676257917545,0.7448856694078914,0.07067202761045198,0.465676257917545,103027.08705904309,3102.087059043086,0.031130753806730915,0.07052653539216246,0.46990855953980026,-0.040219510911084555,23622.734678518977,12.0,203.62273467851898,2.2678241000529065,0.18393172358929838,104405.33184806425,4555.331848064248,0.045749909919045706,0.3617198435571055,0.30497452733409314,-0.3569731755453921,0.0,0.0,0.0,inf,0.0,105825.55726711031,5900.557267110315,0.059216796202520516,0.07764216213483151,0.7797178123209609,-0.05651754925979968,0.0,0.0,0.0,2.6218900420765596,0.17816392527761563,94137.82318598832,-5862.1768140116765,-0.05877798846322113,0.3335077918349891,-0.0147141048355953,-0.32483243304392084,0.0,0.0,0.0,inf,0.0
125,TrialState.COMPLETE,0.45399775851950036,0.8496822705111806,0.053965370762279974,0.45399775851950036,102698.18759864435,2773.1875986443483,0.0278299853955728,0.06295947448823658,0.4674290235664936,-0.02477227689203798,39827.867057657546,29.0,474.82786705765756,1.9584184152702868,0.2099491384241145,104405.33184806425,4555.331848064248,0.045749909919045706,0.3617198435571055,0.30497452733409314,-0.3569731755453921,0.0,0.0,0.0,inf,0.0,106031.25560539431,6106.255605394312,0.06128130965759637,0.06966204345911947,0.8885395284929225,-0.04133424707224076,0.0,0.0,0.0,2.298516029916837,0.2027841236600982,94137.82318598832,-5862.1768140116765,-0.05877798846322113,0.3335077918349891,-0.0147141048355953,-0.32483243304392084,0.0,0.0,0.0,inf,0.0
126,TrialState.COMPLETE,0.6089248809308839,0.8005326705637316,0.06690526886241879,0.6089248809308839,103761.81277835139,3836.812778351392,0.038504416836332656,0.0654324608547047,0.6100742471782998,-0.028565127996539874,21118.703505986156,13.0,216.11870350598616,2.0979316891405912,0.2009030439093354,104405.33184806425,4555.331848064248,0.045749909919045706,0.3617198435571055,0.30497452733409314,-0.3569731755453921,0.0,0.0,0.0,inf,0.0,105934.78309645722,6009.78309645722,0.060313051593378075,0.07303115626033958,0.8383477337987785,-0.0483819901787611,0.0,0.0,0.0,2.4396359960309706,0.19124848380905485,94137.82318598832,-5862.1768140116765,-0.05877798846322113,0.3335077918349891,-0.0147141048355953,-0.32483243304392084,0.0,0.0,0.0,inf,0.0
127,TrialState.COMPLETE,0.6130192079876884,0.8035340812040712,0.06598823966904198,0.6130192079876884,103776.51600127525,3851.516001275246,0.03865197896265693,0.0652168689467268,0.6140539714634556,-0.028312989646549047,20963.589254354156,13.0,215.96358925435416,2.084309080211138,0.20197802629737122,104405.33184806425,4555.331848064248,0.045749909919045706,0.3617198435571055,0.30497452733409314,-0.3569731755453921,0.0,0.0,0.0,inf,0.0,105940.67436749766,6015.674367497661,0.06037217998195743,0.07280535271245202,0.8414872489621744,-0.04795165255600975,0.0,0.0,0.0,2.4305233154262225,0.1919534889768812,94137.82318598832,-5862.1768140116765,-0.05877798846322113,0.3335077918349891,-0.0147141048355953,-0.32483243304392084,0.0,0.0,0.0,inf,0.0
128,TrialState.COMPLETE,0.6084986603558304,0.8048598754755683,0.06641736449222592,0.6084986603558304,103750.3693518508,3825.3693518507935,0.03838957019548883,0.06527086863978904,0.6097290183711135,-0.02793011904384446,21223.055018273924,13.0,216.22305501827393,2.088276989029362,0.2017970296850151,104405.33184806425,4555.331848064248,0.045749909919045706,0.3617198435571055,0.30497452733409314,-0.3569731755453921,0.0,0.0,0.0,inf,0.0,105943.2766816536,6018.276681653602,0.06039829839655875,0.07270640440745889,0.8428720514376009,-0.04776156032548107,0.0,0.0,0.0,2.4265196695910665,0.19226488300768185,94137.82318598832,-5862.1768140116765,-0.05877798846322113,0.3335077918349891,-0.0147141048355953,-0.32483243304392084,0.0,0.0,0.0,inf,0.0
129,TrialState.COMPLETE,0.40497361232330686,0.7987629117162596,0.06159309358154119,0.40497361232330686,102473.8592258929,2548.8592258928984,0.02557868790673079,0.06571287580602604,0.41717787090059166,-0.03155374381508269,36434.991125683606,23.0,381.4349911256836,2.1008298261861134,0.1967834532880562,104405.33184806425,4555.331848064248,0.045749909919045706,0.3617198435571055,0.30497452733409314,-0.3569731755453921,0.0,0.0,0.0,inf,0.0,105931.30935350913,6006.309353509132,0.0602781869951432,0.07316546163259781,0.8364938089495942,-0.04863573268003185,0.0,0.0,0.0,2.4450413138358633,0.1908327482946783,94137.82318598832,-5862.1768140116765,-0.05877798846322113,0.3335077918349891,-0.0147141048355953,-0.32483243304392084,0.0,0.0,0.0,inf,0.0
130,TrialState.COMPLETE,0.5218189251266862,0.8169375286844627,0.06616529990313004,0.5218189251266862,103168.77469119072,3243.774691190716,0.03255271113060343,0.0646056418486641,0.5280961991170486,-0.028633111910334685,28264.374796434062,17.0,283.2643747964341,2.053340986740281,0.20191014581376218,104405.33184806425,4555.331848064248,0.045749909919045706,0.3617198435571055,0.30497452733409314,-0.3569731755453921,0.0,0.0,0.0,inf,0.0,105966.98311076763,6041.983110767629,0.060636230682366676,0.07182780514949594,0.8554201542049273,-0.04602981431445663,0.0,0.0,0.0,2.390645857892055,0.1951009449682547,94137.82318598832,-5862.1768140116765,-0.05877798846322113,0.3335077918349891,-0.0147141048355953,-0.32483243304392084,0.0,0.0,0.0,inf,0.0
131,TrialState.COMPLETE,0.5769847283267733,0.8350280907659199,0.0725136557853825,0.5769847283267733,103460.24939247385,3535.249392473852,0.0354779274611845,0.06354736091838166,0.580334032127889,-0.022973759214445777,23999.572188447044,13.0,218.99957218844705,2.00521599850285,0.20886995713454756,104405.33184806425,4555.331848064248,0.045749909919045706,0.3617198435571055,0.30497452733409314,-0.3569731755453921,0.0,0.0,0.0,inf,0.0,106002.49188223186,6077.491882231858,0.060992618799909915,0.07059108339706915,0.8739161890992091,-0.04343573118276767,0.0,0.0,0.0,2.338853435834366,0.19934674672882122,94137.82318598832,-5862.1768140116765,-0.05877798846322113,0.3335077918349891,-0.0147141048355953,-0.32483243304392084,0.0,0.0,0.0,inf,0.0
132,TrialState.COMPLETE,0.6122655507373442,0.808261760985198,0.06730400179064505,0.6122655507373442,103757.88652663157,3832.8865266315697,0.03846501282862724,0.0649511845327933,0.6135269217348931,-0.027266676429115067,21322.603203005347,13.0,216.32260320300534,2.0778699906833213,0.20282249986214834,104405.33184806425,4555.331848064248,0.045749909919045706,0.3617198435571055,0.30497452733409314,-0.3569731755453921,0.0,0.0,0.0,inf,0.0,105949.95401840874,6024.954018408738,0.06046531623542717,0.07245475558083168,0.846419253548332,-0.047273793058323355,0.0,0.0,0.0,2.4163067132181806,0.19306383032039368,94137.82318598832,-5862.1768140116765,-0.05877798846322113,0.3335077918349891,-0.0147141048355953,-0.32483243304392084,0.0,0.0,0.0,inf,0.0
133,TrialState.COMPLETE,0.5185153530390019,0.7802546192000983,0.06712773910384409,0.5185153530390019,103241.54431167278,3316.544311672784,0.03328301898286301,0.06681673003091201,0.5233778405405296,-0.03216217823718659,25864.754984518157,15.0,250.86475498451816,2.141655340057679,0.19504587315764318,104405.33184806425,4555.331848064248,0.045749909919045706,0.3617198435571055,0.30497452733409314,-0.3569731755453921,0.0,0.0,0.0,inf,0.0,105894.98064651871,5969.980646518714,0.05991357017151566,0.07462045621702204,0.817017137044094,-0.051289269932799364,0.0,0.0,0.0,2.5030397399098616,0.18648340252479956,94137.82318598832,-5862.1768140116765,-0.05877798846322113,0.3335077918349891,-0.0147141048355953,-0.32483243304392084,0.0,0.0,0.0,inf,0.0
134,TrialState.COMPLETE,0.407170388563754,0.5152311253880275,0.0635468686270942,0.407170388563754,103460.35283429865,3535.3528342986538,0.03547896559892472,0.0956210848184331,0.41241837703174783,-0.08391212836050899,12322.301690034026,8.0,132.32230169003404,3.2151689525344,0.12902514858176067,104405.33184806425,4555.331848064248,0.045749909919045706,0.3617198435571055,0.30497452733409314,-0.3569731755453921,0.0,0.0,0.0,inf,0.0,105374.78350549069,5449.78350549069,0.054692595531933064,0.10290949887782581,0.5688741608698867,-0.09396997483604408,0.0,0.0,0.0,3.790548014030103,0.12387124911372574,94137.82318598832,-5862.1768140116765,-0.05877798846322113,0.3335077918349891,-0.0147141048355953,-0.32483243304392084,0.0,0.0,0.0,inf,0.0
135,TrialState.COMPLETE,0.4697628828332817,0.8055567221659017,0.05821519276083124,0.4697628828332817,102881.02550608787,2956.02550608787,0.029664906047158546,0.06537102134175131,0.4798373689413551,-0.03156112793469967,34222.979281163665,23.0,379.22297928116365,2.0738558672636005,0.19872955987714874,104405.33184806425,4555.331848064248,0.045749909919045706,0.3617198435571055,0.30497452733409314,-0.3569731755453921,0.0,0.0,0.0,inf,0.0,105944.6444760738,6019.644476073794,0.060412026417641096,0.07265459268285551,0.8435993946046428,-0.04766164606135248,0.0,0.0,0.0,2.4244206092092755,0.19242854811650448,94137.82318598832,-5862.1768140116765,-0.05877798846322113,0.3335077918349891,-0.0147141048355953,-0.32483243304392084,0.0,0.0,0.0,inf,0.0
136,TrialState.COMPLETE,0.6187115774642024,0.823810163140061,0.0689129130537737,0.6187115774642024,103749.49616634389,3824.496166343888,0.03838080687569634,0.06402224959298485,0.6202254543348632,-0.024654476433018435,21784.58800316378,13.0,216.78458800316378,2.0409156982409997,0.2064015892430931,104405.33184806425,4555.331848064248,0.045749909919045706,0.3617198435571055,0.30497452733409314,-0.3569731755453921,0.0,0.0,0.0,inf,0.0,105980.47295177657,6055.472951776566,0.06077162307903028,0.07134656387023826,0.8624954504714215,-0.04504434331502072,0.0,0.0,0.0,2.3707019001342906,0.19671424204107163,94137.82318598832,-5862.1768140116765,-0.05877798846322113,0.3335077918349891,-0.0147141048355953,-0.32483243304392084,0.0,0.0,0.0,inf,0.0
137,TrialState.COMPLETE,0.5451172960202323,0.7694364527944935,0.0687360478870038,0.5451172960202323,103455.47185532667,3530.471855326672,0.03542998030533018,0.06774955718282152,0.5477325811054635,-0.03397668482613614,22510.539244638247,13.0,217.51053924463824,2.177486704076325,0.19229639647034266,104405.33184806425,4555.331848064248,0.045749909919045706,0.3617198435571055,0.30497452733409314,-0.3569731755453921,0.0,0.0,0.0,inf,0.0,105873.74638100337,5948.746381003366,0.05970045042944827,0.07551214277379417,0.805594092596729,-0.05284016761968491,0.0,0.0,0.0,2.5382321204213936,0.18393987492475486,94137.82318598832,-5862.1768140116765,-0.05877798846322113,0.3335077918349891,-0.0147141048355953,-0.32483243304392084,0.0,0.0,0.0,inf,0.0
138,TrialState.COMPLETE,0.5685363154842267,0.8214669927951628,0.07321866962169803,0.5685363154842267,103442.41654504206,3517.416545042055,0.03529895780787151,0.06427057263377722,0.5718348504124064,-0.025248891305003296,23808.930898498096,13.0,218.8089308984981,2.0393717268186946,0.20529642506994655,104405.33184806425,4555.331848064248,0.045749909919045706,0.3617198435571055,0.30497452733409314,-0.3569731755453921,0.0,0.0,0.0,inf,0.0,105975.87369720926,6050.873697209259,0.060725462107223516,0.07150908916149865,0.8600892393151714,-0.04538033536226893,0.0,0.0,0.0,2.3774641418770623,0.1961642439908896,94137.82318598832,-5862.1768140116765,-0.05877798846322113,0.3335077918349891,-0.0147141048355953,-0.32483243304392084,0.0,0.0,0.0,inf,0.0
139,TrialState.COMPLETE,0.4492386017739855,0.8027109959559984,0.06075264475898627,0.4492386017739855,102756.70546619289,2831.705466192885,0.02841725674835538,0.06558277076633155,0.46001466934903584,-0.03209669660748282,35000.762000277755,23.0,380.00076200027775,2.098838807372917,0.1966374429402873,104405.33184806425,4555.331848064248,0.045749909919045706,0.3617198435571055,0.30497452733409314,-0.3569731755453921,0.0,0.0,0.0,inf,0.0,105939.05878773642,6014.058787736416,0.060355965037415915,0.07286702770434304,0.840626899334305,-0.04806966584014305,0.0,0.0,0.0,2.4330155298048752,0.1917601607750588,94137.82318598832,-5862.1768140116765,-0.05877798846322113,0.3335077918349891,-0.0147141048355953,-0.32483243304392084,0.0,0.0,0.0,inf,0.0
140,TrialState.COMPLETE,0.47006614439927735,0.7891023731056925,0.07557097181693916,0.47006614439927735,102922.10083073571,2997.1008307357115,0.030077130120112816,0.06706430037770576,0.47536894582507677,-0.03276830629318794,25233.700510633957,12.0,205.23370051063395,2.136703138300641,0.19510884484933066,104405.33184806425,4555.331848064248,0.045749909919045706,0.3617198435571055,0.30497452733409314,-0.3569731755453921,0.0,0.0,0.0,inf,0.0,105912.34731926158,5987.347319261578,0.060087872535123266,0.0739135621065937,0.826344249809665,-0.05002079408529814,0.0,0.0,0.0,2.474974585895075,0.18856292893695523,94137.82318598832,-5862.1768140116765,-0.05877798846322113,0.3335077918349891,-0.0147141048355953,-0.32483243304392084,0.0,0.0,0.0,inf,0.0
141,TrialState.COMPLETE,0.4881524580260285,0.8274992953920333,0.06519124293491821,0.4881524580260285,102946.0872928969,3021.087292896904,0.030317853858732313,0.0642969022254505,0.4966261892290091,-0.026806877446701183,31473.442450426523,19.0,316.47344245042655,2.0335840986628018,0.20316966761600092,104405.33184806425,4555.331848064248,0.045749909919045706,0.3617198435571055,0.30497452733409314,-0.3569731755453921,0.0,0.0,0.0,inf,0.0,105987.7141062219,6062.714106221902,0.060844299807966795,0.07109396459769302,0.8662701052216338,-0.044515343650464057,0.0,0.0,0.0,2.360132908851399,0.1975800799598481,94137.82318598832,-5862.1768140116765,-0.05877798846322113,0.3335077918349891,-0.0147141048355953,-0.32483243304392084,0.0,0.0,0.0,inf,0.0
142,TrialState.COMPLETE,0.5200946245230162,0.8113896869715745,0.0702767914187529,0.5200946245230162,103160.14722789475,3235.1472278947476,0.03246612695823292,0.06475271311654184,0.5257482118929023,-0.02693945892677474,27036.165887114563,15.0,252.03616588711455,2.056569060688758,0.20300922936957425,104405.33184806425,4555.331848064248,0.045749909919045706,0.3617198435571055,0.30497452733409314,-0.3569731755453921,0.0,0.0,0.0,inf,0.0,105956.09361808003,6031.0936180800345,0.06052693702601286,0.07222624612294262,0.8496724010751655,-0.046825299756499295,0.0,0.0,0.0,2.406991795022041,0.1937983538389206,94137.82318598832,-5862.1768140116765,-0.05877798846322113,0.3335077918349891,-0.0147141048355953,-0.32483243304392084,0.0,0.0,0.0,inf,0.0
143,TrialState.COMPLETE,0.5269512024548461,0.8356356558765671,0.06718962684249072,0.5269512024548461,103157.85803372576,3232.858033725759,0.03244315288730282,0.06362477015269674,0.53357996047423,-0.025546112989111802,28911.269942534036,17.0,283.91126994253403,2.007742042125977,0.20648468493556513,104405.33184806425,4555.331848064248,0.045749909919045706,0.3617198435571055,0.30497452733409314,-0.3569731755453921,0.0,0.0,0.0,inf,0.0,106003.68443172598,6078.684431725982,0.061004587974114566,0.07055124864822446,0.874529602498454,-0.043348606067373896,0.0,0.0,0.0,2.337152927082092,0.19948929494447493,94137.82318598832,-5862.1768140116765,-0.05877798846322113,0.3335077918349891,-0.0147141048355953,-0.32483243304392084,0.0,0.0,0.0,inf,0.0
144,TrialState.COMPLETE,0.4399255236192493,0.7917444725991715,0.07821921169903834,0.4399255236192493,102699.39360995495,2774.3936099549464,0.027842088627981765,0.06652868198446467,0.4460123037120124,-0.03233263179617829,25683.238023470163,12.0,205.68323802347015,2.121036703142406,0.1969920554958293,104405.33184806425,4555.331848064248,0.045749909919045706,0.3617198435571055,0.30497452733409314,-0.3569731755453921,0.0,0.0,0.0,inf,0.0,105917.53332214404,5992.533322144038,0.06013992239164301,0.07370646998756315,0.8291244426144758,-0.049641994205681717,0.0,0.0,0.0,2.466715445066091,0.1891837874029077,94137.82318598832,-5862.1768140116765,-0.05877798846322113,0.3335077918349891,-0.0147141048355953,-0.32483243304392084,0.0,0.0,0.0,inf,0.0
145,TrialState.COMPLETE,0.3976347106924971,0.8141172760251659,0.06348660991359485,0.3976347106924971,102394.96268236212,2469.962682362122,0.02478690723923882,0.06474964933293588,0.41048540358888413,-0.029017486327807207,37330.17905428495,23.0,382.33017905428494,2.0538713592876032,0.20110216891811153,104405.33184806425,4555.331848064248,0.045749909919045706,0.3617198435571055,0.30497452733409314,-0.3569731755453921,0.0,0.0,0.0,inf,0.0,105961.44742278288,6036.447422782876,0.060580671104006445,0.07202925124260337,0.8525020113946855,-0.04643420293056599,0.0,0.0,0.0,2.3989274968361083,0.1944388022481392,94137.82318598832,-5862.1768140116765,-0.05877798846322113,0.3335077918349891,-0.0147141048355953,-0.32483243304392084,0.0,0.0,0.0,inf,0.0
146,TrialState.COMPLETE,0.4645884311131963,0.7773235925840278,0.05615964181600432,0.4645884311131963,102920.89063966031,2995.8906396603124,0.030064984868337197,0.06726653602022618,0.4739619750571957,-0.036195192084309324,33023.53325565602,23.0,378.023533255656,2.1491802778349327,0.19178952718107548,104405.33184806425,4555.331848064248,0.045749909919045706,0.3617198435571055,0.30497452733409314,-0.3569731755453921,0.0,0.0,0.0,inf,0.0,105889.22752763823,5964.227527638228,0.05985582843059034,0.07485911010545286,0.813923335288705,-0.0517094709936321,0.0,0.0,0.0,2.5124778634516547,0.18579436691822618,94137.82318598832,-5862.1768140116765,-0.05877798846322113,0.3335077918349891,-0.0147141048355953,-0.32483243304392084,0.0,0.0,0.0,inf,0.0
147,TrialState.COMPLETE,0.5315315467877066,0.8360151216337284,0.07156640357139651,0.5315315467877066,103177.44594856998,3252.445948569977,0.032639734835110845,0.06350261174556832,0.537480909566138,-0.02280816046395684,27713.166641136115,15.0,252.71316664113613,1.9988112996676985,0.20884325840989998,104405.33184806425,4555.331848064248,0.045749909919045706,0.3617198435571055,0.30497452733409314,-0.3569731755453921,0.0,0.0,0.0,inf,0.0,106004.42926004002,6079.429260040022,0.061012063538114836,0.070526426198933,0.8749124321851638,-0.043294190380078534,0.0,0.0,0.0,2.336092097580176,0.1995783245122165,94137.82318598832,-5862.1768140116765,-0.05877798846322113,0.3335077918349891,-0.0147141048355953,-0.32483243304392084,0.0,0.0,0.0,inf,0.0
148,TrialState.COMPLETE,0.524711916003869,0.8250114652980317,0.06592228827922883,0.524711916003869,103168.1924669159,3243.1924669159052,0.032546867997965245,0.06417327627451241,0.5311315062818969,-0.027300164325635756,28545.523508022055,17.0,283.54552350802203,2.0337415632801883,0.2038548867280604,104405.33184806425,4555.331848064248,0.045749909919045706,0.3617198435571055,0.30497452733409314,-0.3569731755453921,0.0,0.0,0.0,inf,0.0,105982.83090857156,6057.830908571559,0.06079528899822617,0.07126386679483362,0.8637264924838998,-0.04487208470449422,0.0,0.0,0.0,2.3672499125822055,0.19699619920874364,94137.82318598832,-5862.1768140116765,-0.05877798846322113,0.3335077918349891,-0.0147141048355953,-0.32483243304392084,0.0,0.0,0.0,inf,0.0
149,TrialState.COMPLETE,0.5257113582685173,0.8085547303450193,0.06152875261495646,0.5257113582685173,103218.54315277818,3293.5431527781766,0.03305218174656832,0.06503781102565687,0.5324539058320901,-0.02894041993830987,29382.421158113568,19.0,314.3824211581136,2.0778608222890163,0.20019282375529684,104405.33184806425,4555.331848064248,0.045749909919045706,0.3617198435571055,0.30497452733409314,-0.3569731755453921,0.0,0.0,0.0,inf,0.0,105950.52906864753,6025.529068647535,0.06047108779215438,0.07243323552319711,0.8467243053271768,-0.04723178632995628,0.0,0.0,0.0,2.4154311956999024,0.19313263100889366,94137.82318598832,-5862.1768140116765,-0.05877798846322113,0.3335077918349891,-0.0147141048355953,-0.32483243304392084,0.0,0.0,0.0,inf,0.0
150,TrialState.COMPLETE,0.5228499657962979,0.7956076660259072,0.06838046959154472,0.5228499657962979,103223.89552575402,3298.895525754022,0.033105897591968025,0.06577469099258478,0.52801171259102,-0.02958689113398727,26373.69499543726,15.0,251.37369499543726,2.100327263262127,0.19884697294802237,104405.33184806425,4555.331848064248,0.045749909919045706,0.3617198435571055,0.30497452733409314,-0.3569731755453921,0.0,0.0,0.0,inf,0.0,105925.11612979218,6000.116129792179,0.060216028040715575,0.07340703145195115,0.833183956490392,-0.04908811682828962,0.0,0.0,0.0,2.4547379349189016,0.19009148310359802,94137.82318598832,-5862.1768140116765,-0.05877798846322113,0.3335077918349891,-0.0147141048355953,-0.32483243304392084,0.0,0.0,0.0,inf,0.0
151,TrialState.COMPLETE,0.5331411396219814,0.8449146390452897,0.06425779760372691,0.5331411396219814,103179.8730770503,3254.8730770503025,0.03266409321056285,0.06313146361619644,0.5406426798670203,-0.022889000035458018,30703.719656047073,19.0,315.70371965604704,1.988442523328466,0.20912704443536875,104405.33184806425,4555.331848064248,0.045749909919045706,0.3617198435571055,0.30497452733409314,-0.3569731755453921,0.0,0.0,0.0,inf,0.0,106021.89753595539,6096.897535955388,0.06118738614996788,0.06995696706264705,0.8838233643969662,-0.04201796531444513,0.0,0.0,0.0,2.311485952371333,0.20166598472695357,94137.82318598832,-5862.1768140116765,-0.05877798846322113,0.3335077918349891,-0.0147141048355953,-0.32483243304392084,0.0,0.0,0.0,inf,0.0
152,TrialState.COMPLETE,0.6244597089498556,0.8487405773381733,0.07021036231226847,0.6244597089498556,103727.57462232985,3802.5746223298484,0.038160801572075576,0.06295163304155602,0.6263269532661491,-0.020562624394037998,22380.129160304263,13.0,217.38012916030425,1.9803110658617404,0.2126785677346339,104405.33184806425,4555.331848064248,0.045749909919045706,0.3617198435571055,0.30497452733409314,-0.3569731755453921,0.0,0.0,0.0,inf,0.0,106029.40721795804,6104.40721795804,0.061262758069633216,0.0697197288029667,0.887611404473234,-0.04146929494281382,0.0,0.0,0.0,2.301066275434977,0.2025632852877013,94137.82318598832,-5862.1768140116765,-0.05877798846322113,0.3335077918349891,-0.0147141048355953,-0.32483243304392084,0.0,0.0,0.0,inf,0.0
153,TrialState.COMPLETE,0.617483378818765,0.8260502325078111,0.07046567540059868,0.617483378818765,103739.36471853142,3814.3647185314185,0.03827912733165295,0.06397342563921224,0.6191192410502896,-0.024269287579180898,21977.333461951777,13.0,216.9773334619518,2.0351838308312935,0.2069735855220747,104405.33184806425,4555.331848064248,0.045749909919045706,0.3617198435571055,0.30497452733409314,-0.3569731755453921,0.0,0.0,0.0,inf,0.0,105984.86983623396,6059.869836233964,0.06081575294402741,0.07119270258558054,0.8647895185633159,-0.044723131738244604,0.0,0.0,0.0,2.3642730699039114,0.19723999850380874,94137.82318598832,-5862.1768140116765,-0.05877798846322113,0.3335077918349891,-0.0147141048355953,-0.32483243304392084,0.0,0.0,0.0,inf,0.0
154,TrialState.COMPLETE,0.5688353493817689,0.8225216661102418,0.07329088949881354,0.5688353493817689,103441.48437183241,3516.484371832412,0.035289602561872524,0.06421269889716134,0.57215153771448,-0.025071954897368798,23839.498948461693,13.0,218.83949894846168,2.036756755045399,0.20555720136527075,104405.33184806425,4555.331848064248,0.045749909919045706,0.3617198435571055,0.30497452733409314,-0.3569731755453921,0.0,0.0,0.0,inf,0.0,105977.9438459168,6052.943845916801,0.06074623940310775,0.07143573611464875,0.8611730961282775,-0.04522910402092439,0.0,0.0,0.0,2.3744156531973015,0.19641180648550177,94137.82318598832,-5862.1768140116765,-0.05877798846322113,0.3335077918349891,-0.0147141048355953,-0.32483243304392084,0.0,0.0,0.0,inf,0.0
155,TrialState.COMPLETE,0.5628176832569324,0.7993512733766633,0.07031495311767162,0.5628176832569324,103470.16848819729,3545.1684881972906,0.03557747509561038,0.06559764747532484,0.5656819355660186,-0.02895891884769497,23081.0800059658,13.0,218.08108000596582,2.0940307010770987,0.2000622023622621,104405.33184806425,4555.331848064248,0.045749909919045706,0.3617198435571055,0.30497452733409314,-0.3569731755453921,0.0,0.0,0.0,inf,0.0,105932.46420981696,6007.464209816957,0.06028977783550826,0.07312071616074174,0.837110365470821,-0.048551375450679,0.0,0.0,0.0,2.443241643759543,0.19097096367062114,94137.82318598832,-5862.1768140116765,-0.05877798846322113,0.3335077918349891,-0.0147141048355953,-0.32483243304392084,0.0,0.0,0.0,inf,0.0
156,TrialState.COMPLETE,0.22071259576316574,0.21824263993536025,0.0685124122226864,0.22071259576316574,103669.9530159705,3744.9530159705027,0.037582509931713304,0.13976409302272016,0.3338920685787862,-0.14050689281932882,3056.51628720796,2.0,33.05651628720796,7.649582875882007,0.05416734179397011,104405.33184806425,4555.331848064248,0.045749909919045706,0.3617198435571055,0.30497452733409314,-0.3569731755453921,0.0,0.0,0.0,inf,0.0,104791.84439006136,4866.844390061364,0.04884199328218708,0.1434286285697745,0.4042219166630822,-0.14229730373956162,0.0,0.0,0.0,8.94879350655092,0.05285873320104348,94137.82318598832,-5862.1768140116765,-0.05877798846322113,0.3335077918349891,-0.0147141048355953,-0.32483243304392084,0.0,0.0,0.0,inf,0.0
157,TrialState.COMPLETE,0.43765597670352957,0.768475549411,0.07628759073918144,0.43765597670352957,102743.00978633398,2818.009786333976,0.0282798100915429,0.06814959473595117,0.4432551636796026,-0.03616942699580672,24928.422153610336,12.0,204.92842215361034,2.185260269087401,0.19125501310184856,104405.33184806425,4555.331848064248,0.045749909919045706,0.3617198435571055,0.30497452733409314,-0.3569731755453921,0.0,0.0,0.0,inf,0.0,105871.86028711144,5946.860287111442,0.059681520472916416,0.07559276873215502,0.8045792496650759,-0.05297791946573982,0.0,0.0,0.0,2.5414059310058343,0.18371390343267502,94137.82318598832,-5862.1768140116765,-0.05877798846322113,0.3335077918349891,-0.0147141048355953,-0.32483243304392084,0.0,0.0,0.0,inf,0.0
158,TrialState.COMPLETE,0.4034775054482269,0.8490746694279984,0.06583079214133127,0.4034775054482269,102376.56865680759,2451.5686568075907,0.024602310878293787,0.063030909456872,0.41707562039331386,-0.023242500948435718,38729.92547836411,23.0,383.7299254783641,1.9763455552328,0.20912366772835628,104405.33184806425,4555.331848064248,0.045749909919045706,0.3617198435571055,0.30497452733409314,-0.3569731755453921,0.0,0.0,0.0,inf,0.0,106030.0629852919,6105.062985291894,0.06126933976617077,0.0696992312226058,0.8879408783657702,-0.04142138298653153,0.0,0.0,0.0,2.3001608567851615,0.20264163470069707,94137.82318598832,-5862.1768140116765,-0.05877798846322113,0.3335077918349891,-0.0147141048355953,-0.32483243304392084,0.0,0.0,0.0,inf,0.0
159,TrialState.COMPLETE,0.3404711909849417,0.4829447626049458,0.14173894411288038,0.3404711909849417,103107.83764361744,3182.837643617444,0.03194115475831727,0.10025442458083386,0.3637546006050854,-0.09398962145840761,6505.898987839928,2.0,36.50589898783993,3.4753869797559998,0.12014832027168068,104405.33184806425,4555.331848064248,0.045749909919045706,0.3617198435571055,0.30497452733409314,-0.3569731755453921,0.0,0.0,0.0,inf,0.0,105311.41073286431,5386.410732864315,0.054056557577692343,0.10701087975118152,0.5454617058143608,-0.09923296923253322,0.0,0.0,0.0,4.04395796440941,0.11619765212647651,94137.82318598832,-5862.1768140116765,-0.05877798846322113,0.3335077918349891,-0.0147141048355953,-0.32483243304392084,0.0,0.0,0.0,inf,0.0
160,TrialState.COMPLETE,0.5674768684920184,0.8136313781033443,0.07103582744733795,0.5674768684920184,103457.69359340302,3532.693593403019,0.03545227757166591,0.0647227157301744,0.5705789998493592,-0.02656339987961831,23493.41467117222,13.0,218.49341467117222,2.057278212767254,0.20359893078130575,104405.33184806425,4555.331848064248,0.045749909919045706,0.3617198435571055,0.30497452733409314,-0.3569731755453921,0.0,0.0,0.0,inf,0.0,105960.49368579134,6035.493685791342,0.060571098812214785,0.07206418877275668,0.8519984528698945,-0.046503874025714986,0.0,0.0,0.0,2.4003601282668563,0.19432471596740516,94137.82318598832,-5862.1768140116765,-0.05877798846322113,0.3335077918349891,-0.0147141048355953,-0.32483243304392084,0.0,0.0,0.0,inf,0.0
161,TrialState.COMPLETE,0.45448985671729086,0.8335519016978621,0.06242078564752996,0.45448985671729086,102722.83143798664,2797.831437986635,0.028077304973662898,0.06379890027463583,0.46588416577868136,-0.02711113477203786,36065.140328954614,23.0,381.0651403289546,2.0055775935591047,0.20525645644533977,104405.33184806425,4555.331848064248,0.045749909919045706,0.3617198435571055,0.30497452733409314,-0.3569731755453921,0.0,0.0,0.0,inf,0.0,105999.59436804628,6074.594368046281,0.060963537532944034,0.070688336672736,0.8724234544610548,-0.04364741635547842,0.0,0.0,0.0,2.3429954573050575,0.1990003878430002,94137.82318598832,-5862.1768140116765,-0.05877798846322113,0.3335077918349891,-0.0147141048355953,-0.32483243304392084,0.0,0.0,0.0,inf,0.0
162,TrialState.COMPLETE,0.6221783866950846,0.8260530530442549,0.06784092871451483,0.6221783866950846,103765.53151651198,3840.5315165119828,0.038541738234047385,0.06392057314268491,0.6235350492268025,-0.024532622432548057,21551.09199646634,13.0,216.55109199646634,2.0274888828757023,0.20757594521816336,104405.33184806425,4555.331848064248,0.045749909919045706,0.3617198435571055,0.30497452733409314,-0.3569731755453921,0.0,0.0,0.0,inf,0.0,105984.875372479,6059.875372479,0.0608158085092263,0.07119250979063006,0.864792403100193,-0.04472272728932303,0.0,0.0,0.0,2.3642649971556393,0.1972406604736184,94137.82318598832,-5862.1768140116765,-0.05877798846322113,0.3335077918349891,-0.0147141048355953,-0.32483243304392084,0.0,0.0,0.0,inf,0.0
163,TrialState.COMPLETE,0.6197827129198253,0.8198008024617998,0.06752189229092595,0.6197827129198253,103768.58128946568,3843.5812894656847,0.03857234587422731,0.06425874453306603,0.6210500022085614,-0.025582256899135403,21387.97556345894,13.0,216.38797556345895,2.04295162517946,0.20602209396465637,104405.33184806425,4555.331848064248,0.045749909919045706,0.3617198435571055,0.30497452733409314,-0.3569731755453921,0.0,0.0,0.0,inf,0.0,105972.60324206833,6047.603242068333,0.060692637794077076,0.07162563666415295,0.8583743269972656,-0.0456192516368511,0.0,0.0,0.0,2.3822961788294745,0.19577312238618141,94137.82318598832,-5862.1768140116765,-0.05877798846322113,0.3335077918349891,-0.0147141048355953,-0.32483243304392084,0.0,0.0,0.0,inf,0.0
164,TrialState.COMPLETE,0.579754209531899,0.8242169361639333,0.06707052284474743,0.579754209531899,103508.16855171416,3583.1685517141595,0.03595884240396674,0.06408864629638779,0.5832176726365442,-0.027431337445321002,24407.532346580476,15.0,249.40753234658047,2.031079190036587,0.2053456468495217,104405.33184806425,4555.331848064248,0.045749909919045706,0.3617198435571055,0.30497452733409314,-0.3569731755453921,0.0,0.0,0.0,inf,0.0,105981.27137972368,6056.271379723679,0.06077963659774199,0.07131851410620627,0.8629124934740635,-0.04498601491932941,0.0,0.0,0.0,2.3695318955659475,0.19680971688144056,94137.82318598832,-5862.1768140116765,-0.05877798846322113,0.3335077918349891,-0.0147141048355953,-0.32483243304392084,0.0,0.0,0.0,inf,0.0
165,TrialState.COMPLETE,0.6028482200706613,0.8063687120135813,0.07401576861268205,0.6028482200706613,103694.09149418586,3769.0914941858646,0.03782476409388691,0.06498334221639279,0.6037661387433307,-0.02795945776476949,20377.464463355736,11.0,185.37746446335575,2.0704095990679363,0.20302466219594056,104405.33184806425,4555.331848064248,0.045749909919045706,0.3617198435571055,0.30497452733409314,-0.3569731755453921,0.0,0.0,0.0,inf,0.0,105946.23827740527,6021.238277405268,0.06042802278288151,0.07259439090082163,0.844446455181398,-0.04754522210285961,0.0,0.0,0.0,2.4219792881462756,0.1926192513551016,94137.82318598832,-5862.1768140116765,-0.05877798846322113,0.3335077918349891,-0.0147141048355953,-0.32483243304392084,0.0,0.0,0.0,inf,0.0
166,TrialState.COMPLETE,0.6211564915365797,0.8381047961894398,0.06919590836962555,0.6211564915365797,103733.09959673187,3808.099596731874,0.038216250376508665,0.063436053657592,0.6228693676935787,-0.02234849061665234,22099.678145960286,13.0,217.0996781459603,2.005441759778161,0.21004234753973094,104405.33184806425,4555.331848064248,0.045749909919045706,0.3617198435571055,0.30497452733409314,-0.3569731755453921,0.0,0.0,0.0,inf,0.0,106008.5309444376,6083.5309444376035,0.061053230617253984,0.0703905201280965,0.8770165802027035,-0.04299452770439105,0.0,0.0,0.0,2.3302674414771363,0.200068579608842,94137.82318598832,-5862.1768140116765,-0.05877798846322113,0.3335077918349891,-0.0147141048355953,-0.32483243304392084,0.0,0.0,0.0,inf,0.0
167,TrialState.COMPLETE,0.6233371824493115,0.8374059524965927,0.06980328656814325,0.6233371824493115,103743.0817532612,3818.081753261198,0.03831643161149678,0.0633647450129206,0.6250208913467776,-0.022370170590428895,22091.450699282293,13.0,217.0914506992823,2.0055540001369065,0.21005634304571372,104405.33184806425,4555.331848064248,0.045749909919045706,0.3617198435571055,0.30497452733409314,-0.3569731755453921,0.0,0.0,0.0,inf,0.0,106007.15923023282,6082.159230232821,0.06103946323201703,0.07043582204981753,0.876313667393637,-0.04309474332956931,0.0,0.0,0.0,2.3322121287572637,0.19990462891493607,94137.82318598832,-5862.1768140116765,-0.05877798846322113,0.3335077918349891,-0.0147141048355953,-0.32483243304392084,0.0,0.0,0.0,inf,0.0
168,TrialState.COMPLETE,0.6206298993316878,0.8365175317726953,0.06932331929528669,0.6206298993316878,103733.92413374964,3808.924133749635,0.038224525454791936,0.06351271924789688,0.622319737868342,-0.02261500250069448,22057.824152399968,13.0,217.05782415239997,2.0092470193504304,0.20964885573018568,104405.33184806425,4555.331848064248,0.045749909919045706,0.3617198435571055,0.30497452733409314,-0.3569731755453921,0.0,0.0,0.0,inf,0.0,106005.41540777388,6080.4154077738785,0.061021961135352853,0.07049362903521153,0.8754189515344881,-0.04322214422557513,0.0,0.0,0.0,2.334689047063234,0.19969619730179863,94137.82318598832,-5862.1768140116765,-0.05877798846322113,0.3335077918349891,-0.0147141048355953,-0.32483243304392084,0.0,0.0,0.0,inf,0.0
169,TrialState.COMPLETE,0.6301125270544725,0.8498391046340116,0.06987139165235733,0.6301125270544725,103753.92896542198,3828.9289654219756,0.03842529460186861,0.06279272390869806,0.6318092009956755,-0.02053911843757672,22171.65187958086,13.0,217.17165187958085,1.9707417234395537,0.21348482679419117,104405.33184806425,4555.331848064248,0.045749909919045706,0.3617198435571055,0.30497452733409314,-0.3569731755453921,0.0,0.0,0.0,inf,0.0,106031.56344475289,6106.563444752886,0.06128439932861807,0.06965246351347072,0.8886939358894579,-0.04131175549160515,0.0,0.0,0.0,2.298091848747249,0.20282090246834023,94137.82318598832,-5862.1768140116765,-0.05877798846322113,0.3335077918349891,-0.0147141048355953,-0.32483243304392084,0.0,0.0,0.0,inf,0.0
170,TrialState.COMPLETE,0.5323036669655395,0.8411624619872499,0.07187991664152008,0.5323036669655395,103171.52892708352,3246.52892708352,0.032580352311243566,0.06326484865213404,0.5383533609095168,-0.02194455507200077,27883.796450674756,15.0,252.88379645067477,1.986579938275813,0.21011585822228054,104405.33184806425,4555.331848064248,0.045749909919045706,0.3617198435571055,0.30497452733409314,-0.3569731755453921,0.0,0.0,0.0,inf,0.0,106014.53263501727,6089.532635017269,0.0611134673589091,0.07019407573303074,0.8800826591138916,-0.042556048334784435,0.0,0.0,0.0,2.3217968078272206,0.20078587091637554,94137.82318598832,-5862.1768140116765,-0.05877798846322113,0.3335077918349891,-0.0147141048355953,-0.32483243304392084,0.0,0.0,0.0,inf,0.0
171,TrialState.COMPLETE,0.6206713932685517,0.8366416819217295,0.0695422430034383,0.6206713932685517,103733.85964141153,3808.859641411531,0.038223878207742645,0.06350668217761896,0.6223630337255233,-0.022594156964042544,22061.097822170028,13.0,217.06109782217004,2.00894886504819,0.20967963388514774,104405.33184806425,4555.331848064248,0.045749909919045706,0.3617198435571055,0.30497452733409314,-0.3569731755453921,0.0,0.0,0.0,inf,0.0,106005.65909391537,6080.659093915368,0.06102440692236466,0.07048553643387356,0.8755440562406428,-0.04320434093491943,0.0,0.0,0.0,2.3343426000723606,0.19972532443822297,94137.82318598832,-5862.1768140116765,-0.05877798846322113,0.3335077918349891,-0.0147141048355953,-0.32483243304392084,0.0,0.0,0.0,inf,0.0
172,TrialState.COMPLETE,0.6229436074880197,0.8362338850051445,0.06962344697089981,0.6229436074880197,103743.67714440715,3818.677144407149,0.038322406976487144,0.06342136334708852,0.6246103315768834,-0.022567101948561263,22060.530604761403,13.0,217.0605306047614,2.008364989607741,0.20976554210615245,104405.33184806425,4555.331848064248,0.045749909919045706,0.3617198435571055,0.30497452733409314,-0.3569731755453921,0.0,0.0,0.0,inf,0.0,106004.85865623692,6079.858656236916,0.06101637322766318,0.07051213592828219,0.8751330332568606,-0.043262819497738914,0.0,0.0,0.0,2.33548096307299,0.1996296498559777,94137.82318598832,-5862.1768140116765,-0.05877798846322113,0.3335077918349891,-0.0147141048355953,-0.32483243304392084,0.0,0.0,0.0,inf,0.0
173,TrialState.COMPLETE,0.5723979763941814,0.8361301822988032,0.07450511958100571,0.5723979763941814,103429.45648221676,3504.4564822167595,0.035168891254495405,0.06350957920105614,0.5759419477118596,-0.0227888561530446,24233.92042176042,13.0,219.23392042176042,2.003607327049638,0.208921336571582,104405.33184806425,4555.331848064248,0.045749909919045706,0.3617198435571055,0.30497452733409314,-0.3569731755453921,0.0,0.0,0.0,inf,0.0,106004.65510503271,6079.655105032711,0.06101433026010494,0.07051890827514905,0.8750284686983547,-0.04327769057163211,0.0,0.0,0.0,2.3357706257374966,0.19960531960995262,94137.82318598832,-5862.1768140116765,-0.05877798846322113,0.3335077918349891,-0.0147141048355953,-0.32483243304392084,0.0,0.0,0.0,inf,0.0
174,TrialState.COMPLETE,0.6301208280436481,0.8498676097783295,0.0697351784572758,0.6301208280436481,103753.91506095389,3828.915060953892,0.038425155056133864,0.06279152653305661,0.6318179094536626,-0.020534332369824826,22172.395556981854,13.0,217.17239555698185,1.9706756234063323,0.21349190555631112,104405.33184806425,4555.331848064248,0.045749909919045706,0.3617198435571055,0.30497452733409314,-0.3569731755453921,0.0,0.0,0.0,inf,0.0,106031.61939562098,6106.619395620975,0.06128496088701452,0.06965072316164228,0.888721994822512,-0.041307667567279105,0.0,0.0,0.0,2.298014769165617,0.20282758712312943,94137.82318598832,-5862.1768140116765,-0.05877798846322113,0.3335077918349891,-0.0147141048355953,-0.32483243304392084,0.0,0.0,0.0,inf,0.0
175,TrialState.COMPLETE,0.6257285604324506,0.8448593308170915,0.07034210565003225,0.6257285604324506,103739.29555878612,3814.2955587861215,0.03827843324226432,0.06301919589553667,0.6275202786420914,-0.021117825397929058,22288.07688664041,13.0,217.2880768866404,1.9878609331848578,0.21190537139168722,104405.33184806425,4555.331848064248,0.045749909919045706,0.3617198435571055,0.30497452733409314,-0.3569731755453921,0.0,0.0,0.0,inf,0.0,106021.78897508107,6096.788975081072,0.06118629656445873,0.06996043026962401,0.8837684062389529,-0.04202589688897762,0.0,0.0,0.0,2.311637272464356,0.20165301239243136,94137.82318598832,-5862.1768140116765,-0.05877798846322113,0.3335077918349891,-0.0147141048355953,-0.32483243304392084,0.0,0.0,0.0,inf,0.0
176,TrialState.COMPLETE,0.48179015576387,0.8441408114303695,0.08010329888467241,0.48179015576387,102873.00034778606,2948.000347786059,0.029584367151821,0.06392825372758329,0.4879860525999216,-0.026161450325685065,26770.436375263263,12.0,206.77043637526327,2.001170480082399,0.2081962259579877,104405.33184806425,4555.331848064248,0.045749909919045706,0.3617198435571055,0.30497452733409314,-0.3569731755453921,0.0,0.0,0.0,inf,0.0,106020.37864075438,6095.378640754381,0.06117214155856732,0.07000550826229919,0.8830539346529129,-0.04212893725190858,0.0,0.0,0.0,2.3136049017660607,0.2014844842025983,94137.82318598832,-5862.1768140116765,-0.05877798846322113,0.3335077918349891,-0.0147141048355953,-0.32483243304392084,0.0,0.0,0.0,inf,0.0
177,TrialState.COMPLETE,0.5526981656265364,0.8497316126781287,0.07697160772862077,0.5526981656265364,103277.91445714519,3352.9144571451907,0.03364802626508867,0.06294720329343306,0.5571668319435003,-0.020694088259400334,25320.704357756542,13.0,220.32070435775654,1.9690051652261409,0.21176422572780754,104405.33184806425,4555.331848064248,0.045749909919045706,0.3617198435571055,0.30497452733409314,-0.3569731755453921,0.0,0.0,0.0,inf,0.0,106031.35245588046,6106.352455880464,0.061282281710491215,0.06965902863715497,0.8885881123405787,-0.041327170914120415,0.0,0.0,0.0,2.2983825598187626,0.2027956947987197,94137.82318598832,-5862.1768140116765,-0.05877798846322113,0.3335077918349891,-0.0147141048355953,-0.32483243304392084,0.0,0.0,0.0,inf,0.0
178,TrialState.COMPLETE,0.6169782791920159,0.828083980319715,0.0697987244209235,0.6169782791920159,103730.07788195265,3805.077881952646,0.03818592435774226,0.063866191076471,0.6186458489195398,-0.023927569840411445,21994.113407104705,13.0,216.9941134071047,2.0298860893072352,0.20747492422289532,104405.33184806425,4555.331848064248,0.045749909919045706,0.3617198435571055,0.30497452733409314,-0.3569731755453921,0.0,0.0,0.0,inf,0.0,105988.86174571379,6063.861745713788,0.06085581823282071,0.07105430158408882,0.8668667291266139,-0.04443150247716687,0.0,0.0,0.0,2.358466490744146,0.19771729525044324,94137.82318598832,-5862.1768140116765,-0.05877798846322113,0.3335077918349891,-0.0147141048355953,-0.32483243304392084,0.0,0.0,0.0,inf,0.0
179,TrialState.COMPLETE,0.6247444363146706,0.8497230134593143,0.07025506317168008,0.6247444363146706,103727.06427576047,3802.0642757604655,0.03815567971941203,0.06290948321623327,0.6266259397486009,-0.020397658000803398,22406.03465825022,13.0,217.4060346582502,1.9780214619656695,0.2129220383516535,104405.33184806425,4555.331848064248,0.045749909919045706,0.3617198435571055,0.30497452733409314,-0.3569731755453921,0.0,0.0,0.0,inf,0.0,106031.33557704077,6106.335577040765,0.06128211230375258,0.06965955399668017,0.8885796456203856,-0.04132840412785099,0.0,0.0,0.0,2.2984058195095534,0.20279367821349611,94137.82318598832,-5862.1768140116765,-0.05877798846322113,0.3335077918349891,-0.0147141048355953,-0.32483243304392084,0.0,0.0,0.0,inf,0.0
180,TrialState.COMPLETE,0.6252240875763436,0.8493054560036797,0.07221598310271755,0.6252240875763436,103727.28440444673,3802.2844044467347,0.03815788893715055,0.06284915935502614,0.6272002344884868,-0.020361668878155603,22596.04620046079,13.0,217.5960462004608,1.9794575258763485,0.21273564667182296,104405.33184806425,4555.331848064248,0.045749909919045706,0.3617198435571055,0.30497452733409314,-0.3569731755453921,0.0,0.0,0.0,inf,0.0,106030.5159810438,6105.515981043805,0.06127388631867614,0.06968509235304174,0.8881683492157041,-0.04138828597210209,0.0,0.0,0.0,2.2995358210646195,0.20269575696660955,94137.82318598832,-5862.1768140116765,-0.05877798846322113,0.3335077918349891,-0.0147141048355953,-0.32483243304392084,0.0,0.0,0.0,inf,0.0
181,TrialState.COMPLETE,0.5797434744830058,0.8493428110495163,0.07369411754129117,0.5797434744830058,103444.82228256356,3519.8222825635603,0.03532310167629382,0.0628925856072851,0.5833392542669341,-0.020572038387411173,24414.281842318695,13.0,219.4142818423187,1.9714410522336119,0.2123927868399384,104405.33184806425,4555.331848064248,0.045749909919045706,0.3617198435571055,0.30497452733409314,-0.3569731755453921,0.0,0.0,0.0,inf,0.0,106030.5893028002,6105.589302800203,0.06127462222230462,0.06968280542336447,0.888205157904606,-0.041382928895975946,0.0,0.0,0.0,2.29943468490984,0.20270451714081275,94137.82318598832,-5862.1768140116765,-0.05877798846322113,0.3335077918349891,-0.0147141048355953,-0.32483243304392084,0.0,0.0,0.0,inf,0.0
182,TrialState.COMPLETE,0.5314023598160503,0.8352040462066506,0.07170151955141135,0.5314023598160503,103178.37830399985,3253.3783039998525,0.03264909184416398,0.06354117554293214,0.5373359132369397,-0.022944238408541318,27686.280203453978,15.0,252.68628020345398,2.0007523663278626,0.20864271673486384,104405.33184806425,4555.331848064248,0.045749909919045706,0.3617198435571055,0.30497452733409314,-0.3569731755453921,0.0,0.0,0.0,inf,0.0,106002.83725356415,6077.837253564154,0.060996085163039115,0.07057953539174655,0.8740938965056503,-0.04341049911699757,0.0,0.0,0.0,2.338360701167938,0.19938803007063988,94137.82318598832,-5862.1768140116765,-0.05877798846322113,0.3335077918349891,-0.0147141048355953,-0.32483243304392084,0.0,0.0,0.0,inf,0.0
183,TrialState.COMPLETE,0.6307772851096559,0.8489603774940229,0.06955435151507738,0.6307772851096559,103761.50444528836,3836.5044452883594,0.038501322394141724,0.06285091695241887,0.6324471676540628,-0.020615581994975152,22156.114057769104,13.0,217.15611405776912,1.9720596847638117,0.21337261032370564,104405.33184806425,4555.331848064248,0.045749909919045706,0.3617198435571055,0.30497452733409314,-0.3569731755453921,0.0,0.0,0.0,inf,0.0,106029.8386491907,6104.8386491907,0.06126708818687976,0.069706239417183,0.8878281904519435,-0.04143777353597633,0.0,0.0,0.0,2.3004705176830615,0.20261483169308347,94137.82318598832,-5862.1768140116765,-0.05877798846322113,0.3335077918349891,-0.0147141048355953,-0.32483243304392084,0.0,0.0,0.0,inf,0.0
184,TrialState.COMPLETE,0.6209485166482756,0.8374748479849891,0.06954759921104636,0.6209485166482756,103733.42683623181,3808.4268362318107,0.03821953456194027,0.06346634569144018,0.622652249711402,-0.022454263197064228,22083.067272677752,13.0,217.08306727267774,2.0069502521689984,0.2098861819215195,104405.33184806425,4555.331848064248,0.045749909919045706,0.3617198435571055,0.30497452733409314,-0.3569731755453921,0.0,0.0,0.0,inf,0.0,106007.29446064396,6082.294460643956,0.06104082048933024,0.07043134931031948,0.8763829987674044,-0.04308486358894914,0.0,0.0,0.0,2.3320202675998316,0.19992079216286265,94137.82318598832,-5862.1768140116765,-0.05877798846322113,0.3335077918349891,-0.0147141048355953,-0.32483243304392084,0.0,0.0,0.0,inf,0.0
185,TrialState.COMPLETE,0.5517854817894999,0.8389700181883429,0.07542083701834898,0.5517854817894999,103294.74248072476,3369.742480724759,0.03381691081087568,0.06342399943873238,0.5560297290586398,-0.022497307893768803,24957.03587197354,13.0,219.95703587197355,1.9942132174706106,0.20913767613983117,104405.33184806425,4555.331848064248,0.045749909919045706,0.3617198435571055,0.30497452733409314,-0.3569731755453921,0.0,0.0,0.0,inf,0.0,106010.2292316485,6085.229231648496,0.06107027569495638,0.07033464053738214,0.8778857476469953,-0.04287045264022604,0.0,0.0,0.0,2.327864258276326,0.2002715577358122,94137.82318598832,-5862.1768140116765,-0.05877798846322113,0.3335077918349891,-0.0147141048355953,-0.32483243304392084,0.0,0.0,0.0,inf,0.0
186,TrialState.COMPLETE,0.5248294316038895,0.8389544571081556,0.07265793641642533,0.5248294316038895,103126.91134740037,3201.911347400368,0.03213257588966889,0.06332865500659544,0.5310265655286356,-0.022315010045424466,27954.646501323914,15.0,252.9546465013239,1.9889982254096965,0.20983620383348636,104405.33184806425,4555.331848064248,0.045749909919045706,0.3617198435571055,0.30497452733409314,-0.3569731755453921,0.0,0.0,0.0,inf,0.0,106010.19868783034,6085.198687830343,0.061069969137995894,0.07033564350413578,0.8778701263770416,-0.04287268414359102,0.0,0.0,0.0,2.32790743592689,0.20026790721211932,94137.82318598832,-5862.1768140116765,-0.05877798846322113,0.3335077918349891,-0.0147141048355953,-0.32483243304392084,0.0,0.0,0.0,inf,0.0
187,TrialState.COMPLETE,0.6242980646312128,0.8481881769865718,0.07032871323300269,0.6242980646312128,103727.86157800899,3802.8615780089895,0.03816368146745108,0.0629755271193411,0.6261572913864314,-0.02065538072635853,22365.56311792673,13.0,217.36556311792674,1.9816007850051376,0.21254166712106304,104405.33184806425,4555.331848064248,0.045749909919045706,0.3617198435571055,0.30497452733409314,-0.3569731755453921,0.0,0.0,0.0,inf,0.0,106028.32294773165,6103.322947731649,0.06125187564675927,0.06975369756865704,0.8870661711264853,-0.04154851420073391,0.0,0.0,0.0,2.302564893140454,0.20243373750682764,94137.82318598832,-5862.1768140116765,-0.05877798846322113,0.3335077918349891,-0.0147141048355953,-0.32483243304392084,0.0,0.0,0.0,inf,0.0
188,TrialState.COMPLETE,0.617319940474039,0.8495408111597751,0.07810334737446047,0.617319940474039,103667.08760428385,3742.08760428385,0.03755375262344862,0.06274598363715236,0.6188521965846638,-0.020726059862217205,21468.45162971447,11.0,186.46845162971448,1.9651951969932826,0.21375771328906074,104405.33184806425,4555.331848064248,0.045749909919045706,0.3617198435571055,0.30497452733409314,-0.3569731755453921,0.0,0.0,0.0,inf,0.0,106030.97794416093,6105.977944160928,0.06127852287339808,0.06967069094168225,0.8884002169409467,-0.041354533743052646,0.0,0.0,0.0,2.298898762073451,0.2027509501876614,94137.82318598832,-5862.1768140116765,-0.05877798846322113,0.3335077918349891,-0.0147141048355953,-0.32483243304392084,0.0,0.0,0.0,inf,0.0
189,TrialState.COMPLETE,0.6243563629590855,0.8483869670291643,0.070243822403422,0.6243563629590855,103727.75831244896,3802.758312448961,0.038162645091344594,0.0629669123664184,0.6262184749610336,-0.020622000913737892,22370.80493968923,13.0,217.37080493968924,1.981136465632302,0.21259093322275943,104405.33184806425,4555.331848064248,0.045749909919045706,0.3617198435571055,0.30497452733409314,-0.3569731755453921,0.0,0.0,0.0,inf,0.0,106028.71313959849,6103.713139598491,0.06125579185948493,0.06974146227926789,0.8872624490824732,-0.041520005915432145,0.0,0.0,0.0,2.302025366967885,0.20248035761134114,94137.82318598832,-5862.1768140116765,-0.05877798846322113,0.3335077918349891,-0.0147141048355953,-0.32483243304392084,0.0,0.0,0.0,inf,0.0
190,TrialState.COMPLETE,0.5329538573829254,0.8460108528350243,0.07244140865062232,0.5329538573829254,103165.95555698339,3240.95555698339,0.032524418640372144,0.06305200279955153,0.5390980554125777,-0.021131087799369674,28044.516346797158,15.0,253.04451634679717,1.9751950772437912,0.2113143888512818,104405.33184806425,4555.331848064248,0.045749909919045706,0.3617198435571055,0.30497452733409314,-0.3569731755453921,0.0,0.0,0.0,inf,0.0,106024.04922172175,6099.049221721754,0.061208981828108966,0.06988852347132629,0.8849114932425205,-0.04186076041510145,0.0,0.0,0.0,2.308490857488949,0.20192309250657794,94137.82318598832,-5862.1768140116765,-0.05877798846322113,0.3335077918349891,-0.0147141048355953,-0.32483243304392084,0.0,0.0,0.0,inf,0.0
191,TrialState.COMPLETE,0.6201344372080939,0.8350468296373991,0.06929536420590543,0.6201344372080939,103734.68812010267,3809.68812010267,0.038232192844946056,0.06358475787054096,0.6218029299140597,-0.02286194108950046,22019.043746910822,13.0,217.01904374691082,2.012785747690947,0.2092842447058821,104405.33184806425,4555.331848064248,0.045749909919045706,0.3617198435571055,0.30497452733409314,-0.3569731755453921,0.0,0.0,0.0,inf,0.0,106002.52866352702,6077.528663527017,0.060992987960036826,0.07058985311138222,0.8739351168031622,-0.04343304402365311,0.0,0.0,0.0,2.33880095078516,0.19935114332662549,94137.82318598832,-5862.1768140116765,-0.05877798846322113,0.3335077918349891,-0.0147141048355953,-0.32483243304392084,0.0,0.0,0.0,inf,0.0
192,TrialState.COMPLETE,0.6197353799272195,0.8359957308470028,0.07002891138808294,0.6197353799272195,103725.8893557321,3800.889355732099,0.03814388818890424,0.06346463795259316,0.6215187378512212,-0.02259817814266174,22204.25143957661,13.0,217.2042514395766,2.0106755219026153,0.2094356219779444,104405.33184806425,4555.331848064248,0.045749909919045706,0.3617198435571055,0.30497452733409314,-0.3569731755453921,0.0,0.0,0.0,inf,0.0,106004.39119914325,6079.391199143254,0.06101168153508563,0.07052769356706616,0.8748928749145461,-0.043296971036416054,0.0,0.0,0.0,2.336146282861229,0.1995737751088365,94137.82318598832,-5862.1768140116765,-0.05877798846322113,0.3335077918349891,-0.0147141048355953,-0.32483243304392084,0.0,0.0,0.0,inf,0.0
193,TrialState.COMPLETE,0.551174407729601,0.8358382424959281,0.07555994375935887,0.551174407729601,103298.00400318058,3373.004003180584,0.03384964316848604,0.06357426348536122,0.5553637979184463,-0.02302205342634356,24863.87421350648,13.0,219.86387421350648,2.001685271466749,0.2083650602205913,104405.33184806425,4555.331848064248,0.045749909919045706,0.3617198435571055,0.30497452733409314,-0.3569731755453921,0.0,0.0,0.0,inf,0.0,106004.08207564318,6079.0820756431785,0.06100857897779011,0.07053799114306432,0.8747340127873384,-0.043319554999054044,0.0,0.0,0.0,2.336586458731693,0.1995368255925523,94137.82318598832,-5862.1768140116765,-0.05877798846322113,0.3335077918349891,-0.0147141048355953,-0.32483243304392084,0.0,0.0,0.0,inf,0.0
194,TrialState.COMPLETE,0.5825333782146569,0.8485279045666869,0.06917884003702689,0.5825333782146569,103468.99715550253,3543.997155502526,0.035565719647767,0.06295627245148784,0.5865351023837164,-0.023622161519494478,25285.736688625497,15.0,250.2857366886255,1.973401833606465,0.2111689232588352,104405.33184806425,4555.331848064248,0.045749909919045706,0.3617198435571055,0.30497452733409314,-0.3569731755453921,0.0,0.0,0.0,inf,0.0,106028.98977659778,6103.98977659778,0.061258568363657506,0.06973279529442081,0.8874015599709649,-0.04149979418539662,0.0,0.0,0.0,2.3016430085506907,0.20251340999705045,94137.82318598832,-5862.1768140116765,-0.05877798846322113,0.3335077918349891,-0.0147141048355953,-0.32483243304392084,0.0,0.0,0.0,inf,0.0
195,TrialState.COMPLETE,0.5259717488299129,0.8488910886879256,0.07331335893117907,0.5259717488299129,103114.9303768329,3189.9303768328973,0.03201233646561663,0.06289969439405678,0.5323648220400705,-0.020647830693434566,28285.74316678993,15.0,253.28574316678993,1.9657161544325343,0.21229599312269593,104405.33184806425,4555.331848064248,0.045749909919045706,0.3617198435571055,0.30497452733409314,-0.3569731755453921,0.0,0.0,0.0,inf,0.0,106029.70264676212,6104.702646762118,0.06126572318031709,0.06971049010303884,0.8877598618368083,-0.04144771020501703,0.0,0.0,0.0,2.3006582883614874,0.20259858247874454,94137.82318598832,-5862.1768140116765,-0.05877798846322113,0.3335077918349891,-0.0147141048355953,-0.32483243304392084,0.0,0.0,0.0,inf,0.0
196,TrialState.COMPLETE,0.5221671023069295,0.8219615963718397,0.07127146980310671,0.5221671023069295,103147.40027895645,3222.4002789564547,0.032338200165375364,0.06416670815748741,0.5280291559598604,-0.02516591464685214,27388.430527494602,15.0,252.3884305274946,2.030117871386291,0.2056281726191655,104405.33184806425,4555.331848064248,0.045749909919045706,0.3617198435571055,0.30497452733409314,-0.3569731755453921,0.0,0.0,0.0,inf,0.0,105976.84452195714,6051.844521957144,0.06073520590614834,0.07147464863411143,0.8605976914499307,-0.045309413433422874,0.0,0.0,0.0,2.3760335370006493,0.19628034294891733,94137.82318598832,-5862.1768140116765,-0.05877798846322113,0.3335077918349891,-0.0147141048355953,-0.32483243304392084,0.0,0.0,0.0,inf,0.0
197,TrialState.COMPLETE,0.6180404415595661,0.8290490026345071,0.06889847150162513,0.6180404415595661,103737.80381421052,3812.8038142105215,0.03826346204688691,0.06388846680461632,0.6196218815597395,-0.023868990316320282,21860.8892452999,13.0,216.8608892452999,2.027347420969817,0.20779712903020006,104405.33184806425,4555.331848064248,0.045749909919045706,0.3617198435571055,0.30497452733409314,-0.3569731755453921,0.0,0.0,0.0,inf,0.0,105990.75592438431,6065.755924384313,0.06087482939067246,0.07098906097241942,0.867850454792183,-0.04429312214922487,0.0,0.0,0.0,2.3557212093614712,0.19794376305195252,94137.82318598832,-5862.1768140116765,-0.05877798846322113,0.3335077918349891,-0.0147141048355953,-0.32483243304392084,0.0,0.0,0.0,inf,0.0
198,TrialState.COMPLETE,0.39661096462718504,0.8342533271332558,0.0651243791916114,0.39661096462718504,102354.80749418936,2429.8074941893574,0.024383923160333998,0.06369825773923259,0.41002498171248736,-0.02569111047029282,38253.48877322524,23.0,383.25348877322523,2.0042978576724866,0.20605486120417568,104405.33184806425,4555.331848064248,0.045749909919045706,0.3617198435571055,0.30497452733409314,-0.3569731755453921,0.0,0.0,0.0,inf,0.0,106000.97114978325,6075.971149783247,0.06097735577640839,0.0706420433445785,0.8731331509264273,-0.04354683228899425,0.0,0.0,0.0,2.3410255081837117,0.19916496576849868,94137.82318598832,-5862.1768140116765,-0.05877798846322113,0.3335077918349891,-0.0147141048355953,-0.32483243304392084,0.0,0.0,0.0,inf,0.0
199,TrialState.COMPLETE,0.5462765002009929,0.8181368058360406,0.07443064253742576,0.5462765002009929,103311.02719473936,3386.027194739363,0.03398034282222606,0.06451098739781931,0.5501904074053399,-0.025987880114269668,24379.227365077,13.0,219.379227365077,2.0450442059130123,0.2039698664073604,104405.33184806425,4555.331848064248,0.045749909919045706,0.3617198435571055,0.30497452733409314,-0.3569731755453921,0.0,0.0,0.0,inf,0.0,105969.3370928113,6044.3370928113,0.06065985670022567,0.07174283785442769,0.8566585791122597,-0.04585785152324562,0.0,0.0,0.0,2.3871414965988906,0.1953824933570612,94137.82318598832,-5862.1768140116765,-0.05877798846322113,0.3335077918349891,-0.0147141048355953,-0.32483243304392084,0.0,0.0,0.0,inf,0.0
200,TrialState.COMPLETE,0.589548768882083,0.8485162136242942,0.06886959963443809,0.589548768882083,103510.9158526537,3585.9158526537067,0.03598641423501703,0.06291835855956851,0.5933053019352181,-0.023419420791741197,25006.26070237433,15.0,250.00626070237433,1.9721321187802558,0.21152668459237514,104405.33184806425,4555.331848064248,0.045749909919045706,0.3617198435571055,0.30497452733409314,-0.3569731755453921,0.0,0.0,0.0,inf,0.0,106028.96682921797,6103.96682921797,0.06125833804921599,0.0697335139930956,0.8873900219940284,-0.04150147077380606,0.0,0.0,0.0,2.301674720821346,0.2025106682668943,94137.82318598832,-5862.1768140116765,-0.05877798846322113,0.3335077918349891,-0.0147141048355953,-0.32483243304392084,0.0,0.0,0.0,inf,0.0
201,TrialState.COMPLETE,0.6200879922402981,0.8370522160965442,0.0708083704154189,0.6200879922402981,103725.33004636617,3800.3300463661726,0.0381382749444783,0.06341311753389509,0.6218868117894528,-0.022420655894220043,22232.311946655103,13.0,217.2323119466551,2.008137748285086,0.20969740783251808,104405.33184806425,4555.331848064248,0.045749909919045706,0.3617198435571055,0.30497452733409314,-0.3569731755453921,0.0,0.0,0.0,inf,0.0,106006.4649043777,6081.464904377703,0.0610324945418641,0.07045880973193028,0.8759575740850611,-0.04314546973500599,0.0,0.0,0.0,2.3331977164024686,0.19982163987919424,94137.82318598832,-5862.1768140116765,-0.05877798846322113,0.3335077918349891,-0.0147141048355953,-0.32483243304392084,0.0,0.0,0.0,inf,0.0
202,TrialState.COMPLETE,0.5311333916056165,0.8335544283828131,0.07156976370254332,0.5311333916056165,103180.2745889621,3255.2745889621,0.032668122736952965,0.06362052700038726,0.537034790929291,-0.02322100099135671,27631.59682218109,15.0,252.63159682218108,2.0047118879286088,0.20823482866504553,104405.33184806425,4555.331848064248,0.045749909919045706,0.3617198435571055,0.30497452733409314,-0.3569731755453921,0.0,0.0,0.0,inf,0.0,105999.59932750942,6074.599327509422,0.060963587309220024,0.0706881696465218,0.8724260122577702,-0.04364705403066771,0.0,0.0,0.0,2.3429883551757174,0.19900098069505892,94137.82318598832,-5862.1768140116765,-0.05877798846322113,0.3335077918349891,-0.0147141048355953,-0.32483243304392084,0.0,0.0,0.0,inf,0.0
203,TrialState.COMPLETE,0.616251723264331,0.8241668656094573,0.0679142361673576,0.616251723264331,103740.33994030353,3815.339940303529,0.03828891468830142,0.064147329353324,0.6177623037280872,-0.024688692028470793,21732.153963735313,13.0,216.7321539637353,2.039356867502512,0.20658645347455631,104405.33184806425,4555.331848064248,0.045749909919045706,0.3617198435571055,0.30497452733409314,-0.3569731755453921,0.0,0.0,0.0,inf,0.0,105981.17309953371,6056.173099533713,0.06077865019671336,0.07132196417728842,0.8628611697385352,-0.04499319469119922,0.0,0.0,0.0,2.3696758515787537,0.19679796475266376,94137.82318598832,-5862.1768140116765,-0.05877798846322113,0.3335077918349891,-0.0147141048355953,-0.32483243304392084,0.0,0.0,0.0,inf,0.0
204,TrialState.COMPLETE,0.4528109679945826,0.8499182186164282,0.06415510041868497,0.4528109679945826,102684.01726744656,2759.0172674465575,0.027687775471818776,0.0630499050442229,0.46465364980655804,-0.02440499626158643,36765.71992002014,23.0,381.76571992002016,1.967022195425853,0.20923723192742488,104405.33184806425,4555.331848064248,0.045749909919045706,0.3617198435571055,0.30497452733409314,-0.3569731755453921,0.0,0.0,0.0,inf,0.0,106031.71873237216,6106.718732372159,0.06128595789365132,0.06964763392589318,0.8887718075403785,-0.041300409749681966,0.0,0.0,0.0,2.297877932638462,0.20283945523220806,94137.82318598832,-5862.1768140116765,-0.05877798846322113,0.3335077918349891,-0.0147141048355953,-0.32483243304392084,0.0,0.0,0.0,inf,0.0
205,TrialState.COMPLETE,0.5315315612193158,0.8360152129552121,0.07139174736197797,0.5315315612193158,103177.44584359297,3252.44584359297,0.032639733781574254,0.0635026074203338,0.5374809257777721,-0.022808145142492298,27713.169668363054,15.0,252.71316966836307,1.998811081329072,0.20884328098926044,104405.33184806425,4555.331848064248,0.045749909919045706,0.3617198435571055,0.30497452733409314,-0.3569731755453921,0.0,0.0,0.0,inf,0.0,106004.42943928888,6079.429439288884,0.061012065337169075,0.0705264202304967,0.8749125242893625,-0.04329417728449447,0.0,0.0,0.0,2.336091842398939,0.1995783459377591,94137.82318598832,-5862.1768140116765,-0.05877798846322113,0.3335077918349891,-0.0147141048355953,-0.32483243304392084,0.0,0.0,0.0,inf,0.0
206,TrialState.COMPLETE,0.614305414122325,0.8190654626829567,0.06758869123091206,0.614305414122325,103742.98996856088,3817.9899685608834,0.03831551045725434,0.06442884000090444,0.6157419526149474,-0.025545188374419214,21597.636939991855,13.0,216.59763693999184,2.0520586374660246,0.20532122390791144,104405.33184806425,4555.331848064248,0.045749909919045706,0.3617198435571055,0.30497452733409314,-0.3569731755453921,0.0,0.0,0.0,inf,0.0,105971.15989210278,6046.159892102776,0.060678151440859196,0.07167733002414114,0.8576164918120789,-0.04572469197272577,0.0,0.0,0.0,2.3844349543304473,0.19560050155974087,94137.82318598832,-5862.1768140116765,-0.05877798846322113,0.3335077918349891,-0.0147141048355953,-0.32483243304392084,0.0,0.0,0.0,inf,0.0
207,TrialState.COMPLETE,0.5488365346674251,0.833970748963894,0.07637051460068761,0.5488365346674251,103287.97975774149,3362.9797577414865,0.033749040716280376,0.06367494538919206,0.5530583009125818,-0.023334958211321477,24878.296255941794,13.0,219.8782962559418,2.0061510971593752,0.20785543994742806,104405.33184806425,4555.331848064248,0.045749909919045706,0.3617198435571055,0.30497452733409314,-0.3569731755453921,0.0,0.0,0.0,inf,0.0,106000.41649572713,6075.416495727128,0.06097178892099331,0.07066067525140135,0.8728473292195872,-0.04358735390023105,0.0,0.0,0.0,2.3418187286933683,0.1990986639278708,94137.82318598832,-5862.1768140116765,-0.05877798846322113,0.3335077918349891,-0.0147141048355953,-0.32483243304392084,0.0,0.0,0.0,inf,0.0
208,TrialState.COMPLETE,0.5334081278243633,0.849796222862132,0.0726947469813293,0.5334081278243633,103161.60416106894,3236.6041610689426,0.03248074856098149,0.06289338776640108,0.5396261097005722,-0.02049596245791685,28169.998036834768,15.0,253.16999803683476,1.966396680590642,0.21225003267177955,104405.33184806425,4555.331848064248,0.045749909919045706,0.3617198435571055,0.30497452733409314,-0.3569731755453921,0.0,0.0,0.0,inf,0.0,106031.47927495027,6106.479274950267,0.06128355454709933,0.06965508209998719,0.8886517223934007,-0.04131790516787415,0.0,0.0,0.0,2.2982078133135357,0.20281084638223285,94137.82318598832,-5862.1768140116765,-0.05877798846322113,0.3335077918349891,-0.0147141048355953,-0.32483243304392084,0.0,0.0,0.0,inf,0.0
209,TrialState.COMPLETE,0.6148439483235681,0.8191314205939366,0.06976321747423389,0.6148439483235681,103742.95881088795,3817.9588108879543,0.03831519775783421,0.06435389917398733,0.6163785702575603,-0.025431787658415583,21793.25623443244,13.0,216.79325623443245,2.052374056699409,0.2052585379433206,104405.33184806425,4555.331848064248,0.045749909919045706,0.3617198435571055,0.30497452733409314,-0.3569731755453921,0.0,0.0,0.0,inf,0.0,105971.28935653709,6046.2893565370905,0.06067945082599646,0.07167268685308965,0.8576844918744334,-0.04571523428559798,0.0,0.0,0.0,2.384242955410004,0.19561598534094363,94137.82318598832,-5862.1768140116765,-0.05877798846322113,0.3335077918349891,-0.0147141048355953,-0.32483243304392084,0.0,0.0,0.0,inf,0.0
210,TrialState.COMPLETE,0.4123931567703345,0.8369172082110328,0.06410863323701757,0.4123931567703345,102449.23831505697,2524.238315056966,0.025331600080935823,0.06354935893584988,0.42538552345482084,-0.02525547165913722,37884.76388167722,23.0,382.88476388167726,2.0026081073594617,0.20647436578959624,104405.33184806425,4555.331848064248,0.045749909919045706,0.3617198435571055,0.30497452733409314,-0.3569731755453921,0.0,0.0,0.0,inf,0.0,106006.1999063011,6081.199906301103,0.06102983485484481,0.0704675933624013,0.8758216143482472,-0.04316483007514671,0.0,0.0,0.0,2.3335740978259607,0.19978996582135758,94137.82318598832,-5862.1768140116765,-0.05877798846322113,0.3335077918349891,-0.0147141048355953,-0.32483243304392084,0.0,0.0,0.0,inf,0.0
211,TrialState.COMPLETE,0.622460465519497,0.834813630006553,0.06964360892919265,0.622460465519497,103744.39861075422,3819.398610754215,0.0383296476364412,0.06349079467427178,0.6241066082343937,-0.022805732468681228,22023.063121770312,13.0,217.02306312177032,2.0117817886548104,0.2094131505904694,104405.33184806425,4555.331848064248,0.045749909919045706,0.3617198435571055,0.30497452733409314,-0.3569731755453921,0.0,0.0,0.0,inf,0.0,106002.07093134827,6077.070931348266,0.06098839387308175,0.0706051712542468,0.8736995290720891,-0.043466484895726354,0.0,0.0,0.0,2.3394542792632076,0.1992964287871203,94137.82318598832,-5862.1768140116765,-0.05877798846322113,0.3335077918349891,-0.0147141048355953,-0.32483243304392084,0.0,0.0,0.0,inf,0.0
212,TrialState.COMPLETE,0.5768571970374501,0.8259222922094382,0.06737151223267945,0.5768571970374501,103486.83257418833,3561.832574188331,0.03574471523240752,0.06402854759379226,0.5804766803093254,-0.027348998432671245,24612.099960034433,15.0,249.61209996003444,2.027414126647079,0.20558642864460172,104405.33184806425,4555.331848064248,0.045749909919045706,0.3617198435571055,0.30497452733409314,-0.3569731755453921,0.0,0.0,0.0,inf,0.0,105984.61871065856,6059.618710658557,0.06081323249154713,0.07120145029781376,0.864658664481969,-0.04474147764554659,0.0,0.0,0.0,2.3646393099301846,0.19720997130642834,94137.82318598832,-5862.1768140116765,-0.05877798846322113,0.3335077918349891,-0.0147141048355953,-0.32483243304392084,0.0,0.0,0.0,inf,0.0
213,TrialState.COMPLETE,0.6248172199980528,0.8499761284859256,0.07050114866053442,0.6248172199980528,103726.93278997471,3801.932789974715,0.03815436012434348,0.06289869546181052,0.6267023971537238,-0.02035515590728776,22412.708955602357,13.0,217.41270895560234,1.9774324254760505,0.21298476509667397,104405.33184806425,4555.331848064248,0.045749909919045706,0.3617198435571055,0.30497452733409314,-0.3569731755453921,0.0,0.0,0.0,inf,0.0,106031.8323998368,6106.8323998368,0.06128709873242055,0.06964410002002447,0.8888288003061302,-0.04129210488849855,0.0,0.0,0.0,2.297721375522632,0.20285303545693092,94137.82318598832,-5862.1768140116765,-0.05877798846322113,0.3335077918349891,-0.0147141048355953,-0.32483243304392084,0.0,0.0,0.0,inf,0.0
214,TrialState.COMPLETE,0.6204416330983612,0.838123280207838,0.07027085513339751,0.6204416330983612,103724.7630188674,3799.763018867394,0.038132584240740286,0.0633613952945134,0.6222561276337849,-0.022240683063113553,22260.759671873726,13.0,217.26075967187373,2.0055714858705773,0.20996279818822425,104405.33184806425,4555.331848064248,0.045749909919045706,0.3617198435571055,0.30497452733409314,-0.3569731755453921,0.0,0.0,0.0,inf,0.0,106008.56722549838,6083.56722549838,0.0610535947567723,0.07038932395103654,0.8770351611960338,-0.04299187705369556,0.0,0.0,0.0,2.330216049626703,0.20007291595871915,94137.82318598832,-5862.1768140116765,-0.05877798846322113,0.3335077918349891,-0.0147141048355953,-0.32483243304392084,0.0,0.0,0.0,inf,0.0
215,TrialState.COMPLETE,0.576480353961363,0.8487616023930602,0.07406430205732334,0.576480353961363,103427.0043330297,3502.004333029705,0.03514428161084271,0.06294431280651644,0.5801676871676236,-0.02066955654226843,24507.7916346732,13.0,219.5077916346732,1.9721275122206123,0.21229363820873845,104405.33184806425,4555.331848064248,0.045749909919045706,0.3617198435571055,0.30497452733409314,-0.3569731755453921,0.0,0.0,0.0,inf,0.0,106029.44848665185,6104.448486651847,0.06126317226839384,0.06971843781144242,0.887632145217112,-0.04146627975384565,0.0,0.0,0.0,2.30100927468871,0.20256821599224203,94137.82318598832,-5862.1768140116765,-0.05877798846322113,0.3335077918349891,-0.0147141048355953,-0.32483243304392084,0.0,0.0,0.0,inf,0.0
216,TrialState.COMPLETE,0.6300701658484886,0.8496938011489708,0.06992222777424266,0.6300701658484886,103753.9998427218,3828.9998427217943,0.03842600592896428,0.06279883330309044,0.6317647627386971,-0.020563515158314116,22167.86102285322,13.0,217.16786102285323,1.9710787338309959,0.2134487430844766,104405.33184806425,4555.331848064248,0.045749909919045706,0.3617198435571055,0.30497452733409314,-0.3569731755453921,0.0,0.0,0.0,inf,0.0,106031.27823812288,6106.278238122875,0.06128153681401205,0.0696613388645039,0.8885508823451117,-0.04133259346409668,0.0,0.0,0.0,2.2984848382619605,0.20278682768996364,94137.82318598832,-5862.1768140116765,-0.05877798846322113,0.3335077918349891,-0.0147141048355953,-0.32483243304392084,0.0,0.0,0.0,inf,0.0
217,TrialState.COMPLETE,0.5321004126472172,0.8397522700976486,0.07201425735460804,0.5321004126472172,103173.14998478291,3248.149984782911,0.032596621052575436,0.06332878491693875,0.5381226193482662,-0.022181154893088695,27837.049828728344,15.0,252.83704982872834,1.9899159922726368,0.20976722751548826,104405.33184806425,4555.331848064248,0.045749909919045706,0.3617198435571055,0.30497452733409314,-0.3569731755453921,0.0,0.0,0.0,inf,0.0,106011.76466234146,6086.764662341462,0.0610856862429463,0.07028431767645756,0.8786705121229409,-0.04275827527486742,0.0,0.0,0.0,2.3256957898773902,0.2004550662379897,94137.82318598832,-5862.1768140116765,-0.05877798846322113,0.3335077918349891,-0.0147141048355953,-0.32483243304392084,0.0,0.0,0.0,inf,0.0
218,TrialState.COMPLETE,0.39955636353273283,0.8486818253996377,0.06606812532597886,0.39955636353273283,102352.6789014334,2427.6789014334063,0.02436256132532688,0.06305165017377054,0.4132480259401395,-0.023307404220384575,38797.01145456757,23.0,383.79701145456755,1.9697835604316971,0.20976517661965693,104405.33184806425,4555.331848064248,0.045749909919045706,0.3617198435571055,0.30497452733409314,-0.3569731755453921,0.0,0.0,0.0,inf,0.0,106029.29189765156,6104.291897651565,0.06126160064196773,0.06972333706050413,0.8875534425150886,-0.041477720517224315,0.0,0.0,0.0,2.3012255720056527,0.20254950701979446,94137.82318598832,-5862.1768140116765,-0.05877798846322113,0.3335077918349891,-0.0147141048355953,-0.32483243304392084,0.0,0.0,0.0,inf,0.0
219,TrialState.COMPLETE,0.5642308238208024,0.8273678537171731,0.07416396412859752,0.5642308238208024,103401.78971075157,3476.7897107515746,0.03489122904603725,0.06399959008263549,0.5678299085632768,-0.02425892713588751,24205.37326144451,13.0,219.20537326144452,2.0250214436834892,0.20662106069199768,104405.33184806425,4555.331848064248,0.045749909919045706,0.3617198435571055,0.30497452733409314,-0.3569731755453921,0.0,0.0,0.0,inf,0.0,105987.45610802514,6062.456108025144,0.060841710377393055,0.07110289517354784,0.866135917222984,-0.0445341917608455,0.0,0.0,0.0,2.3605078567310374,0.1975492325280003,94137.82318598832,-5862.1768140116765,-0.05877798846322113,0.3335077918349891,-0.0147141048355953,-0.32483243304392084,0.0,0.0,0.0,inf,0.0
220,TrialState.COMPLETE,0.5273326244960941,0.813965755700711,0.0698772781241103,0.5273326244960941,103202.79235332018,3277.792353320183,0.03289410844435037,0.06465525758964005,0.5328522044026154,-0.02650730541359947,26982.24953614526,15.0,251.98224953614528,2.0529567246671605,0.20338990304895294,104405.33184806425,4555.331848064248,0.045749909919045706,0.3617198435571055,0.30497452733409314,-0.3569731755453921,0.0,0.0,0.0,inf,0.0,105961.15001352907,6036.15001352907,0.06057768612155501,0.07204013876000792,0.8523450083055749,-0.04645592888287198,0.0,0.0,0.0,2.399374058955115,0.19440322627708043,94137.82318598832,-5862.1768140116765,-0.05877798846322113,0.3335077918349891,-0.0147141048355953,-0.32483243304392084,0.0,0.0,0.0,inf,0.0
221,TrialState.COMPLETE,0.6210015606691726,0.8376351306588603,0.06968725770777542,0.6210015606691726,103733.34357411324,3808.3435741132416,0.03821869894081953,0.06345862141618118,0.6227076200815505,-0.02242735067704471,22087.293707750116,13.0,217.08729370775012,2.0065662193831577,0.2099259166291795,104405.33184806425,4555.331848064248,0.045749909919045706,0.3617198435571055,0.30497452733409314,-0.3569731755453921,0.0,0.0,0.0,inf,0.0,106007.60906893597,6082.60906893597,0.06104397809570017,0.07042094928239333,0.876544266196079,-0.04306187874455791,0.0,0.0,0.0,2.3315740322040948,0.19995839518420352,94137.82318598832,-5862.1768140116765,-0.05877798846322113,0.3335077918349891,-0.0147141048355953,-0.32483243304392084,0.0,0.0,0.0,inf,0.0
222,TrialState.COMPLETE,0.6235596711627887,0.8370124287047195,0.06997627945700598,0.6235596711627887,103744.63423225287,3819.6342322528653,0.0383320123415698,0.06336453315294578,0.6252595858418297,-0.022436290770691536,22131.57238409896,13.0,217.13157238409897,2.008063659919668,0.20976085381540457,104405.33184806425,4555.331848064248,0.045749909919045706,0.3617198435571055,0.30497452733409314,-0.3569731755453921,0.0,0.0,0.0,inf,0.0,106006.38680832948,6081.38680832948,0.061031710720906185,0.07046139772529364,0.8759175091750542,-0.04315117530994428,0.0,0.0,0.0,2.3333086249727164,0.1998123054161889,94137.82318598832,-5862.1768140116765,-0.05877798846322113,0.3335077918349891,-0.0147141048355953,-0.32483243304392084,0.0,0.0,0.0,inf,0.0
223,TrialState.COMPLETE,0.5267222130855485,0.8486756948088587,0.06748122584994123,0.5267222130855485,103130.44187572008,3205.4418757200765,0.0321680078087343,0.06304967276087133,0.5336412186881164,-0.023371633669662106,29353.308492517965,17.0,284.35330849251795,1.9778067449947414,0.20959518344068132,104405.33184806425,4555.331848064248,0.045749909919045706,0.3617198435571055,0.30497452733409314,-0.3569731755453921,0.0,0.0,0.0,inf,0.0,106029.27986431945,6104.279864319455,0.06126147986782238,0.06972371363428502,0.8875473939754964,-0.041478599700828234,0.0,0.0,0.0,2.301242195401796,0.20254806929677693,94137.82318598832,-5862.1768140116765,-0.05877798846322113,0.3335077918349891,-0.0147141048355953,-0.32483243304392084,0.0,0.0,0.0,inf,0.0
224,TrialState.COMPLETE,0.5299649771499538,0.8268978161287199,0.07077045311110337,0.5299649771499538,103187.9265635802,3262.9265635802003,0.0327449170637506,0.06395314522356091,0.5357366268076905,-0.02433778447545598,27410.935975398057,15.0,252.41093597539805,2.020850024296639,0.20658871699110187,104405.33184806425,4555.331848064248,0.045749909919045706,0.3617198435571055,0.30497452733409314,-0.3569731755453921,0.0,0.0,0.0,inf,0.0,105986.53350223596,6061.533502235965,0.06083245053127251,0.0711348731360922,0.8656558729756468,-0.044601592819775826,0.0,0.0,0.0,2.361849651810019,0.19743892047014885,94137.82318598832,-5862.1768140116765,-0.05877798846322113,0.3335077918349891,-0.0147141048355953,-0.32483243304392084,0.0,0.0,0.0,inf,0.0
225,TrialState.COMPLETE,0.5736776883628494,0.8360971936410556,0.07289434798186041,0.5736776883628494,103438.06777898042,3513.0677789804176,0.03525531380047875,0.06352222075976624,0.5771540569278969,-0.022794390828389632,24142.10981071301,13.0,219.142109810713,2.001999432753045,0.20916016126895498,104405.33184806425,4555.331848064248,0.045749909919045706,0.3617198435571055,0.30497452733409314,-0.3569731755453921,0.0,0.0,0.0,inf,0.0,106004.59035377137,6079.590353771375,0.06101368037583477,0.07052106330080873,0.8749952023650864,-0.043282421177320174,0.0,0.0,0.0,2.3358627848050495,0.19959757994672456,94137.82318598832,-5862.1768140116765,-0.05877798846322113,0.3335077918349891,-0.0147141048355953,-0.32483243304392084,0.0,0.0,0.0,inf,0.0
226,TrialState.COMPLETE,0.4034131621659539,0.8497658122932288,0.06576661952172111,0.4034131621659539,102375.23215643992,2450.232156439917,0.024588898205889054,0.06300197243989133,0.4170304247954869,-0.023128314293823005,38761.451459092415,23.0,383.7614514590924,1.9747381275039264,0.20929310199318146,104405.33184806425,4555.331848064248,0.045749909919045706,0.3617198435571055,0.30497452733409314,-0.3569731755453921,0.0,0.0,0.0,inf,0.0,106031.41958404976,6106.419584049756,0.06128295545136786,0.06965693948214116,0.8886217835763534,-0.04132226634779035,0.0,0.0,0.0,2.2982900592759523,0.20280371487476798,94137.82318598832,-5862.1768140116765,-0.05877798846322113,0.3335077918349891,-0.0147141048355953,-0.32483243304392084,0.0,0.0,0.0,inf,0.0
227,TrialState.COMPLETE,0.6060014907693599,0.8272208221149251,0.07683677118441122,0.6060014907693599,103651.37740560585,3726.3774056058464,0.03739608490778212,0.06379485187207888,0.6073376176761269,-0.024637801758250255,20998.29966808879,11.0,185.9982996680888,2.01869707045187,0.20801594462064024,104405.33184806425,4555.331848064248,0.045749909919045706,0.3617198435571055,0.30497452733409314,-0.3569731755453921,0.0,0.0,0.0,inf,0.0,105987.16750938803,6062.167509388033,0.060838813821763926,0.07111289107546907,0.8659857866013149,-0.044555275379063675,0.0,0.0,0.0,2.360927417316332,0.19751472620467825,94137.82318598832,-5862.1768140116765,-0.05877798846322113,0.3335077918349891,-0.0147141048355953,-0.32483243304392084,0.0,0.0,0.0,inf,0.0
228,TrialState.COMPLETE,0.6126576378483722,0.816669274635967,0.06853499586675749,0.6126576378483722,103736.12089277455,3811.1208927745465,0.038246572195249184,0.06449363782424682,0.6141581537492945,-0.02584546894363937,21690.936027414118,13.0,216.69093602741412,2.058258103536992,0.20464533717149627,104405.33184806425,4555.331848064248,0.045749909919045706,0.3617198435571055,0.30497452733409314,-0.3569731755453921,0.0,0.0,0.0,inf,0.0,105966.45657258388,6041.456572583877,0.06063094602010599,0.07184686752671203,0.8551429368653385,-0.04606827878356745,0.0,0.0,0.0,2.3914311212168995,0.19503796669400442,94137.82318598832,-5862.1768140116765,-0.05877798846322113,0.3335077918349891,-0.0147141048355953,-0.32483243304392084,0.0,0.0,0.0,inf,0.0
229,TrialState.COMPLETE,0.5243908824869216,0.835727797414174,0.07213937531937324,0.5243908824869216,103130.80185239836,3205.801852398363,0.03217162048764144,0.06347774452527936,0.5305243902814109,-0.022856366259751293,27847.131569659752,15.0,252.84713156965975,1.9966775444717018,0.20903731467194864,104405.33184806425,4555.331848064248,0.045749909919045706,0.3617198435571055,0.30497452733409314,-0.3569731755453921,0.0,0.0,0.0,inf,0.0,106003.86529027489,6078.865290274887,0.0610064031839046,0.07054521724714478,0.8746225813567781,-0.04333539290733712,0.0,0.0,0.0,2.3368952488464387,0.19951091313046934,94137.82318598832,-5862.1768140116765,-0.05877798846322113,0.3335077918349891,-0.0147141048355953,-0.32483243304392084,0.0,0.0,0.0,inf,0.0
230,TrialState.COMPLETE,0.45972451045186713,0.8498904189079899,0.06350193807952298,0.45972451045186713,102727.35721160067,2802.357211600669,0.02812272455467224,0.06305973860671239,0.4713007165130016,-0.024273928922080135,36450.87265429647,23.0,381.45087265429646,1.9647553360868386,0.20967468617984902,104405.33184806425,4555.331848064248,0.045749909919045706,0.3617198435571055,0.30497452733409314,-0.3569731755453921,0.0,0.0,0.0,inf,0.0,106031.66416615769,6106.664166157687,0.061285410232515325,0.06964933075938058,0.8887444457635193,-0.04130439650834483,0.0,0.0,0.0,2.297953095665522,0.2028329360182138,94137.82318598832,-5862.1768140116765,-0.05877798846322113,0.3335077918349891,-0.0147141048355953,-0.32483243304392084,0.0,0.0,0.0,inf,0.0
231,TrialState.COMPLETE,0.6221638967623725,0.8339515274578606,0.0695584514476296,0.6221638967623725,103744.83654477092,3819.836544770922,0.03833404275668295,0.06353337904262833,0.6237975464707364,-0.02295058173722453,22000.320154759647,13.0,217.00032015475966,2.0138614805197546,0.2091992400946921,104405.33184806425,4555.331848064248,0.045749909919045706,0.3617198435571055,0.30497452733409314,-0.3569731755453921,0.0,0.0,0.0,inf,0.0,106000.37876710008,6075.3787671000755,0.06097141025287045,0.07066194350935007,0.8728278827309419,-0.043590110255597,0.0,0.0,0.0,2.3418727045916556,0.19909415392705457,94137.82318598832,-5862.1768140116765,-0.05877798846322113,0.3335077918349891,-0.0147141048355953,-0.32483243304392084,0.0,0.0,0.0,inf,0.0
232,TrialState.COMPLETE,0.621140803105274,0.8380571341737967,0.06938000562943135,0.621140803105274,103733.12435574213,3808.1243557421258,0.03821649885867684,0.06343833935087352,0.6228529874938392,-0.022356493403405953,22098.421363741294,13.0,217.0984213637413,2.00555581333445,0.21003053211219666,104405.33184806425,4555.331848064248,0.045749909919045706,0.3617198435571055,0.30497452733409314,-0.3569731755453921,0.0,0.0,0.0,inf,0.0,106008.43739180964,6083.437391809639,0.061052291664310365,0.07039360501737503,0.8769686655901292,-0.043001362545873945,0.0,0.0,0.0,2.330399968531342,0.2000573980895872,94137.82318598832,-5862.1768140116765,-0.05877798846322113,0.3335077918349891,-0.0147141048355953,-0.32483243304392084,0.0,0.0,0.0,inf,0.0
233,TrialState.COMPLETE,0.5805983275755209,0.8270872994466679,0.06725057886056708,0.5805983275755209,103505.97350460588,3580.9735046058777,0.03593681297749374,0.06393779162431158,0.5841098830641958,-0.026957451352095707,24492.53240129404,15.0,249.49253240129403,2.0240304357692835,0.2060551848616747,104405.33184806425,4555.331848064248,0.045749909919045706,0.3617198435571055,0.30497452733409314,-0.3569731755453921,0.0,0.0,0.0,inf,0.0,105986.90542654693,6061.905426546931,0.060836183395193366,0.07112197415104148,0.8658494250461491,-0.04457442186932925,0.0,0.0,0.0,2.361308558857898,0.19748339009461474,94137.82318598832,-5862.1768140116765,-0.05877798846322113,0.3335077918349891,-0.0147141048355953,-0.32483243304392084,0.0,0.0,0.0,inf,0.0
234,TrialState.COMPLETE,0.5728072879800271,0.8378491073318018,0.07465292712640892,0.5728072879800271,103427.93720999997,3502.9372099999746,0.0351536439161495,0.06342660387682587,0.5763800311241263,-0.022500462169936175,24283.740764743547,13.0,219.28374076474356,1.999496741073443,0.20934617993495364,104405.33184806425,4555.331848064248,0.045749909919045706,0.3617198435571055,0.30497452733409314,-0.3569731755453921,0.0,0.0,0.0,inf,0.0,106008.02906963814,6083.029069638142,0.061048193486517466,0.07040707756179997,0.876759493435804,-0.043031194050739074,0.0,0.0,0.0,2.3309785759939463,0.20000859473544746,94137.82318598832,-5862.1768140116765,-0.05877798846322113,0.3335077918349891,-0.0147141048355953,-0.32483243304392084,0.0,0.0,0.0,inf,0.0
235,TrialState.COMPLETE,0.5674439893629731,0.8135246765650097,0.07113030472189993,0.5674439893629731,103457.78680633729,3532.786806337288,0.03545321305263349,0.06472893734416668,0.5705443432781789,-0.026581299881834886,23490.333689349725,13.0,218.4903336893497,2.0575480444716976,0.2035725094534731,104405.33184806425,4555.331848064248,0.045749909919045706,0.3617198435571055,0.30497452733409314,-0.3569731755453921,0.0,0.0,0.0,inf,0.0,105960.28424837727,6035.284248377269,0.0605689967693801,0.07207186998303781,0.8518878427363593,-0.04651917354140589,0.0,0.0,0.0,2.4006749584442573,0.1942996627499219,94137.82318598832,-5862.1768140116765,-0.05877798846322113,0.3335077918349891,-0.0147141048355953,-0.32483243304392084,0.0,0.0,0.0,inf,0.0
236,TrialState.COMPLETE,0.5827309438479683,0.8494618093294835,0.0692789539207373,0.5827309438479683,103468.26032156085,3543.260321560854,0.0355583248121325,0.06291698923547052,0.5867484595195306,-0.023468186503180388,25313.566615958738,15.0,250.31356661595873,1.9712322606473571,0.21139948812228224,104405.33184806425,4555.331848064248,0.045749909919045706,0.3617198435571055,0.30497452733409314,-0.3569731755453921,0.0,0.0,0.0,inf,0.0,106030.82287667744,6105.822876677441,0.06127696651781678,0.06967552311976587,0.888322397704397,-0.0413658633815297,0.0,0.0,0.0,2.299112564751647,0.20273242348915577,94137.82318598832,-5862.1768140116765,-0.05877798846322113,0.3335077918349891,-0.0147141048355953,-0.32483243304392084,0.0,0.0,0.0,inf,0.0
237,TrialState.COMPLETE,0.5247419839641274,0.8251649717910711,0.06579231343835704,0.5247419839641274,103168.01751328299,3243.01751328299,0.032545112184412694,0.06416507569097668,0.5311646741810185,-0.027274821051607834,28550.834856275993,17.0,283.55083485627597,2.033363223741066,0.20389254005487847,104405.33184806425,4555.331848064248,0.045749909919045706,0.3617198435571055,0.30497452733409314,-0.3569731755453921,0.0,0.0,0.0,inf,0.0,105983.13221634494,6058.132216344937,0.060798313110321356,0.07125333020286835,0.8638836698151642,-0.04485007284214204,0.0,0.0,0.0,2.366809530059133,0.19703222782218013,94137.82318598832,-5862.1768140116765,-0.05877798846322113,0.3335077918349891,-0.0147141048355953,-0.32483243304392084,0.0,0.0,0.0,inf,0.0
238,TrialState.COMPLETE,0.5741758568791719,0.8381838569105847,0.07328514472149576,0.5741758568791719,103436.2448998588,3511.2448998587934,0.0352370194746372,0.06342200408158052,0.5776869852331462,-0.022444299033468673,24202.361721823454,13.0,219.20236172182345,1.9970154442790344,0.20967652485176705,104405.33184806425,4555.331848064248,0.045749909919045706,0.3617198435571055,0.30497452733409314,-0.3569731755453921,0.0,0.0,0.0,inf,0.0,106008.68612751395,6083.686127513953,0.06105478813209886,0.07038540451763672,0.8770960518450243,-0.04298319021379171,0.0,0.0,0.0,2.3300476417006735,0.20008712723137817,94137.82318598832,-5862.1768140116765,-0.05877798846322113,0.3335077918349891,-0.0147141048355953,-0.32483243304392084,0.0,0.0,0.0,inf,0.0
239,TrialState.COMPLETE,0.61732273176265,0.8270657337919964,0.06853238915286172,0.61732273176265,103738.83406384001,3813.8340638400114,0.03827380166443839,0.06399237186346049,0.6188753865177967,-0.02420197968475024,21808.593156200215,13.0,216.8085931562002,2.0322089148132614,0.20730533699912174,104405.33184806425,4555.331848064248,0.045749909919045706,0.3617198435571055,0.30497452733409314,-0.3569731755453921,0.0,0.0,0.0,inf,0.0,105986.86309674525,6061.863096745248,0.060835758546950114,0.07112344168395236,0.86582739868243,-0.044577514276447294,0.0,0.0,0.0,2.3613701297377845,0.19747832889017597,94137.82318598832,-5862.1768140116765,-0.05877798846322113,0.3335077918349891,-0.0147141048355953,-0.32483243304392084,0.0,0.0,0.0,inf,0.0
240,TrialState.COMPLETE,0.6238615998498521,0.849188284309311,0.07131144230645824,0.6238615998498521,103718.90514207387,3793.905142073869,0.03807379443142489,0.06285736035117441,0.6258380303368168,-0.020381358506843972,22554.64889185829,13.0,217.55464889185828,1.979438698681921,0.21270403859239548,104405.33184806425,4555.331848064248,0.045749909919045706,0.3617198435571055,0.30497452733409314,-0.3569731755453921,0.0,0.0,0.0,inf,0.0,106030.28599245091,6105.28599245091,0.06127157800736893,0.06969226863553252,0.888052873782589,-0.0414050895243151,0.0,0.0,0.0,2.299853112898944,0.2026682788281457,94137.82318598832,-5862.1768140116765,-0.05877798846322113,0.3335077918349891,-0.0147141048355953,-0.32483243304392084,0.0,0.0,0.0,inf,0.0
241,TrialState.COMPLETE,0.6205253719826491,0.839112520613407,0.07110210997232443,0.6205253719826491,103722.25668884692,3797.2566888469155,0.038107430644015894,0.06330362273509477,0.6223834149816629,-0.022074458427477572,22335.131057919578,13.0,217.33513105791957,2.003420735106117,0.21018234247754058,104405.33184806425,4555.331848064248,0.045749909919045706,0.3617198435571055,0.30497452733409314,-0.3569731755453921,0.0,0.0,0.0,inf,0.0,106010.50894026236,6085.508940262356,0.06107308302645387,0.07032545921561673,0.8780287828146397,-0.04285001737781757,0.0,0.0,0.0,2.3274689283368057,0.2003049877470349,94137.82318598832,-5862.1768140116765,-0.05877798846322113,0.3335077918349891,-0.0147141048355953,-0.32483243304392084,0.0,0.0,0.0,inf,0.0
242,TrialState.COMPLETE,0.6309458299979283,0.8495311018433757,0.06957415415921943,0.6309458299979283,103761.23085734455,3836.230857344548,0.03849857665529255,0.06282678178970073,0.6326238612357012,-0.0205197086881187,22171.008785620994,13.0,217.17100878562098,1.9707348333510388,0.21351440203682714,104405.33184806425,4555.331848064248,0.045749909919045706,0.3617198435571055,0.30497452733409314,-0.3569731755453921,0.0,0.0,0.0,inf,0.0,106030.95888638408,6105.958886384076,0.061278331597466096,0.06967128470941023,0.888390653617603,-0.041355926154618694,0.0,0.0,0.0,2.298925036256236,0.20274867326107204,94137.82318598832,-5862.1768140116765,-0.05877798846322113,0.3335077918349891,-0.0147141048355953,-0.32483243304392084,0.0,0.0,0.0,inf,0.0
243,TrialState.COMPLETE,0.5333042435978166,0.8488946963547537,0.07249287332872537,0.5333042435978166,103162.64049271765,3237.640492717648,0.03249114905872208,0.0629305587611578,0.5395046530590233,-0.020647225381125622,28140.113225323767,15.0,253.14011322532377,1.9684849946526632,0.21202720746957596,104405.33184806425,4555.331848064248,0.045749909919045706,0.3617198435571055,0.30497452733409314,-0.3569731755453921,0.0,0.0,0.0,inf,0.0,106029.7097280134,6104.709728013404,0.06126579425224277,0.06971026874474742,0.8877634197370189,-0.04144719283160836,0.0,0.0,0.0,2.3006485109313477,0.2025994285290607,94137.82318598832,-5862.1768140116765,-0.05877798846322113,0.3335077918349891,-0.0147141048355953,-0.32483243304392084,0.0,0.0,0.0,inf,0.0
244,TrialState.COMPLETE,0.2839589489960886,0.39317820038023116,0.06660752788812647,0.2839589489960886,103154.8653973092,3229.8653973092005,0.03241311915866718,0.11513117280085516,0.3346524617753866,-0.10676096172974026,10349.040138691365,6.0,100.34904013869136,4.377491509013317,0.09348270251991177,104405.33184806425,4555.331848064248,0.045749909919045706,0.3617198435571055,0.30497452733409314,-0.3569731755453921,0.0,0.0,0.0,inf,0.0,105135.2138668524,5210.2138668523985,0.052288171262231176,0.1188750187191832,0.48818401176816717,-0.1139037597280993,0.0,0.0,0.0,4.967234493716553,0.09480538092620533,94137.82318598832,-5862.1768140116765,-0.05877798846322113,0.3335077918349891,-0.0147141048355953,-0.32483243304392084,0.0,0.0,0.0,inf,0.0
245,TrialState.COMPLETE,0.6310621646545305,0.8499274609672398,0.06972398607923977,0.6310621646545305,103761.04085480157,3836.0408548015694,0.038496669782667636,0.06281010873403328,0.632745855032246,-0.020453126029377433,22181.352940883095,13.0,217.1813529408831,1.9698157917059713,0.21361287279401356,104405.33184806425,4555.331848064248,0.045749909919045706,0.3617198435571055,0.30497452733409314,-0.3569731755453921,0.0,0.0,0.0,inf,0.0,106031.73687357339,6106.736873573391,0.06128613997025267,0.06964706984720363,0.8887809039614256,-0.041299084303215716,0.0,0.0,0.0,2.297852944866033,0.20284162262275465,94137.82318598832,-5862.1768140116765,-0.05877798846322113,0.3335077918349891,-0.0147141048355953,-0.32483243304392084,0.0,0.0,0.0,inf,0.0
246,TrialState.COMPLETE,0.5773838258678474,0.8499133601826389,0.07519977505396652,0.5773838258678474,103429.73313492113,3504.733134921131,0.035171667726968,0.06288423762407269,0.5810824117212172,-0.020476308487720862,24543.917734754203,13.0,219.5439177347542,1.970877895206265,0.21239206775422353,104405.33184806425,4555.331848064248,0.045749909919045706,0.3617198435571055,0.30497452733409314,-0.3569731755453921,0.0,0.0,0.0,inf,0.0,106031.70919607292,6106.709196072916,0.06128586218130372,0.0696479304564292,0.8887670257506216,-0.041301106498141116,0.0,0.0,0.0,2.2978910681982905,0.202838315898053,94137.82318598832,-5862.1768140116765,-0.05877798846322113,0.3335077918349891,-0.0147141048355953,-0.32483243304392084,0.0,0.0,0.0,inf,0.0
247,TrialState.COMPLETE,0.2612307624274648,0.2706867002076374,0.07199552039445145,0.2612307624274648,103785.46184350371,3860.461843503712,0.03874175981689931,0.13140081661145495,0.3550009855222274,-0.13087699161517186,3336.6862647580365,2.0,33.336686264758036,6.056807324205896,0.06879855904511953,104405.33184806425,4555.331848064248,0.045749909919045706,0.3617198435571055,0.30497452733409314,-0.3569731755453921,0.0,0.0,0.0,inf,0.0,104894.7833779418,4969.7833779418,0.04987512226093416,0.13590834578845745,0.4260944749986188,-0.13381231193651189,0.0,0.0,0.0,7.215013953799634,0.06547132609234166,94137.82318598832,-5862.1768140116765,-0.05877798846322113,0.3335077918349891,-0.0147141048355953,-0.32483243304392084,0.0,0.0,0.0,inf,0.0
248,TrialState.COMPLETE,0.5265687710586369,0.8499022639381287,0.06813455953797967,0.5265687710586369,103126.8679328416,3201.8679328416038,0.03213214018687327,0.06299245113652507,0.5335170198919676,-0.023190564297425276,29393.780199698806,17.0,284.3937801996988,1.9741801071444303,0.2099301006211886,104405.33184806425,4555.331848064248,0.045749909919045706,0.3617198435571055,0.30497452733409314,-0.3569731755453921,0.0,0.0,0.0,inf,0.0,106031.68741598638,6106.68741598638,0.06128564358254174,0.06964860773468241,0.8887561043821112,-0.041302697811580136,0.0,0.0,0.0,2.297921069249273,0.20283571375623022,94137.82318598832,-5862.1768140116765,-0.05877798846322113,0.3335077918349891,-0.0147141048355953,-0.32483243304392084,0.0,0.0,0.0,inf,0.0
249,TrialState.COMPLETE,0.5241872393568596,0.8210634337648162,0.06545152058419129,0.5241872393568596,103174.77921338423,3249.7792133842304,0.03261297179681022,0.06439439856450824,0.5305228105408352,-0.0279312062686371,28410.80665305006,17.0,283.41080665305003,2.0443200965426014,0.20285325295136347,104405.33184806425,4555.331848064248,0.045749909919045706,0.3617198435571055,0.30497452733409314,-0.3569731755453921,0.0,0.0,0.0,inf,0.0,105975.08157779828,6050.081577798279,0.060717511906009713,0.07153724307771268,0.8596741705315095,-0.04543820216096317,0.0,0.0,0.0,2.3786326838974765,0.1960695145791969,94137.82318598832,-5862.1768140116765,-0.05877798846322113,0.3335077918349891,-0.0147141048355953,-0.32483243304392084,0.0,0.0,0.0,inf,0.0
250,TrialState.COMPLETE,0.619726201764699,0.8359683803038992,0.07035588093037057,0.619726201764699,103725.9038352668,3800.9038352667994,0.038144033505920216,0.06346597833772409,0.6215091594144466,-0.022602773869659143,22203.525002450588,13.0,217.2035250024506,2.01074130557198,0.20942884469906756,104405.33184806425,4555.331848064248,0.045749909919045706,0.3617198435571055,0.30497452733409314,-0.3569731755453921,0.0,0.0,0.0,inf,0.0,106004.33751456562,6079.337514565617,0.06101114272299735,0.0705294813742564,0.8748652885541085,-0.04330089312858665,0.0,0.0,0.0,2.3362227150219566,0.19956735820818133,94137.82318598832,-5862.1768140116765,-0.05877798846322113,0.3335077918349891,-0.0147141048355953,-0.32483243304392084,0.0,0.0,0.0,inf,0.0
251,TrialState.COMPLETE,0.6219221540959321,0.8253689698009259,0.06776806874119273,0.6219221540959321,103765.86520412512,3840.865204125119,0.03854508713581262,0.06395674420703748,0.623269037950847,-0.024647468527257188,21533.244788159445,13.0,216.53324478815944,2.0291693085054003,0.20740594620134176,104405.33184806425,4555.331848064248,0.045749909919045706,0.3617198435571055,0.30497452733409314,-0.3569731755453921,0.0,0.0,0.0,inf,0.0,105983.53263058758,6058.532630587579,0.060802331916579355,0.07123933869381213,0.8640925001889396,-0.04482082079082561,0.0,0.0,0.0,2.366224549945386,0.19708010671173778,94137.82318598832,-5862.1768140116765,-0.05877798846322113,0.3335077918349891,-0.0147141048355953,-0.32483243304392084,0.0,0.0,0.0,inf,0.0
252,TrialState.COMPLETE,0.5219810266557842,0.8122064048446245,0.06514866623321437,0.5219810266557842,103182.7865847362,3257.7865847361973,0.03269333283249298,0.06489315117918969,0.5281420291381727,-0.02941416263389207,28102.46644812734,17.0,283.10246644812736,2.0658050677158513,0.20071345267331295,104405.33184806425,4555.331848064248,0.045749909919045706,0.3617198435571055,0.30497452733409314,-0.3569731755453921,0.0,0.0,0.0,inf,0.0,105957.69669974082,6032.696699740816,0.06054302653909427,0.07216703774052415,0.8505203936483491,-0.0467081947398571,0.0,0.0,0.0,2.404571433390376,0.19399012867708212,94137.82318598832,-5862.1768140116765,-0.05877798846322113,0.3335077918349891,-0.0147141048355953,-0.32483243304392084,0.0,0.0,0.0,inf,0.0
253,TrialState.COMPLETE,0.4587460306220311,0.8498067801578065,0.06317578795718945,0.4587460306220311,102721.07131945148,2796.071319451483,0.02805964084671131,0.06305787421742039,0.47033980982768225,-0.024287661632572677,36454.469894868176,23.0,381.45446989486817,1.967172447420723,0.2094040617433906,104405.33184806425,4555.331848064248,0.045749909919045706,0.3617198435571055,0.30497452733409314,-0.3569731755453921,0.0,0.0,0.0,inf,0.0,106031.49999716978,6106.4999971697835,0.06128376252843615,0.06965443736195907,0.888662115495108,-0.04131639114587815,0.0,0.0,0.0,2.2981792622829094,0.20281332214588227,94137.82318598832,-5862.1768140116765,-0.05877798846322113,0.3335077918349891,-0.0147141048355953,-0.32483243304392084,0.0,0.0,0.0,inf,0.0
254,TrialState.COMPLETE,0.56979360893857,0.8259808927399167,0.07322657577812453,0.56979360893857,103438.42693371915,3513.426933719151,0.03525891826000116,0.06402626395738889,0.5731676987330503,-0.024491614530183448,23939.75920056011,13.0,218.9397592005601,2.02822677176473,0.20641246914503744,104405.33184806425,4555.331848064248,0.045749909919045706,0.3617198435571055,0.30497452733409314,-0.3569731755453921,0.0,0.0,0.0,inf,0.0,105984.73373377569,6059.733733775691,0.060814386935095444,0.07119744297819697,0.8647186022137167,-0.04473307466586063,0.0,0.0,0.0,2.3644715468267408,0.1972237246883302,94137.82318598832,-5862.1768140116765,-0.05877798846322113,0.3335077918349891,-0.0147141048355953,-0.32483243304392084,0.0,0.0,0.0,inf,0.0
255,TrialState.COMPLETE,0.6225070302519725,0.8269362856537456,0.067845318314838,0.6225070302519725,103765.10068622335,3840.100686223348,0.038537414404685055,0.0638741752924511,0.6238763182153267,-0.024384341966349643,21574.134859332422,13.0,216.57413485933242,2.0253233662236907,0.20779542906273746,104405.33184806425,4555.331848064248,0.045749909919045706,0.3617198435571055,0.30497452733409314,-0.3569731755453921,0.0,0.0,0.0,inf,0.0,105986.60901153015,6061.609011530149,0.060833208389553306,0.07113225347790109,0.8656951723471907,-0.044596076486170255,0.0,0.0,0.0,2.36173977728176,0.19744794886256598,94137.82318598832,-5862.1768140116765,-0.05877798846322113,0.3335077918349891,-0.0147141048355953,-0.32483243304392084,0.0,0.0,0.0,inf,0.0
256,TrialState.COMPLETE,0.6210536653673401,0.8208240739377313,0.06721936866759128,0.6210536653673401,103774.99213587918,3849.992135879176,0.03863668538665199,0.06422328161207576,0.6223218231317976,-0.025341755044354985,21421.814593055155,13.0,216.42181459305516,2.0396581771611593,0.20637946223144726,104405.33184806425,4555.331848064248,0.045749909919045706,0.3617198435571055,0.30497452733409314,-0.3569731755453921,0.0,0.0,0.0,inf,0.0,105974.6117541765,6049.611754176498,0.060712796465111296,0.07155396429196526,0.8594278954599531,-0.04547252419409531,0.0,0.0,0.0,2.379326315000649,0.19601332783971107,94137.82318598832,-5862.1768140116765,-0.05877798846322113,0.3335077918349891,-0.0147141048355953,-0.32483243304392084,0.0,0.0,0.0,inf,0.0
257,TrialState.COMPLETE,0.2276898408981276,0.34038128398645245,0.06764086080004443,0.2276898408981276,102887.257474313,2962.2574743129953,0.0297274488548267,0.12238804454272226,0.30058025012854517,-0.11765620346983441,9820.088831248355,6.0,99.82008883124836,4.941020396982439,0.08068934189817371,104405.33184806425,4555.331848064248,0.045749909919045706,0.3617198435571055,0.30497452733409314,-0.3569731755453921,0.0,0.0,0.0,inf,0.0,105031.58228095746,5106.58228095746,0.05124808461007491,0.1261144417851975,0.45935982278009085,-0.12250043570374347,0.0,0.0,0.0,5.737707714810237,0.08218253648812278,94137.82318598832,-5862.1768140116765,-0.05877798846322113,0.3335077918349891,-0.0147141048355953,-0.32483243304392084,0.0,0.0,0.0,inf,0.0
258,TrialState.COMPLETE,0.603974591255,0.8141962310453343,0.07528577510936865,0.603974591255,103677.00431056641,3752.004310566408,0.03765327682358688,0.06451834078900497,0.6050893063502747,-0.026648079584423057,20684.699203935015,11.0,185.68469920393503,2.0511187035494483,0.2048942950047364,104405.33184806425,4555.331848064248,0.045749909919045706,0.3617198435571055,0.30497452733409314,-0.3569731755453921,0.0,0.0,0.0,inf,0.0,105961.60239838611,6036.602398386109,0.06058222653462253,0.0720235805230743,0.8525838145808728,-0.046422881849253805,0.0,0.0,0.0,2.3986948657311324,0.1944573402913961,94137.82318598832,-5862.1768140116765,-0.05877798846322113,0.3335077918349891,-0.0147141048355953,-0.32483243304392084,0.0,0.0,0.0,inf,0.0
259,TrialState.COMPLETE,0.5235480577995972,0.830090626794766,0.07151398725850433,0.5235480577995972,103137.59880111589,3212.5988011158915,0.03223983378335227,0.06374958072370708,0.5295704068745564,-0.02380212915631963,27659.296448696943,15.0,252.65929644869695,2.010237042226289,0.20764144372204354,104405.33184806425,4555.331848064248,0.045749909919045706,0.3617198435571055,0.30497452733409314,-0.3569731755453921,0.0,0.0,0.0,inf,0.0,105992.80045976659,6067.800459766586,0.060895349623253825,0.07091895436517061,0.868910842133537,-0.04414375673338311,0.0,0.0,0.0,2.3527651753486793,0.19818819910807683,94137.82318598832,-5862.1768140116765,-0.05877798846322113,0.3335077918349891,-0.0147141048355953,-0.32483243304392084,0.0,0.0,0.0,inf,0.0
260,TrialState.COMPLETE,0.6153849965309455,0.8499380195770139,0.07863556747401987,0.6153849965309455,103654.11286683427,3729.1128668342717,0.03742353802011156,0.06272787861929036,0.6170120653827367,-0.02065950171372266,21592.72127109597,11.0,186.59272127109597,1.9648645894057821,0.21377482174982546,104405.33184806425,4555.331848064248,0.045749909919045706,0.3617198435571055,0.30497452733409314,-0.3569731755453921,0.0,0.0,0.0,inf,0.0,106031.7575983724,6106.757598372395,0.06128634797748034,0.06964642546777577,0.888791295654842,-0.041297570091848534,0.0,0.0,0.0,2.2978243990991607,0.20284409868364622,94137.82318598832,-5862.1768140116765,-0.05877798846322113,0.3335077918349891,-0.0147141048355953,-0.32483243304392084,0.0,0.0,0.0,inf,0.0
261,TrialState.COMPLETE,0.4048113206389968,0.8287868569686231,0.06393607789471815,0.4048113206389968,102415.80029786815,2490.800297868147,0.024996026771348268,0.06397804434120453,0.4178473742684901,-0.02659417477559356,37804.51162141797,23.0,382.804511621418,2.024724372587768,0.2041490775063271,104405.33184806425,4555.331848064248,0.045749909919045706,0.3617198435571055,0.30497452733409314,-0.3569731755453921,0.0,0.0,0.0,inf,0.0,105990.24137594209,6065.241375942089,0.06086966506167646,0.07100675587460384,0.867583352927557,-0.04433071284677381,0.0,0.0,0.0,2.3564663250686917,0.19788224443340813,94137.82318598832,-5862.1768140116765,-0.05877798846322113,0.3335077918349891,-0.0147141048355953,-0.32483243304392084,0.0,0.0,0.0,inf,0.0
262,TrialState.COMPLETE,0.6175524996218854,0.8121609678884875,0.06660329558458919,0.6175524996218854,103779.14496617948,3854.144966179476,0.038678363364383905,0.06471580666349104,0.618696967206757,-0.026796809960215717,21195.725401132957,13.0,216.19572540113296,2.0614146709986967,0.2042251171490143,104405.33184806425,4555.331848064248,0.045749909919045706,0.3617198435571055,0.30497452733409314,-0.3569731755453921,0.0,0.0,0.0,inf,0.0,105957.60751453563,6032.60751453563,0.060542131421528644,0.07217032672942249,0.8504732327973298,-0.04671470972518599,0.0,0.0,0.0,2.4047059589475834,0.19397945969467623,94137.82318598832,-5862.1768140116765,-0.05877798846322113,0.3335077918349891,-0.0147141048355953,-0.32483243304392084,0.0,0.0,0.0,inf,0.0
263,TrialState.COMPLETE,0.5737545157257604,0.8376898794119588,0.07290719687712233,0.5737545157257604,103434.62412276685,3509.6241227668506,0.03522075343563924,0.0634436925865493,0.5772635949869351,-0.022527176853925135,24190.154930308327,13.0,219.19015493030832,1.9982151374777126,0.20954240146683753,104405.33184806425,4555.331848064248,0.045749909919045706,0.3617198435571055,0.30497452733409314,-0.3569731755453921,0.0,0.0,0.0,inf,0.0,106007.71653165348,6082.716531653481,0.06104505665901794,0.07041739868368375,0.8765993419072452,-0.0430540276639404,0.0,0.0,0.0,2.3314216479218475,0.19997123943598263,94137.82318598832,-5862.1768140116765,-0.05877798846322113,0.3335077918349891,-0.0147141048355953,-0.32483243304392084,0.0,0.0,0.0,inf,0.0
264,TrialState.COMPLETE,0.46260773931552224,0.8373094372733082,0.0616495006672062,0.46260773931552224,102767.78168854138,2842.7816885413777,0.028528415175810506,0.06363620965606054,0.4738047579260061,-0.026348653824792678,35896.451905062866,23.0,380.89645190506286,1.993149781646811,0.20667618563396695,104405.33184806425,4555.331848064248,0.045749909919045706,0.3617198435571055,0.30497452733409314,-0.3569731755453921,0.0,0.0,0.0,inf,0.0,106006.96978686484,6081.969786864836,0.061037561859438316,0.07044209032491769,0.8762165288252238,-0.04310858378604576,0.0,0.0,0.0,2.3324809588508155,0.19988198586676903,94137.82318598832,-5862.1768140116765,-0.05877798846322113,0.3335077918349891,-0.0147141048355953,-0.32483243304392084,0.0,0.0,0.0,inf,0.0
265,TrialState.COMPLETE,0.6166591711639428,0.8252614864531989,0.06857530204280834,0.6166591711639428,103739.77131708182,3814.771317081817,0.03828320796757545,0.06408838802937865,0.6181856389994224,-0.024504908831734062,21761.017619507886,13.0,216.76101761950787,2.0366518793604027,0.2068579129105348,104405.33184806425,4555.331848064248,0.045749909919045706,0.3617198435571055,0.30497452733409314,-0.3569731755453921,0.0,0.0,0.0,inf,0.0,105983.32165861136,6058.321658611356,0.06080021447066941,0.07124670906507817,0.8639824772836812,-0.04483623324070629,0.0,0.0,0.0,2.3665327307344777,0.19705488011844569,94137.82318598832,-5862.1768140116765,-0.05877798846322113,0.3335077918349891,-0.0147141048355953,-0.32483243304392084,0.0,0.0,0.0,inf,0.0
266,TrialState.COMPLETE,0.6206151791141546,0.8386532511464461,0.07096668725827032,0.6206151791141546,103724.48244920524,3799.482449205243,0.03812976843584415,0.06333599268578231,0.6224374297559495,-0.022151630763544983,22274.835829851945,13.0,217.27483582985195,2.0043041031932196,0.21009411245134377,104405.33184806425,4555.331848064248,0.045749909919045706,0.3617198435571055,0.30497452733409314,-0.3569731755453921,0.0,0.0,0.0,inf,0.0,106009.60747050874,6084.607470508738,0.06106403530933746,0.07035507196459762,0.8775676773979477,-0.04291587790769258,0.0,0.0,0.0,2.3287435140045107,0.20019724596036348,94137.82318598832,-5862.1768140116765,-0.05877798846322113,0.3335077918349891,-0.0147141048355953,-0.32483243304392084,0.0,0.0,0.0,inf,0.0
267,TrialState.COMPLETE,0.41156034021363663,0.8499779478885887,0.06505665122762812,0.41156034021363663,102424.74923742705,2499.7492374270514,0.025085835454139005,0.06296988497364966,0.4249103497818375,-0.023097780148918168,38475.98489368384,23.0,383.47598489368386,1.9718360817659069,0.2096814363062327,104405.33184806425,4555.331848064248,0.045749909919045706,0.3617198435571055,0.30497452733409314,-0.3569731755453921,0.0,0.0,0.0,inf,0.0,106031.83597102237,6106.835971022374,0.06128713457510404,0.06964398900956888,0.8888305907893653,-0.04129184396771346,0.0,0.0,0.0,2.2977164571828093,0.20285346211774774,94137.82318598832,-5862.1768140116765,-0.05877798846322113,0.3335077918349891,-0.0147141048355953,-0.32483243304392084,0.0,0.0,0.0,inf,0.0
268,TrialState.COMPLETE,0.5453672685461385,0.8154856669510919,0.07455150522500896,0.5453672685461385,103312.38803034168,3387.388030341681,0.03399400005634057,0.064664921845976,0.5492388893196655,-0.02643205026206774,24301.638298626895,13.0,219.3016382986269,2.0516742258714653,0.203309482011207,104405.33184806425,4555.331848064248,0.045749909919045706,0.3617198435571055,0.30497452733409314,-0.3569731755453921,0.0,0.0,0.0,inf,0.0,105964.13334710343,6039.13334710343,0.06060762869584635,0.07193122354705445,0.8539188978836457,-0.04623799360872005,0.0,0.0,0.0,2.3949020789144204,0.19476008296317043,94137.82318598832,-5862.1768140116765,-0.05877798846322113,0.3335077918349891,-0.0147141048355953,-0.32483243304392084,0.0,0.0,0.0,inf,0.0
269,TrialState.COMPLETE,0.4300241670021027,0.619783218297086,0.06820917125809692,0.4300241670021027,103189.01787658819,3264.0178765881865,0.032755869355376,0.08278090573899617,0.43072975325152185,-0.06347682236368257,17454.19877896837,10.0,167.45419877896836,2.7041669582057177,0.15490442271964952,104405.33184806425,4555.331848064248,0.045749909919045706,0.3617198435571055,0.30497452733409314,-0.3569731755453921,0.0,0.0,0.0,inf,0.0,105580.00191476238,5655.0019147623825,0.056752267984305105,0.09041282948434289,0.6557039459550666,-0.07692673743222744,0.0,0.0,0.0,3.151115198749913,0.14864948730120414,94137.82318598832,-5862.1768140116765,-0.05877798846322113,0.3335077918349891,-0.0147141048355953,-0.32483243304392084,0.0,0.0,0.0,inf,0.0
270,TrialState.COMPLETE,0.5298313522987608,0.8261808783035544,0.07096676675373376,0.5298313522987608,103188.75070502482,3263.750705024824,0.03275318805231553,0.0639901479080536,0.5355890275140467,-0.02445806348354751,27387.1701164967,15.0,252.3871701164967,2.022603664279666,0.2064114080438835,104405.33184806425,4555.331848064248,0.045749909919045706,0.3617198435571055,0.30497452733409314,-0.3569731755453921,0.0,0.0,0.0,inf,0.0,105985.12627225186,6060.126272251859,0.060818326695428304,0.07118377489992883,0.8649231181081423,-0.04470439786692504,0.0,0.0,0.0,2.3638992022138168,0.19727066053742462,94137.82318598832,-5862.1768140116765,-0.05877798846322113,0.3335077918349891,-0.0147141048355953,-0.32483243304392084,0.0,0.0,0.0,inf,0.0
271,TrialState.COMPLETE,0.5535751141458399,0.8492789783347465,0.07679899545720843,0.5535751141458399,103284.0064292592,3359.0064292591996,0.0337091647458887,0.06296073846973028,0.5579999361094475,-0.020769933760221626,25263.69890235467,13.0,220.26369890235466,1.9700064902269363,0.21168047976132298,104405.33184806425,4555.331848064248,0.045749909919045706,0.3617198435571055,0.30497452733409314,-0.3569731755453921,0.0,0.0,0.0,inf,0.0,106030.46400977312,6105.464009773117,0.06127336470205802,0.06968671362129071,0.8881422571763636,-0.0413920831262512,0.0,0.0,0.0,2.2996075128758187,0.20268954765174513,94137.82318598832,-5862.1768140116765,-0.05877798846322113,0.3335077918349891,-0.0147141048355953,-0.32483243304392084,0.0,0.0,0.0,inf,0.0
272,TrialState.COMPLETE,0.6088563427270343,0.8056984483065316,0.06689010550464519,0.6088563427270343,103749.93373801492,3824.9337380149227,0.038385198360017636,0.06521882661911821,0.6100988718229964,-0.027789338065240088,21245.167037857274,13.0,216.24516703785727,2.0861035054509753,0.20200510751607648,104405.33184806425,4555.331848064248,0.045749909919045706,0.3617198435571055,0.30497452733409314,-0.3569731755453921,0.0,0.0,0.0,inf,0.0,105944.92266097038,6019.9226609703765,0.06041481845140728,0.07264407168531888,0.8437472784145685,-0.0476413252496074,0.0,0.0,0.0,2.423994142238998,0.19246183418403914,94137.82318598832,-5862.1768140116765,-0.05877798846322113,0.3335077918349891,-0.0147141048355953,-0.32483243304392084,0.0,0.0,0.0,inf,0.0
273,TrialState.COMPLETE,0.5771146689022169,0.8375749722867002,0.07266713594702999,0.5771146689022169,103454.8485912683,3529.8485912682954,0.03542372525468762,0.06342375890290416,0.5805158217987098,-0.0225464555432614,24076.01638755451,13.0,219.07601638755452,1.9991395881267553,0.20948194926376648,104405.33184806425,4555.331848064248,0.045749909919045706,0.3617198435571055,0.30497452733409314,-0.3569731755453921,0.0,0.0,0.0,inf,0.0,106007.49098803388,6082.490988033882,0.06104279296161752,0.07042485176813566,0.8764837430307667,-0.043070505573076456,0.0,0.0,0.0,2.3317414962556597,0.19994428178907478,94137.82318598832,-5862.1768140116765,-0.05877798846322113,0.3335077918349891,-0.0147141048355953,-0.32483243304392084,0.0,0.0,0.0,inf,0.0
274,TrialState.COMPLETE,0.6174948292825507,0.8295232416965499,0.06985417444262823,0.6174948292825507,103729.31592870419,3804.3159287041926,0.038178277372820535,0.06379108991096215,0.6191834625508418,-0.023685737949525443,22032.340541908532,13.0,217.03234054190852,2.0263641426023553,0.20783163628641796,104405.33184806425,4555.331848064248,0.045749909919045706,0.3617198435571055,0.30497452733409314,-0.3569731755453921,0.0,0.0,0.0,inf,0.0,105991.68677696906,6066.686776969058,0.06088417200779128,0.07095710196071965,0.868333421682062,-0.044225117945015824,0.0,0.0,0.0,2.354374441771841,0.19805505295227746,94137.82318598832,-5862.1768140116765,-0.05877798846322113,0.3335077918349891,-0.0147141048355953,-0.32483243304392084,0.0,0.0,0.0,inf,0.0
275,TrialState.COMPLETE,0.4050481245466209,0.8211114447117002,0.06339847683035604,0.4050481245466209,102430.64265799236,2505.6426579923573,0.025144979941591705,0.06438459110048328,0.4178715355924229,-0.027862119307037636,37454.403255888,23.0,382.454403255888,2.043650663734163,0.20226653758820962,104405.33184806425,4555.331848064248,0.045749909919045706,0.3617198435571055,0.30497452733409314,-0.3569731755453921,0.0,0.0,0.0,inf,0.0,105975.17581532028,6050.175815320283,0.060718457732162445,0.07153389114252277,0.8597235606245381,-0.04543131782109244,0.0,0.0,0.0,2.3784936036201545,0.19608078449560648,94137.82318598832,-5862.1768140116765,-0.05877798846322113,0.3335077918349891,-0.0147141048355953,-0.32483243304392084,0.0,0.0,0.0,inf,0.0
276,TrialState.COMPLETE,0.5828313344382461,0.8499420329801571,0.06931384096050605,0.5828313344382461,103467.88143379896,3542.8814337989606,0.03555452230993583,0.062896946985769,0.5868569702664563,-0.023389010672476784,25327.877057273912,15.0,250.3278770572739,1.9701184995721284,0.21151804503191193,104405.33184806425,4555.331848064248,0.045749909919045706,0.3617198435571055,0.30497452733409314,-0.3569731755453921,0.0,0.0,0.0,inf,0.0,106031.76547601656,6106.765476016561,0.061286427042513525,0.06964618054380553,0.8887952455547048,-0.04129699452925195,0.0,0.0,0.0,2.2978135488348976,0.20284503985188043,94137.82318598832,-5862.1768140116765,-0.05877798846322113,0.3335077918349891,-0.0147141048355953,-0.32483243304392084,0.0,0.0,0.0,inf,0.0
277,TrialState.COMPLETE,0.5272676004297026,0.8341841042544765,0.06604956924907786,0.5272676004297026,103166.79581908125,3241.7958190812496,0.03253285140902418,0.06377328601464524,0.5338479354179664,-0.0257646813354121,28859.376927185178,17.0,283.85937692718517,2.018476037855145,0.2057355143731456,104405.33184806425,4555.331848064248,0.045749909919045706,0.3617198435571055,0.30497452733409314,-0.3569731755453921,0.0,0.0,0.0,inf,0.0,106000.83527675876,6075.835276758764,0.060975992069647544,0.07064660534213112,0.8730631445745461,-0.043556758830623044,0.0,0.0,0.0,2.341219772883969,0.19914872393486252,94137.82318598832,-5862.1768140116765,-0.05877798846322113,0.3335077918349891,-0.0147141048355953,-0.32483243304392084,0.0,0.0,0.0,inf,0.0
278,TrialState.COMPLETE,0.4079680470092372,0.5648513803782265,0.07340066032777638,0.4079680470092372,103210.2238468622,3285.2238468621945,0.03296869009321601,0.08955293646274304,0.4069821262350227,-0.07484825702696962,14244.015467244524,8.0,134.24401546724454,2.9384002027578466,0.14001318216418868,104405.33184806425,4555.331848064248,0.045749909919045706,0.3617198435571055,0.30497452733409314,-0.3569731755453921,0.0,0.0,0.0,inf,0.0,105472.17983217731,5547.179832177309,0.055670111389622745,0.09681416248581633,0.607963700871023,-0.08589219745011123,0.0,0.0,0.0,3.457561381541356,0.13564423078254895,94137.82318598832,-5862.1768140116765,-0.05877798846322113,0.3335077918349891,-0.0147141048355953,-0.32483243304392084,0.0,0.0,0.0,inf,0.0
279,TrialState.COMPLETE,0.5669316462777455,0.8118744887397558,0.071151372998106,0.5669316462777455,103459.22838676731,3534.2283867673104,0.035467680691630754,0.06482577007282245,0.5700045112417572,-0.02685813043757712,23442.684904030775,13.0,218.44268490403078,2.0617301450056518,0.20316388158524884,104405.33184806425,4555.331848064248,0.045749909919045706,0.3617198435571055,0.30497452733409314,-0.3569731755453921,0.0,0.0,0.0,inf,0.0,105957.04520350421,6032.045203504211,0.060536487722259835,0.07219107727898326,0.8501758408383713,-0.046755786552996725,0.0,0.0,0.0,2.4055544867996392,0.19391219157617737,94137.82318598832,-5862.1768140116765,-0.05877798846322113,0.3335077918349891,-0.0147141048355953,-0.32483243304392084,0.0,0.0,0.0,inf,0.0
280,TrialState.COMPLETE,0.5866298237560995,0.8365673378091413,0.06791154387736126,0.5866298237560995,103519.75312655384,3594.753126553842,0.036075104868382946,0.06345309908190382,0.5901877618902847,-0.02539228842794028,24654.120461638387,15.0,249.6541204616384,2.0003005168438146,0.20857171267044539,104405.33184806425,4555.331848064248,0.045749909919045706,0.3617198435571055,0.30497452733409314,-0.3569731755453921,0.0,0.0,0.0,inf,0.0,106005.51316875881,6080.513168758815,0.06102294232593386,0.07049038191361263,0.8754691434229429,-0.043215001977270795,0.0,0.0,0.0,2.33455004856005,0.19970788241906365,94137.82318598832,-5862.1768140116765,-0.05877798846322113,0.3335077918349891,-0.0147141048355953,-0.32483243304392084,0.0,0.0,0.0,inf,0.0
281,TrialState.COMPLETE,0.5752947428223599,0.8493431793914484,0.07537855925154814,0.5752947428223599,103417.7781722293,3492.7781722293003,0.03505168834793726,0.06290611331017822,0.5790598768113296,-0.020571976585038287,24616.87839511785,13.0,219.61687839511785,1.9724377616378355,0.21218650828093652,104405.33184806425,4555.331848064248,0.045749909919045706,0.3617198435571055,0.30497452733409314,-0.3569731755453921,0.0,0.0,0.0,inf,0.0,106030.5900257942,6105.590025794198,0.06127462947873075,0.06968278287513827,0.8882055208457325,-0.041382876072163066,0.0,0.0,0.0,2.2994336876943033,0.2027046035210426,94137.82318598832,-5862.1768140116765,-0.05877798846322113,0.3335077918349891,-0.0147141048355953,-0.32483243304392084,0.0,0.0,0.0,inf,0.0
282,TrialState.COMPLETE,0.5295925192846183,0.8249188068191959,0.07080435501217554,0.5295925192846183,103190.20149389401,3265.201493894012,0.03276774800266069,0.06405583913760117,0.5353255943954212,-0.02466979734491004,27345.333555824567,15.0,252.34533355582457,2.0256981147731503,0.20609927141745496,104405.33184806425,4555.331848064248,0.045749909919045706,0.3617198435571055,0.30497452733409314,-0.3569731755453921,0.0,0.0,0.0,inf,0.0,105982.64903535317,6057.64903535317,0.06079346360557225,0.07127023018935613,0.8636316039336301,-0.04488537133807202,0.0,0.0,0.0,2.367515812418784,0.19697445178601872,94137.82318598832,-5862.1768140116765,-0.05877798846322113,0.3335077918349891,-0.0147141048355953,-0.32483243304392084,0.0,0.0,0.0,inf,0.0
283,TrialState.COMPLETE,0.5420400434679807,0.8376823055054379,0.06621654111358051,0.5420400434679807,103251.60129817204,3326.6012981720414,0.03338394989685378,0.06358827646124325,0.5481712551343257,-0.025198065148456683,28387.62303504685,17.0,283.38762303504683,2.0060782691060264,0.2072682987691201,104405.33184806425,4555.331848064248,0.045749909919045706,0.3617198435571055,0.30497452733409314,-0.3569731755453921,0.0,0.0,0.0,inf,0.0,106007.70166533193,6082.70166533193,0.06104490745127866,0.07041788981642261,0.8765917230553617,-0.04305511377739091,0.0,0.0,0.0,2.3314427274761202,0.19996946257205586,94137.82318598832,-5862.1768140116765,-0.05877798846322113,0.3335077918349891,-0.0147141048355953,-0.32483243304392084,0.0,0.0,0.0,inf,0.0
284,TrialState.COMPLETE,0.5251015826994989,0.804409100157831,0.06876651930912103,0.5251015826994989,103213.7780143219,3288.778014321899,0.03300435933073165,0.06522039344074973,0.530434885722982,-0.028110475312116967,26665.45480272679,15.0,251.6654548027268,2.0773465534970854,0.2010252835583705,104405.33184806425,4555.331848064248,0.045749909919045706,0.3617198435571055,0.30497452733409314,-0.3569731755453921,0.0,0.0,0.0,inf,0.0,105942.39188450552,6017.391884505516,0.06038941803166753,0.07273999238429506,0.8424013564185486,-0.04782619256912002,0.0,0.0,0.0,2.42787944433111,0.19215900941279174,94137.82318598832,-5862.1768140116765,-0.05877798846322113,0.3335077918349891,-0.0147141048355953,-0.32483243304392084,0.0,0.0,0.0,inf,0.0
285,TrialState.COMPLETE,0.5698711582683198,0.826266483665838,0.07327348311569795,0.5698711582683198,103438.17451412526,3513.1745141252613,0.035256384989207135,0.06401110485121413,0.5732500283601762,-0.02444370168992549,23948.036605106052,13.0,218.94803660510604,2.0275257350251583,0.20648307571295865,104405.33184806425,4555.331848064248,0.045749909919045706,0.3617198435571055,0.30497452733409314,-0.3569731755453921,0.0,0.0,0.0,inf,0.0,105985.29430137307,6060.294301373069,0.06082001314022678,0.07117792780067353,0.8650106470153817,-0.04469212253398125,0.0,0.0,0.0,2.3636542903704734,0.1972907516912548,94137.82318598832,-5862.1768140116765,-0.05877798846322113,0.3335077918349891,-0.0147141048355953,-0.32483243304392084,0.0,0.0,0.0,inf,0.0
286,TrialState.COMPLETE,0.4093746561419499,0.8373290196176084,0.06422284061364014,0.4093746561419499,102430.228733395,2505.2287333949935,0.0251408259261634,0.06354424711187057,0.42248661417043293,-0.025182994138666204,38028.27247509752,23.0,383.02827247509754,2.0034295916722864,0.20643154799417898,104405.33184806425,4555.331848064248,0.045749909919045706,0.3617198435571055,0.30497452733409314,-0.3569731755453921,0.0,0.0,0.0,inf,0.0,106007.00822375735,6082.0082237573515,0.06103794763622261,0.07044081829985172,0.8762362388413971,-0.04310577564317741,0.0,0.0,0.0,2.332426409869304,0.19988658000776693,94137.82318598832,-5862.1768140116765,-0.05877798846322113,0.3335077918349891,-0.0147141048355953,-0.32483243304392084,0.0,0.0,0.0,inf,0.0
287,TrialState.COMPLETE,0.46142173562616906,0.8167150173774808,0.060199630678596766,0.46142173562616906,102801.31880777348,2876.3188077734812,0.028864986214274024,0.06470584591923516,0.47209088403100563,-0.029729487244814612,35010.768380049994,23.0,380.01076838004997,2.0433973401265,0.20162938050075224,104405.33184806425,4555.331848064248,0.045749909919045706,0.3617198435571055,0.30497452733409314,-0.3569731755453921,0.0,0.0,0.0,inf,0.0,105966.54635799507,6041.546357995074,0.06063184716191494,0.0718436155364285,0.8551902133121435,-0.046061719816887225,0.0,0.0,0.0,2.3912971814541937,0.19504870580488634,94137.82318598832,-5862.1768140116765,-0.05877798846322113,0.3335077918349891,-0.0147141048355953,-0.32483243304392084,0.0,0.0,0.0,inf,0.0
288,TrialState.COMPLETE,0.6238384165828309,0.8491081888248536,0.07113736263369803,0.6238384165828309,103718.94754508378,3793.947545083778,0.038074219989141955,0.06286080861020939,0.625813674875165,-0.020394817812355415,22552.52153616681,13.0,217.5525215361668,1.9796254170572838,0.2126841988133309,104405.33184806425,4555.331848064248,0.045749909919045706,0.3617198435571055,0.30497452733409314,-0.3569731755453921,0.0,0.0,0.0,inf,0.0,106030.12877830578,6105.128778305778,0.06127000010655892,0.06969717665084843,0.8879739225663819,-0.0414165759848516,0.0,0.0,0.0,2.3000700556297797,0.20264949543403246,94137.82318598832,-5862.1768140116765,-0.05877798846322113,0.3335077918349891,-0.0147141048355953,-0.32483243304392084,0.0,0.0,0.0,inf,0.0
289,TrialState.COMPLETE,0.6125871306682932,0.8497092905543231,0.07889173912819214,0.6125871306682932,103636.50437410538,3711.5043741053814,0.03724681907102534,0.06273356886359382,0.6142465702434332,-0.02087440401751217,21569.15038502255,11.0,186.56915038502254,1.9652700856439882,0.2136001215975375,104405.33184806425,4555.331848064248,0.045749909919045706,0.3617198435571055,0.30497452733409314,-0.3569731755453921,0.0,0.0,0.0,inf,0.0,106031.30864125543,6106.308641255426,0.06128184195912989,0.06966039243049198,0.8885661338628448,-0.04133037212917112,0.0,0.0,0.0,2.298442939033893,0.20279046008189408,94137.82318598832,-5862.1768140116765,-0.05877798846322113,0.3335077918349891,-0.0147141048355953,-0.32483243304392084,0.0,0.0,0.0,inf,0.0
290,TrialState.COMPLETE,0.524484234073897,0.836395113168882,0.07205296230866799,0.524484234073897,103129.9972446845,3204.997244684506,0.032163545549806605,0.06344652046242355,0.530630900590851,-0.022744407319368554,27869.367074661935,15.0,252.86936707466194,1.9950845002734288,0.20920254103560185,104405.33184806425,4555.331848064248,0.045749909919045706,0.3617198435571055,0.30497452733409314,-0.3569731755453921,0.0,0.0,0.0,inf,0.0,106005.17512036859,6080.175120368585,0.0610195494602046,0.070501613378409,0.875295568015016,-0.04323969920045112,0.0,0.0,0.0,2.3350307628013818,0.19966747628669376,94137.82318598832,-5862.1768140116765,-0.05877798846322113,0.3335077918349891,-0.0147141048355953,-0.32483243304392084,0.0,0.0,0.0,inf,0.0
291,TrialState.COMPLETE,0.5696825846055428,0.8255735555027945,0.07353867075108021,0.5696825846055428,103438.78695881355,3513.786958813551,0.0352625314544055,0.06404794693168579,0.5730498562802884,-0.02455995232050201,23927.953170353067,13.0,218.92795317035308,2.0292274969986734,0.20631176230958298,104405.33184806425,4555.331848064248,0.045749909919045706,0.3617198435571055,0.30497452733409314,-0.3569731755453921,0.0,0.0,0.0,inf,0.0,105983.93419837189,6058.934198371891,0.06080636230054082,0.07122531925062264,0.864301879368858,-0.044791484440494744,0.0,0.0,0.0,2.3656381749251314,0.19712812319817524,94137.82318598832,-5862.1768140116765,-0.05877798846322113,0.3335077918349891,-0.0147141048355953,-0.32483243304392084,0.0,0.0,0.0,inf,0.0
292,TrialState.COMPLETE,0.5527030699853157,0.8497635812032861,0.0770037246896271,0.5527030699853157,103277.88095273441,3352.880952734413,0.033647690017881926,0.06294584870990469,0.5571722976233083,-0.020688731459714393,25321.65697098428,13.0,220.3216569709843,1.968931090280412,0.211772109073004,104405.33184806425,4555.331848064248,0.045749909919045706,0.3617198435571055,0.30497452733409314,-0.3569731755453921,0.0,0.0,0.0,inf,0.0,106031.41520479057,6106.415204790566,0.061282911498345305,0.06965707576164555,0.8886195870258763,-0.041322586308391585,0.0,0.0,0.0,2.2982960935329504,0.20280319166708544,94137.82318598832,-5862.1768140116765,-0.05877798846322113,0.3335077918349891,-0.0147141048355953,-0.32483243304392084,0.0,0.0,0.0,inf,0.0
293,TrialState.COMPLETE,0.526986651753205,0.8378043839228135,0.06699088814206088,0.526986651753205,103153.6121873183,3228.6121873183,0.0324005420990372,0.06352550229378262,0.5336645846182946,-0.02518804595007229,28988.160458780072,17.0,283.98816045878004,2.0026871897030776,0.2069923533884214,104405.33184806425,4555.331848064248,0.045749909919045706,0.3617198435571055,0.30497452733409314,-0.3569731755453921,0.0,0.0,0.0,inf,0.0,106007.94128500746,6082.941285007459,0.061047312424829414,0.07040997573921802,0.8767145147132908,-0.043037607481827944,0.0,0.0,0.0,2.331103007556012,0.19999810252345418,94137.82318598832,-5862.1768140116765,-0.05877798846322113,0.3335077918349891,-0.0147141048355953,-0.32483243304392084,0.0,0.0,0.0,inf,0.0
294,TrialState.COMPLETE,0.320149554119748,0.6542246899985649,0.11723009064858109,0.320149554119748,102223.91555871557,2298.915558715569,0.023070338357565,0.08061648544870262,0.32322805234271706,-0.05995756019871712,17477.21120231606,6.0,107.47721120231606,2.6001312039014106,0.15629441431196875,104405.33184806425,4555.331848064248,0.045749909919045706,0.3617198435571055,0.30497452733409314,-0.3569731755453921,0.0,0.0,0.0,inf,0.0,105647.6048085822,5722.604808582197,0.05743076614166198,0.08661893498819527,0.6879517454876157,-0.0713032017123496,0.0,0.0,0.0,2.9852256403077155,0.1567890887628923,94137.82318598832,-5862.1768140116765,-0.05877798846322113,0.3335077918349891,-0.0147141048355953,-0.32483243304392084,0.0,0.0,0.0,inf,0.0
295,TrialState.COMPLETE,0.520724886005464,0.8144470147493091,0.07045975704472555,0.520724886005464,103156.46089275942,3231.4608927594236,0.032429131353210794,0.06457825301979325,0.5264387604763401,-0.026426570279743378,27138.038541274895,15.0,252.1380385412749,2.0488489688937035,0.20376668785709753,104405.33184806425,4555.331848064248,0.045749909919045706,0.3617198435571055,0.30497452733409314,-0.3569731755453921,0.0,0.0,0.0,inf,0.0,105962.09464518254,6037.094645182544,0.06058716702672684,0.07200558054653931,0.852843604615913,-0.0463869228329028,0.0,0.0,0.0,2.3979562620255024,0.1945162220783039,94137.82318598832,-5862.1768140116765,-0.05877798846322113,0.3335077918349891,-0.0147141048355953,-0.32483243304392084,0.0,0.0,0.0,inf,0.0
296,TrialState.COMPLETE,0.3150279469805045,0.8494346953117805,0.040777742904960564,0.3150279469805045,101891.8298953471,1966.8298953470949,0.01973766577216618,0.06307824322894491,0.3413692131162099,-0.024262018528371287,60779.805546401054,55.0,885.7798055464011,1.9698242937211945,0.2062179343470373,104405.33184806425,4555.331848064248,0.045749909919045706,0.3617198435571055,0.30497452733409314,-0.3569731755453921,0.0,0.0,0.0,inf,0.0,106030.76965635984,6105.769656359844,0.061276432364967715,0.0696771820144909,0.8882956867728441,-0.04136975179705049,0.0,0.0,0.0,2.2991859525931435,0.20272606497662807,94137.82318598832,-5862.1768140116765,-0.05877798846322113,0.3335077918349891,-0.0147141048355953,-0.32483243304392084,0.0,0.0,0.0,inf,0.0
297,TrialState.COMPLETE,0.6175642643848585,0.8277293759206812,0.06836307409697435,0.6175642643848585,103738.4893213409,3813.489321340894,0.0382703418178878,0.06395741175273319,0.6191265512689885,-0.02409055500211399,21826.092492219672,13.0,216.8260924922197,2.0305795665149016,0.20746990370908738,104405.33184806425,4555.331848064248,0.045749909919045706,0.3617198435571055,0.30497452733409314,-0.3569731755453921,0.0,0.0,0.0,inf,0.0,105988.16571612071,6063.165716120711,0.06084883244619732,0.07107834456584916,0.8665049380560469,-0.04448235117058241,0.0,0.0,0.0,2.359476872418303,0.19763407614909098,94137.82318598832,-5862.1768140116765,-0.05877798846322113,0.3335077918349891,-0.0147141048355953,-0.32483243304392084,0.0,0.0,0.0,inf,0.0
298,TrialState.COMPLETE,0.5517341200933351,0.8387005997333185,0.07543786286870865,0.5517341200933351,103295.02306095381,3370.023060953812,0.03381972668970401,0.06343675304098477,0.5559736481516551,-0.02254245067441385,24949.021418654782,13.0,219.94902141865478,1.994853824910514,0.20907121247581786,104405.33184806425,4555.331848064248,0.045749909919045706,0.3617198435571055,0.30497452733409314,-0.3569731755453921,0.0,0.0,0.0,inf,0.0,106009.70040792796,6084.700407927958,0.06106496808768802,0.07035201602697944,0.8776152311890222,-0.04290908799396009,0.0,0.0,0.0,2.3286120454988115,0.20020835372462562,94137.82318598832,-5862.1768140116765,-0.05877798846322113,0.3335077918349891,-0.0147141048355953,-0.32483243304392084,0.0,0.0,0.0,inf,0.0
299,TrialState.COMPLETE,0.5635504164630708,0.8052313003475555,0.07142208559108193,0.5635504164630708,103456.7664648924,3531.7664648923965,0.035442972950250784,0.06522125496070713,0.5665771940136486,-0.027972550484531622,23338.364846587672,13.0,218.33836484658767,2.0804911072112384,0.2012810547751311,104405.33184806425,4555.331848064248,0.045749909919045706,0.3617198435571055,0.30497452733409314,-0.3569731755453921,0.0,0.0,0.0,inf,0.0,105944.005727044,6019.005727044001,0.0604056155417807,0.07267877148921921,0.843259776478187,-0.04770830526170067,0.0,0.0,0.0,2.4254004014289077,0.19235211831634838,94137.82318598832,-5862.1768140116765,-0.05877798846322113,0.3335077918349891,-0.0147141048355953,-0.32483243304392084,0.0,0.0,0.0,inf,0.0
300,TrialState.COMPLETE,0.4033924868282795,0.84998501958604,0.06526968999022853,0.4033924868282795,102374.80826343303,2449.808263433035,0.024584644157002122,0.06299284109826632,0.4170158224598856,-0.023092098047952647,38771.450440831686,23.0,383.7714504408317,1.9742288514708592,0.209346840379017,104405.33184806425,4555.331848064248,0.045749909919045706,0.3617198435571055,0.30497452733409314,-0.3569731755453921,0.0,0.0,0.0,inf,0.0,106031.8498515909,6106.849851590901,0.06128727388929378,0.06964355754145525,0.8888375500204282,-0.0412908298145922,0.0,0.0,0.0,2.297697340662824,0.20285512047288803,94137.82318598832,-5862.1768140116765,-0.05877798846322113,0.3335077918349891,-0.0147141048355953,-0.32483243304392084,0.0,0.0,0.0,inf,0.0
301,TrialState.COMPLETE,0.6159239580990946,0.8252006147244898,0.06937082843892253,0.6159239580990946,103731.60435227775,3806.6043522777472,0.03820124405870384,0.06401936877200017,0.6175493298701485,-0.024412042515253307,21917.53051043878,13.0,216.91753051043878,2.0369787933208996,0.2067602555998916,104405.33184806425,4555.331848064248,0.045749909919045706,0.3617198435571055,0.30497452733409314,-0.3569731755453921,0.0,0.0,0.0,inf,0.0,105983.20217750884,6058.202177508836,0.06079901528405074,0.07125088469095213,0.86392016084961,-0.04484496186819753,0.0,0.0,0.0,2.366707300331005,0.19704059334003782,94137.82318598832,-5862.1768140116765,-0.05877798846322113,0.3335077918349891,-0.0147141048355953,-0.32483243304392084,0.0,0.0,0.0,inf,0.0
302,TrialState.COMPLETE,0.2874740315368507,0.8389401677055183,0.03377878230706837,0.2874740315368507,101746.81183165382,1821.8118316538166,0.01828233459731088,0.06344512666596544,0.3172539702234549,-0.024948385644121607,66438.16833519345,71.0,1131.4381683351935,1.9883507912186154,0.20398362442290174,104405.33184806425,4555.331848064248,0.045749909919045706,0.3617198435571055,0.30497452733409314,-0.3569731755453921,0.0,0.0,0.0,inf,0.0,106010.17064010407,6085.170640104072,0.06106968763338316,0.0703365645723616,0.8778557813542621,-0.04287473328462177,0.0,0.0,0.0,2.327947086438255,0.20026455501364268,94137.82318598832,-5862.1768140116765,-0.05877798846322113,0.3335077918349891,-0.0147141048355953,-0.32483243304392084,0.0,0.0,0.0,inf,0.0
303,TrialState.COMPLETE,0.44212446547542733,0.8185646930341044,0.11119493689900437,0.44212446547542733,102650.98447393178,2725.9844739317778,0.027356266771345172,0.06528969043290901,0.445982427846311,-0.02985078244032835,21111.834458522862,8.0,141.11183445852285,2.0334361866729407,0.201444362887819,104405.33184806425,4555.331848064248,0.045749909919045706,0.3617198435571055,0.30497452733409314,-0.3569731755453921,0.0,0.0,0.0,inf,0.0,105970.17696437865,6045.176964378654,0.060668286170418195,0.07171262341899433,0.8571000624486539,-0.045796497104318545,0.0,0.0,0.0,2.3858936694020265,0.1954829435110203,94137.82318598832,-5862.1768140116765,-0.05877798846322113,0.3335077918349891,-0.0147141048355953,-0.32483243304392084,0.0,0.0,0.0,inf,0.0
304,TrialState.COMPLETE,0.4699371327974257,0.849672399817409,0.06175815083304523,0.4699371327974257,102793.58812019411,2868.5881201941083,0.02878740273353597,0.06310603290347143,0.4812411534824847,-0.024318963678402805,36239.26420846896,23.0,381.23926420846897,1.9661394171745257,0.20952767184053409,104405.33184806425,4555.331848064248,0.045749909919045706,0.3617198435571055,0.30497452733409314,-0.3569731755453921,0.0,0.0,0.0,inf,0.0,106031.2362308604,6106.236230860406,0.061281115202488357,0.06966264665413238,0.8885298089291154,-0.041335662627832725,0.0,0.0,0.0,2.2985427319114704,0.2027818088999915,94137.82318598832,-5862.1768140116765,-0.05877798846322113,0.3335077918349891,-0.0147141048355953,-0.32483243304392084,0.0,0.0,0.0,inf,0.0
305,TrialState.COMPLETE,0.3408987714074702,0.4616952772412225,0.07374950573425462,0.3408987714074702,103258.96550330885,3333.9655033088493,0.0334578563426462,0.10493843590045247,0.366095534521922,-0.09393664638795662,11173.521804790595,6.0,101.1735218047906,3.7125764439720936,0.11181794123501905,104405.33184806425,4555.331848064248,0.045749909919045706,0.3617198435571055,0.30497452733409314,-0.3569731755453921,0.0,0.0,0.0,inf,0.0,105269.70151918095,5344.701519180948,0.05363794552260637,0.10976179234252115,0.5308919152621459,-0.10271205201722511,0.0,0.0,0.0,4.23008078136717,0.11114137538398336,94137.82318598832,-5862.1768140116765,-0.05877798846322113,0.3335077918349891,-0.0147141048355953,-0.32483243304392084,0.0,0.0,0.0,inf,0.0
306,TrialState.COMPLETE,0.5254544476590796,0.8289064315984462,0.06619833792233476,0.5254544476590796,103163.75331590183,3238.753315901835,0.03250231721648156,0.06396838985305027,0.5319526936152468,-0.02665711628700418,28680.28994069372,17.0,283.68028994069374,2.024185171206534,0.20481023198010753,104405.33184806425,4555.331848064248,0.045749909919045706,0.3617198435571055,0.30497452733409314,-0.3569731755453921,0.0,0.0,0.0,inf,0.0,105990.47608109863,6065.476081098634,0.060872020708961694,0.07099868200604224,0.8677051998523159,-0.044313566302495055,0.0,0.0,0.0,2.3561263909364794,0.1979103054884336,94137.82318598832,-5862.1768140116765,-0.05877798846322113,0.3335077918349891,-0.0147141048355953,-0.32483243304392084,0.0,0.0,0.0,inf,0.0
307,TrialState.COMPLETE,0.6213080840498804,0.8368588112588318,0.07128800667933559,0.6213080840498804,103733.750021853,3808.750021853004,0.03822277806255103,0.06342083755077818,0.623102104030219,-0.02245315396264491,22264.899193565685,13.0,217.2648991935657,2.00889810089406,0.20965215312440635,104405.33184806425,4555.331848064248,0.045749909919045706,0.3617198435571055,0.30497452733409314,-0.3569731755453921,0.0,0.0,0.0,inf,0.0,106006.08528277432,6081.085282774322,0.0610286844211938,0.07047139440294443,0.87576279675334,-0.043173204284917666,0.0,0.0,0.0,2.333736937259823,0.1997762653289159,94137.82318598832,-5862.1768140116765,-0.05877798846322113,0.3335077918349891,-0.0147141048355953,-0.32483243304392084,0.0,0.0,0.0,inf,0.0
308,TrialState.COMPLETE,0.6134460240994238,0.8110825979762468,0.06776346382049374,0.6134460240994238,103756.45358750348,3831.453587503478,0.038450631799476165,0.06478171006564888,0.6147482727582696,-0.026792777296704373,21397.019179071296,13.0,216.3970191790713,2.0706434362646533,0.20352292292663496,104405.33184806425,4555.331848064248,0.045749909919045706,0.3617198435571055,0.30497452733409314,-0.3569731755453921,0.0,0.0,0.0,inf,0.0,105955.49085333986,6030.490853339856,0.0605208873086891,0.07224855775137003,0.8493533963784806,-0.04686933156965989,0.0,0.0,0.0,2.4079031210620028,0.19372624437511513,94137.82318598832,-5862.1768140116765,-0.05877798846322113,0.3335077918349891,-0.0147141048355953,-0.32483243304392084,0.0,0.0,0.0,inf,0.0
309,TrialState.COMPLETE,0.6167945403561363,0.8275763621856338,0.06980389999907703,0.6167945403561363,103730.34661791139,3805.3466179113893,0.0381886213996625,0.06389289507701783,0.6184546811097115,-0.024012861994085477,21980.630945091405,13.0,216.9806309450914,2.0311311792302127,0.20734911069304643,104405.33184806425,4555.331848064248,0.045749909919045706,0.3617198435571055,0.30497452733409314,-0.3569731755453921,0.0,0.0,0.0,inf,0.0,105987.8653755495,6062.865375549503,0.06084581804115108,0.07108873082160701,0.8663487716305104,-0.04450429263386568,0.0,0.0,0.0,2.3599131250537124,0.19759816634066343,94137.82318598832,-5862.1768140116765,-0.05877798846322113,0.3335077918349891,-0.0147141048355953,-0.32483243304392084,0.0,0.0,0.0,inf,0.0
310,TrialState.COMPLETE,0.5233577706487382,0.798796303849596,0.08133705804589496,0.5233577706487382,103231.82044647788,3306.820446477883,0.033185431266759435,0.06623771561641649,0.5259511016963542,-0.031169779428173894,21436.5047191731,10.0,171.43650471917312,2.1092266046900714,0.19835184485093063,104405.33184806425,4555.331848064248,0.045749909919045706,0.3617198435571055,0.30497452733409314,-0.3569731755453921,0.0,0.0,0.0,inf,0.0,105931.37489672552,6006.374896725523,0.0602788448267213,0.07316291959385798,0.8365288068360475,-0.04863094503930354,0.0,0.0,0.0,2.444939103616347,0.19084059270624656,94137.82318598832,-5862.1768140116765,-0.05877798846322113,0.3335077918349891,-0.0147141048355953,-0.32483243304392084,0.0,0.0,0.0,inf,0.0
311,TrialState.COMPLETE,0.49354840849268883,0.8389205299703816,0.0637595550180303,0.49354840849268883,102958.08677881127,3033.0867788112664,0.030438278558233334,0.06363061429372423,0.5029927586705838,-0.026155709215938683,33411.01759970729,21.0,348.4110175997073,2.0114159419629685,0.20529146640316415,104405.33184806425,4555.331848064248,0.045749909919045706,0.3617198435571055,0.30497452733409314,-0.3569731755453921,0.0,0.0,0.0,inf,0.0,106010.13209448865,6085.132094488654,0.061069300765355994,0.07033783048657273,0.87783606663585,-0.042877549391543646,0.0,0.0,0.0,2.3280015798099902,0.20025994812941258,94137.82318598832,-5862.1768140116765,-0.05877798846322113,0.3335077918349891,-0.0147141048355953,-0.32483243304392084,0.0,0.0,0.0,inf,0.0
312,TrialState.COMPLETE,0.5248186198309781,0.8388719273749841,0.07237280403081989,0.5248186198309781,103127.01085660473,3202.0108566047275,0.03213357455094412,0.06333240891664985,0.5310141263614498,-0.022328856658279994,27951.896543329043,15.0,252.95189654332904,1.989193906642391,0.20981577112733688,104405.33184806425,4555.331848064248,0.045749909919045706,0.3617198435571055,0.30497452733409314,-0.3569731755453921,0.0,0.0,0.0,inf,0.0,106010.03669565884,6085.0366956588405,0.06106834328273103,0.07034096408272192,0.8777872707978212,-0.042884519140488186,0.0,0.0,0.0,2.3281364596589587,0.20024854626521005,94137.82318598832,-5862.1768140116765,-0.05877798846322113,0.3335077918349891,-0.0147141048355953,-0.32483243304392084,0.0,0.0,0.0,inf,0.0
313,TrialState.COMPLETE,0.41213347115399324,0.537954913241318,0.07559349355785162,0.41213347115399324,103397.29283072666,3472.2928307266557,0.034846098622814514,0.09454976357793184,0.4095447511705178,-0.07988123846454476,12041.526291872633,6.0,102.04152629187263,3.176622056610674,0.13129180739367627,104405.33184806425,4555.331848064248,0.045749909919045706,0.3617198435571055,0.30497452733409314,-0.3569731755453921,0.0,0.0,0.0,inf,0.0,105419.38653031891,5494.386530318909,0.055140252394998424,0.10008477518338746,0.5863014387931513,-0.09027316810726838,0.0,0.0,0.0,3.630431233239791,0.12926576337231704,94137.82318598832,-5862.1768140116765,-0.05877798846322113,0.3335077918349891,-0.0147141048355953,-0.32483243304392084,0.0,0.0,0.0,inf,0.0
314,TrialState.COMPLETE,0.5265222616516613,0.8495069307253944,0.06814862732948856,0.5265222616516613,103127.32452654041,3202.324526540411,0.03213672250114352,0.06300918914386355,0.5334625149551242,-0.02325583954666599,29380.1076422133,17.0,284.3801076422133,1.9750988270936682,0.20983319842747158,104405.33184806425,4555.331848064248,0.045749909919045706,0.3617198435571055,0.30497452733409314,-0.3569731755453921,0.0,0.0,0.0,inf,0.0,106030.91144249024,6105.911442490236,0.061277855420466265,0.06967276300995857,0.8883668451518679,-0.04135939253064502,0.0,0.0,0.0,2.2989904478335546,0.20274300490190716,94137.82318598832,-5862.1768140116765,-0.05877798846322113,0.3335077918349891,-0.0147141048355953,-0.32483243304392084,0.0,0.0,0.0,inf,0.0
315,TrialState.COMPLETE,0.5218045460442099,0.8199943304265959,0.07076422933605882,0.5218045460442099,103149.77228552627,3224.772285526269,0.03236200532476374,0.0642720592841922,0.5276278074037954,-0.02549594986623782,27322.879622308465,15.0,252.32287962230848,2.0349883706141716,0.20514088512036036,104405.33184806425,4555.331848064248,0.045749909919045706,0.3617198435571055,0.30497452733409314,-0.3569731755453921,0.0,0.0,0.0,inf,0.0,105972.9831053496,6047.983105349602,0.06069645033706972,0.07161205808765377,0.8585736754186225,-0.04559150161180314,0.0,0.0,0.0,2.3817339299041795,0.19581855230083986,94137.82318598832,-5862.1768140116765,-0.05877798846322113,0.3335077918349891,-0.0147141048355953,-0.32483243304392084,0.0,0.0,0.0,inf,0.0
316,TrialState.COMPLETE,0.4033995450508347,0.8499103395324978,0.06558027445112109,0.4033995450508347,102374.95267629488,2449.952676294881,0.02458609343632956,0.0629959494682289,0.41702081171788236,-0.02310443628746406,38768.04396433139,23.0,383.7680439643314,1.9744023233177994,0.20932853268534726,104405.33184806425,4555.331848064248,0.045749909919045706,0.3617198435571055,0.30497452733409314,-0.3569731755453921,0.0,0.0,0.0,inf,0.0,106031.70326703813,6106.70326703813,0.06128580267375039,0.06964811482311144,0.8887640527294225,-0.04130153968986139,0.0,0.0,0.0,2.297899235089145,0.20283760753595986,94137.82318598832,-5862.1768140116765,-0.05877798846322113,0.3335077918349891,-0.0147141048355953,-0.32483243304392084,0.0,0.0,0.0,inf,0.0
317,TrialState.COMPLETE,0.5703200277689564,0.8279373891790341,0.07374903212114256,0.5703200277689564,103436.69768397027,3511.6976839702693,0.03524156359378483,0.06392312839278726,0.5737268659245425,-0.024163376992675456,23996.465177709113,13.0,218.99646517770913,2.023433874972601,0.20689616213106943,104405.33184806425,4555.331848064248,0.045749909919045706,0.3617198435571055,0.30497452733409314,-0.3569731755453921,0.0,0.0,0.0,inf,0.0,105988.57401162971,6063.574011629709,0.06085293035427908,0.07106423624878519,0.866717187370868,-0.044452523004726796,0.0,0.0,0.0,2.3588840709834904,0.197682893140243,94137.82318598832,-5862.1768140116765,-0.05877798846322113,0.3335077918349891,-0.0147141048355953,-0.32483243304392084,0.0,0.0,0.0,inf,0.0
318,TrialState.COMPLETE,0.3279308154625401,0.43024867675126927,0.06788467429563962,0.3279308154625401,103352.06859447242,3427.0685944724246,0.03439223114971468,0.1093130128153219,0.3640029403150241,-0.09970274672595525,10328.720934136114,6.0,100.32872093413611,3.981746192738943,0.10437253070827025,104405.33184806425,4555.331848064248,0.045749909919045706,0.3617198435571055,0.30497452733409314,-0.3569731755453921,0.0,0.0,0.0,inf,0.0,105207.97706058802,5282.9770605880185,0.05301845248250592,0.11390097481710927,0.5105047531205117,-0.1078535738127302,0.0,0.0,0.0,4.539254679068159,0.10365003374415174,94137.82318598832,-5862.1768140116765,-0.05877798846322113,0.3335077918349891,-0.0147141048355953,-0.32483243304392084,0.0,0.0,0.0,inf,0.0
319,TrialState.COMPLETE,0.5274166556067387,0.8143465383644566,0.07013769827812287,0.5274166556067387,103202.3546322741,3277.354632274102,0.03288971552470965,0.0646335457768177,0.5329436576711276,-0.026443426028267547,26994.872146838967,15.0,251.99487214683896,2.0519967766679423,0.20348410782215479,104405.33184806425,4555.331848064248,0.045749909919045706,0.3617198435571055,0.30497452733409314,-0.3569731755453921,0.0,0.0,0.0,inf,0.0,105961.8974267118,6036.897426711803,0.060585187620647796,0.07201279006503246,0.8527395272155909,-0.046401329802574165,0.0,0.0,0.0,2.398252128668132,0.19449263117654583,94137.82318598832,-5862.1768140116765,-0.05877798846322113,0.3335077918349891,-0.0147141048355953,-0.32483243304392084,0.0,0.0,0.0,inf,0.0
320,TrialState.COMPLETE,0.46141809567434133,0.8378343597551926,0.06261128350623431,0.46141809567434133,102758.15688253372,2833.1568825337163,0.02843182282803447,0.06358410402091592,0.47266423531040375,-0.026253367905838987,35946.298089962234,23.0,380.9462980899622,1.9930275966610638,0.20674276152133308,104405.33184806425,4555.331848064248,0.045749909919045706,0.3617198435571055,0.30497452733409314,-0.3569731755453921,0.0,0.0,0.0,inf,0.0,106008.00012259258,6083.000122592581,0.0610479029557871,0.07040803317013578,0.8767446620240569,-0.04303330888444601,0.0,0.0,0.0,2.331019605923936,0.20000513492267982,94137.82318598832,-5862.1768140116765,-0.05877798846322113,0.3335077918349891,-0.0147141048355953,-0.32483243304392084,0.0,0.0,0.0,inf,0.0
321,TrialState.COMPLETE,0.6240896796522281,0.8499806554266449,0.07171095402801897,0.6240896796522281,103718.48565624823,3793.485656248231,0.0380695844607275,0.06282340597290897,0.6260777064629464,-0.020248207600034873,22575.694462874442,13.0,217.57569446287442,1.9775934213296016,0.21290030779675487,104405.33184806425,4555.331848064248,0.045749909919045706,0.3617198435571055,0.30497452733409314,-0.3569731755453921,0.0,0.0,0.0,inf,0.0,106031.84128547009,6106.841285470087,0.06128718791427201,0.0696438238116682,0.8888332552789439,-0.041291455679305145,0.0,0.0,0.0,2.297709138010649,0.2028540970515822,94137.82318598832,-5862.1768140116765,-0.05877798846322113,0.3335077918349891,-0.0147141048355953,-0.32483243304392084,0.0,0.0,0.0,inf,0.0
322,TrialState.COMPLETE,0.6094876223547736,0.8383880999210014,0.07842541819040472,0.6094876223547736,103643.99178594798,3718.9917859479756,0.03732196277554811,0.06323930879850088,0.6109842992090402,-0.022769030132228973,21281.771553200764,11.0,186.28177155320077,1.9918081499219003,0.2107893819122802,104405.33184806425,4555.331848064248,0.045749909919045706,0.3617198435571055,0.30497452733409314,-0.3569731755453921,0.0,0.0,0.0,inf,0.0,106009.0870226517,6084.0870226517,0.0610588117675841,0.07037219788910944,0.8773013096532202,-0.042953901273737105,0.0,0.0,0.0,2.3294800096639117,0.20013504235288285,94137.82318598832,-5862.1768140116765,-0.05877798846322113,0.3335077918349891,-0.0147141048355953,-0.32483243304392084,0.0,0.0,0.0,inf,0.0
323,TrialState.COMPLETE,0.5733493018256756,0.8401895644041981,0.07479330929351655,0.5733493018256756,103425.86859657278,3500.868596572778,0.03513288341847187,0.06331576037966875,0.5769612201652674,-0.022107786493005377,24351.575237943704,13.0,219.3515752379437,1.993926883404243,0.20992460717939113,104405.33184806425,4555.331848064248,0.045749909919045706,0.3617198435571055,0.30497452733409314,-0.3569731755453921,0.0,0.0,0.0,inf,0.0,106012.62299850196,6087.62299850196,0.06109430104468494,0.07025626836709863,0.8791087693931153,-0.04269556573020483,0.0,0.0,0.0,2.3244853326534893,0.20055764900468848,94137.82318598832,-5862.1768140116765,-0.05877798846322113,0.3335077918349891,-0.0147141048355953,-0.32483243304392084,0.0,0.0,0.0,inf,0.0
324,TrialState.COMPLETE,0.5718728038460751,0.828970623931673,0.07235306101219499,0.5718728038460751,103444.29344812446,3519.2934481244592,0.035317794318646234,0.06387913520377493,0.575230457491486,-0.023990032047897403,23936.331786571624,13.0,218.93633178657163,2.019210402724443,0.20739640743563903,104405.33184806425,4555.331848064248,0.045749909919045706,0.3617198435571055,0.30497452733409314,-0.3569731755453921,0.0,0.0,0.0,inf,0.0,105990.60207999681,6065.60207999681,0.06087328531246761,0.07099434940177912,0.8677706040308347,-0.04430436136369009,0.0,0.0,0.0,2.3559439414671677,0.19792536971186317,94137.82318598832,-5862.1768140116765,-0.05877798846322113,0.3335077918349891,-0.0147141048355953,-0.32483243304392084,0.0,0.0,0.0,inf,0.0
325,TrialState.COMPLETE,0.5535914166619036,0.8493831735925608,0.0765187463921666,0.5535914166619036,103283.89791728173,3358.8979172817344,0.03370807572941681,0.06295630420781928,0.5580180637394095,-0.020752474335671622,25266.798422874577,13.0,220.2667984228746,1.969764826228253,0.21170617710085124,104405.33184806425,4555.331848064248,0.045749909919045706,0.3617198435571055,0.30497452733409314,-0.3569731755453921,0.0,0.0,0.0,inf,0.0,106030.66852777451,6105.668527774513,0.06127541737437192,0.06968033486642361,0.8882449270685786,-0.04137714051452335,0.0,0.0,0.0,2.299325416167142,0.20271398259422904,94137.82318598832,-5862.1768140116765,-0.05877798846322113,0.3335077918349891,-0.0147141048355953,-0.32483243304392084,0.0,0.0,0.0,inf,0.0
326,TrialState.COMPLETE,0.6253464828924509,0.849725112878027,0.0723102105887819,0.6253464828924509,103727.06640667736,3802.0664066773606,0.03815570110535438,0.06283111187513613,0.6273287704810493,-0.02029114930174858,22607.211307259604,13.0,217.6072113072596,1.978479923889985,0.21283959239546035,104405.33184806425,4555.331848064248,0.045749909919045706,0.3617198435571055,0.30497452733409314,-0.3569731755453921,0.0,0.0,0.0,inf,0.0,106031.33969785123,6106.339697851232,0.06128215366281964,0.06965942573291373,0.8885817127041299,-0.041328103050276455,0.0,0.0,0.0,2.2984001408305152,0.20279417054393986,94137.82318598832,-5862.1768140116765,-0.05877798846322113,0.3335077918349891,-0.0147141048355953,-0.32483243304392084,0.0,0.0,0.0,inf,0.0
327,TrialState.COMPLETE,0.533321985943901,0.8490470189329536,0.07293807282133391,0.533321985943901,103162.4653933642,3237.4653933641966,0.03248939178299559,0.06292425171786356,0.5395253644532064,-0.020621667931084664,28145.162584938953,15.0,253.14516258493896,1.968131840230297,0.21206485654768972,104405.33184806425,4555.331848064248,0.045749909919045706,0.3617198435571055,0.30497452733409314,-0.3569731755453921,0.0,0.0,0.0,inf,0.0,106030.0087119583,6105.008711958304,0.06126879504459648,0.06970092632724509,0.8879136182356887,-0.041425348331073586,0.0,0.0,0.0,2.3002357649880696,0.2026351502942886,94137.82318598832,-5862.1768140116765,-0.05877798846322113,0.3335077918349891,-0.0147141048355953,-0.32483243304392084,0.0,0.0,0.0,inf,0.0
328,TrialState.COMPLETE,0.6220055161887662,0.838955438935159,0.07145856049971232,0.6220055161887662,103732.66089360387,3807.6608936038683,0.03821184753880913,0.06331964385370055,0.623830215310036,-0.02210085332062106,22320.680650642826,13.0,217.32068065064283,2.003877677684692,0.21017164106923833,104405.33184806425,4555.331848064248,0.045749909919045706,0.3617198435571055,0.30497452733409314,-0.3569731755453921,0.0,0.0,0.0,inf,0.0,106010.2006149939,6085.200614993897,0.06106998848022105,0.0703355802197053,0.8778711120133471,-0.04287254334679824,0.0,0.0,0.0,2.3279047115838845,0.20026813754212058,94137.82318598832,-5862.1768140116765,-0.05877798846322113,0.3335077918349891,-0.0147141048355953,-0.32483243304392084,0.0,0.0,0.0,inf,0.0
329,TrialState.COMPLETE,0.54895127614817,0.8255248213869576,0.07407134715533031,0.54895127614817,103308.74470042264,3383.7447004226415,0.03395743589821154,0.06409993698616456,0.5529600134930172,-0.024750067985572888,24557.07848183641,13.0,219.5570784818364,2.026692663852088,0.20582027164306663,104405.33184806425,4555.331848064248,0.045749909919045706,0.3617198435571055,0.30497452733409314,-0.3569731755453921,0.0,0.0,0.0,inf,0.0,105983.8385413892,6058.838541389196,0.060805402227583016,0.0712286576807574,0.8642520082146871,-0.04479847261999936,0.0,0.0,0.0,2.3657778282485182,0.19711668527878634,94137.82318598832,-5862.1768140116765,-0.05877798846322113,0.3335077918349891,-0.0147141048355953,-0.32483243304392084,0.0,0.0,0.0,inf,0.0
330,TrialState.COMPLETE,0.5536067088434391,0.8494811240055304,0.07648375863888193,0.5536067088434391,103283.79590886753,3358.795908867527,0.0337070519821252,0.0629521402688619,0.5580350716483571,-0.02073606131767758,25269.712176545334,13.0,220.26971217654534,1.9695377001948073,0.21173033423245508,104405.33184806425,4555.331848064248,0.045749909919045706,0.3617198435571055,0.30497452733409314,-0.3569731755453921,0.0,0.0,0.0,inf,0.0,106030.86078818151,6105.860788181511,0.06127734702170806,0.06967434154761973,0.8883414243730171,-0.041363093467641776,0.0,0.0,0.0,2.2990602897650354,0.2027369529733168,94137.82318598832,-5862.1768140116765,-0.05877798846322113,0.3335077918349891,-0.0147141048355953,-0.32483243304392084,0.0,0.0,0.0,inf,0.0
331,TrialState.COMPLETE,0.4847816681596916,0.8373521044417341,0.12301918885243489,0.4847816681596916,102909.65889043876,2984.658890438761,0.029952265148041057,0.06495773511028186,0.4867739458655247,-0.026944993097828496,18743.201582521746,6.0,108.74320158252175,2.0408134568477245,0.20350006565983453,104405.33184806425,4555.331848064248,0.045749909919045706,0.3617198435571055,0.30497452733409314,-0.3569731755453921,0.0,0.0,0.0,inf,0.0,106007.05353543641,6082.053535436411,0.0610384024126811,0.07043931891236654,0.8762594733890673,-0.043102465238171295,0.0,0.0,0.0,2.3323621075845518,0.1998919958486133,94137.82318598832,-5862.1768140116765,-0.05877798846322113,0.3335077918349891,-0.0147141048355953,-0.32483243304392084,0.0,0.0,0.0,inf,0.0
332,TrialState.COMPLETE,0.5276589298613431,0.8154542892485764,0.07009271434644761,0.5276589298613431,103201.08123954452,3276.0812395445246,0.032876935897467874,0.06457073769186085,0.533207524037702,-0.026257591180695927,27031.59311522109,15.0,252.03159311522109,2.0492092491835265,0.20375815729135213,104405.33184806425,4555.331848064248,0.045749909919045706,0.3617198435571055,0.30497452733409314,-0.3569731755453921,0.0,0.0,0.0,inf,0.0,105964.07175788024,6039.071757880243,0.060607010548423323,0.07193346533282453,0.8538864289931225,-0.046242492773820865,0.0,0.0,0.0,2.3949942318725643,0.1947527160493527,94137.82318598832,-5862.1768140116765,-0.05877798846322113,0.3335077918349891,-0.0147141048355953,-0.32483243304392084,0.0,0.0,0.0,inf,0.0
333,TrialState.COMPLETE,0.6240308280643428,0.8497754302364529,0.0715862630538098,0.6240308280643428,103718.59430364403,3793.5943036440294,0.03807067484882354,0.0628321725344347,0.6260158514115388,-0.020282693911495286,22570.24363154048,13.0,217.57024363154048,1.978071020435876,0.21284947422288958,104405.33184806425,4555.331848064248,0.045749909919045706,0.3617198435571055,0.30497452733409314,-0.3569731755453921,0.0,0.0,0.0,inf,0.0,106031.43846247639,6106.438462476392,0.06128314492722953,0.06965635201667932,0.8886312525134707,-0.04132088703854564,0.0,0.0,0.0,2.298264046728971,0.20280597035568645,94137.82318598832,-5862.1768140116765,-0.05877798846322113,0.3335077918349891,-0.0147141048355953,-0.32483243304392084,0.0,0.0,0.0,inf,0.0
334,TrialState.COMPLETE,0.5334221711072294,0.8499199282118921,0.07293326929286215,0.5334221711072294,103161.46195807439,3236.4619580743893,0.03247932142913412,0.06288831683380872,0.5396425642289435,-0.020475206465858542,28174.098760474313,15.0,253.17409876047432,1.9661104727008571,0.21228060781279265,104405.33184806425,4555.331848064248,0.045749909919045706,0.3617198435571055,0.30497452733409314,-0.3569731755453921,0.0,0.0,0.0,inf,0.0,106031.72208802449,6106.722088024486,0.061285991573106324,0.06964752958390936,0.8887734901552096,-0.041300164576427045,0.0,0.0,0.0,2.297873310506942,0.20283985614336114,94137.82318598832,-5862.1768140116765,-0.05877798846322113,0.3335077918349891,-0.0147141048355953,-0.32483243304392084,0.0,0.0,0.0,inf,0.0
335,TrialState.COMPLETE,0.5753164289091649,0.8494533735289548,0.07519772296066747,0.5753164289091649,103417.68077712014,3492.680777120142,0.03505071089588241,0.06290141533733339,0.5790834073569754,-0.020553487620730726,24620.072199163915,13.0,219.62007219916393,1.9721818899388093,0.2122137343963414,104405.33184806425,4555.331848064248,0.045749909919045706,0.3617198435571055,0.30497452733409314,-0.3569731755453921,0.0,0.0,0.0,inf,0.0,106030.80631860076,6105.806318600764,0.061276800330461345,0.06967603921551316,0.8883140874660115,-0.04136707315794419,0.0,0.0,0.0,2.299135396911237,0.20273044520887679,94137.82318598832,-5862.1768140116765,-0.05877798846322113,0.3335077918349891,-0.0147141048355953,-0.32483243304392084,0.0,0.0,0.0,inf,0.0
336,TrialState.COMPLETE,0.5316610122847897,0.8368410416447737,0.07166388961739115,0.5316610122847897,103176.4965288471,3251.4965288470994,0.03263020657106597,0.06346364863134604,0.537626473769053,-0.022669591450926174,27740.54516373224,15.0,252.74054516373224,1.9968385734645786,0.20904746601193067,104405.33184806425,4555.331848064248,0.045749909919045706,0.3617198435571055,0.30497452733409314,-0.3569731755453921,0.0,0.0,0.0,inf,0.0,106006.05040397054,6081.050403970541,0.061028334355630154,0.07047255122887733,0.8757448980738325,-0.04317575247354577,0.0,0.0,0.0,2.333786492196334,0.19977209639939603,94137.82318598832,-5862.1768140116765,-0.05877798846322113,0.3335077918349891,-0.0147141048355953,-0.32483243304392084,0.0,0.0,0.0,inf,0.0
337,TrialState.COMPLETE,0.6181478378179491,0.8313695877857001,0.06966938185079379,0.6181478378179491,103728.33846246834,3803.3384624683385,0.03816846749352698,0.06369607880454467,0.6198634922977196,-0.023375503301752865,22081.379946411755,13.0,217.08137994641174,2.021863894379597,0.20828922031868705,104405.33184806425,4555.331848064248,0.045749909919045706,0.3617198435571055,0.30497452733409314,-0.3569731755453921,0.0,0.0,0.0,inf,0.0,105995.31084796428,6070.310847964283,0.06092054544680092,0.07083331917166158,0.8702107741463747,-0.04396035703030221,0.0,0.0,0.0,2.3491457322943403,0.19848831868277994,94137.82318598832,-5862.1768140116765,-0.05877798846322113,0.3335077918349891,-0.0147141048355953,-0.32483243304392084,0.0,0.0,0.0,inf,0.0
338,TrialState.COMPLETE,0.48147450391855684,0.8386858184858921,0.07971715858685466,0.48147450391855684,102881.4688452928,2956.468845292795,0.029669355311898293,0.06418715126016182,0.48756248298107563,-0.026793228995947715,26597.440899188365,12.0,206.59744089918837,2.0141865232882488,0.20686415364779112,104405.33184806425,4555.331848064248,0.045749909919045706,0.3617198435571055,0.30497452733409314,-0.3569731755453921,0.0,0.0,0.0,inf,0.0,106009.67139479182,6084.671394791818,0.06106467689361894,0.07035296995338976,0.8776003862731588,-0.04291120766445233,0.0,0.0,0.0,2.3286530856476326,0.20020488611276777,94137.82318598832,-5862.1768140116765,-0.05877798846322113,0.3335077918349891,-0.0147141048355953,-0.32483243304392084,0.0,0.0,0.0,inf,0.0
339,TrialState.COMPLETE,0.47839029489793355,0.8497235398081544,0.04598149328398221,0.47839029489793355,102860.12132175648,2935.12132175648,0.029455115839770896,0.06291556242165561,0.4928195401446467,-0.0222293006531743,42451.14612106971,35.0,567.4511461210697,1.9642112223727144,0.21088487954768687,104405.33184806425,4555.331848064248,0.045749909919045706,0.3617198435571055,0.30497452733409314,-0.3569731755453921,0.0,0.0,0.0,inf,0.0,106031.33661017597,6106.336610175975,0.061282122672952744,0.06965952183932166,0.8885801638631395,-0.04132832864418001,0.0,0.0,0.0,2.298404395795627,0.20279380164650204,94137.82318598832,-5862.1768140116765,-0.05877798846322113,0.3335077918349891,-0.0147141048355953,-0.32483243304392084,0.0,0.0,0.0,inf,0.0
340,TrialState.COMPLETE,0.5249482557790305,0.8248166047506482,0.06560669122059293,0.5249482557790305,103170.51120903606,3245.5112090360635,0.03257013861490954,0.06419018301093092,0.5313595995836301,-0.02731148466076916,28540.675565522964,17.0,283.540675565523,2.0350178070058664,0.20377376258792768,104405.33184806425,4555.331848064248,0.045749909919045706,0.3617198435571055,0.30497452733409314,-0.3569731755453921,0.0,0.0,0.0,inf,0.0,105982.4484296519,6057.448429651893,0.06079145020208787,0.07127725194159977,0.8635269296412824,-0.04490002645483149,0.0,0.0,0.0,2.3678091685563243,0.19695046435349362,94137.82318598832,-5862.1768140116765,-0.05877798846322113,0.3335077918349891,-0.0147141048355953,-0.32483243304392084,0.0,0.0,0.0,inf,0.0
341,TrialState.COMPLETE,0.5725109084793519,0.8366005079119869,0.07429377924468424,0.5725109084793519,103429.04078483427,3504.040784834273,0.035164719336742145,0.06348674425750468,0.5760627522328085,-0.02270994713484842,24247.552071141712,13.0,219.2475520711417,2.0024809258154024,0.20903758253413277,104405.33184806425,4555.331848064248,0.045749909919045706,0.3617198435571055,0.30497452733409314,-0.3569731755453921,0.0,0.0,0.0,inf,0.0,106005.57827616658,6080.578276166576,0.06102359578472849,0.07048821979788572,0.8755025683376663,-0.04321024534187101,0.0,0.0,0.0,2.3344574867405474,0.19971566452787867,94137.82318598832,-5862.1768140116765,-0.05877798846322113,0.3335077918349891,-0.0147141048355953,-0.32483243304392084,0.0,0.0,0.0,inf,0.0
342,TrialState.COMPLETE,0.5658461710156664,0.8084514949200885,0.07115723543004983,0.5658461710156664,103462.21866510194,3537.2186651019438,0.03549769099774491,0.06503028302947941,0.5688620154942923,-0.027432354892896527,23343.84676259901,13.0,218.34384676259901,2.070459536426808,0.20231620238492648,104405.33184806425,4555.331848064248,0.045749909919045706,0.3617198435571055,0.30497452733409314,-0.3569731755453921,0.0,0.0,0.0,inf,0.0,105950.32643463917,6025.326434639166,0.06046905403301306,0.07244081592103875,0.8466168204535413,-0.0472465885070551,0.0,0.0,0.0,2.415739634817706,0.1931083873646542,94137.82318598832,-5862.1768140116765,-0.05877798846322113,0.3335077918349891,-0.0147141048355953,-0.32483243304392084,0.0,0.0,0.0,inf,0.0
343,TrialState.COMPLETE,0.6274106758662189,0.8382999657165485,0.06869333172308545,0.6274106758662189,103766.61472337952,3841.61472337952,0.03855260934008786,0.06332913468563058,0.6289283510843537,-0.0224063282302982,21877.899307698313,13.0,216.8778993076983,1.9971377822815293,0.21072369052345996,104405.33184806425,4555.331848064248,0.045749909919045706,0.3617198435571055,0.30497452733409314,-0.3569731755453921,0.0,0.0,0.0,inf,0.0,106008.91402983307,6083.914029833075,0.06105707550295958,0.07037789519481093,0.8772127458264111,-0.04296653993449917,0.0,0.0,0.0,2.329724918259685,0.20011436623382953,94137.82318598832,-5862.1768140116765,-0.05877798846322113,0.3335077918349891,-0.0147141048355953,-0.32483243304392084,0.0,0.0,0.0,inf,0.0
344,TrialState.COMPLETE,0.48766091422049623,0.8496876281233304,0.06709004377054371,0.48766091422049623,102898.9213417747,2973.921341774694,0.02984450516308379,0.06322775606015561,0.4966766450945278,-0.023215721632673825,32319.076177250623,19.0,317.3190761772506,1.9803731177426678,0.2085218394850981,104405.33184806425,4555.331848064248,0.045749909919045706,0.3617198435571055,0.30497452733409314,-0.3569731755453921,0.0,0.0,0.0,inf,0.0,106031.26612149806,6106.266121498062,0.061281415203882084,0.06966171607002791,0.8885448039954098,-0.041333478737381135,0.0,0.0,0.0,2.298501536876099,0.20278538006456054,94137.82318598832,-5862.1768140116765,-0.05877798846322113,0.3335077918349891,-0.0147141048355953,-0.32483243304392084,0.0,0.0,0.0,inf,0.0
345,TrialState.COMPLETE,0.4851452766245479,0.820565596635179,0.07735356879926786,0.4851452766245479,102942.25542504663,3017.2554250466346,0.03027939792485168,0.06510711198892187,0.4906845900646608,-0.028746589532958833,25806.712417816,12.0,205.80671241781602,2.0577473579774157,0.2026527877613752,104405.33184806425,4555.331848064248,0.045749909919045706,0.3617198435571055,0.30497452733409314,-0.3569731755453921,0.0,0.0,0.0,inf,0.0,105974.10440612242,6049.104406122424,0.0607077044058304,0.07157203981459152,0.8591618770573899,-0.045509587457694844,0.0,0.0,0.0,2.3800758002950793,0.19595265299169062,94137.82318598832,-5862.1768140116765,-0.05877798846322113,0.3335077918349891,-0.0147141048355953,-0.32483243304392084,0.0,0.0,0.0,inf,0.0
346,TrialState.COMPLETE,0.5334106680626228,0.8498185661543214,0.07295285170945882,0.5334106680626228,103161.57847678736,3236.5784767873556,0.0324804907966747,0.06289247134103744,0.53962908545082,-0.020492213573265805,28170.738697336867,15.0,253.17073869733687,1.9663449804073976,0.21225555507008917,104405.33184806425,4555.331848064248,0.045749909919045706,0.3617198435571055,0.30497452733409314,-0.3569731755453921,0.0,0.0,0.0,inf,0.0,106031.52313112534,6106.523131125345,0.06128399471548551,0.06965371762840004,0.8886737179315075,-0.04131470091578182,0.0,0.0,0.0,2.2981473892056967,0.2028160860478979,94137.82318598832,-5862.1768140116765,-0.05877798846322113,0.3335077918349891,-0.0147141048355953,-0.32483243304392084,0.0,0.0,0.0,inf,0.0
347,TrialState.COMPLETE,0.5819819108310477,0.8319912517390602,0.0677073224900626,0.5819819108310477,103502.22331508648,3577.2233150864777,0.035899176191728444,0.06368849976074704,0.5855756310952407,-0.02614781292184032,24637.75311801424,15.0,249.63775311801425,2.012100323914603,0.2072672986455674,104405.33184806425,4555.331848064248,0.045749909919045706,0.3617198435571055,0.30497452733409314,-0.3569731755453921,0.0,0.0,0.0,inf,0.0,105996.5310711473,6071.531071147299,0.06093279236921778,0.07079187231812721,0.8708417925982583,-0.043871211634486595,0.0,0.0,0.0,2.347390450348882,0.19863419293190765,94137.82318598832,-5862.1768140116765,-0.05877798846322113,0.3335077918349891,-0.0147141048355953,-0.32483243304392084,0.0,0.0,0.0,inf,0.0
348,TrialState.COMPLETE,0.4042926406938274,0.8386832014993002,0.0646223275061699,0.4042926406938274,102396.6632007948,2471.6632007948065,0.024803973084781328,0.0634926140350216,0.41760286645006933,-0.02495927575423751,38255.92620246954,23.0,383.25592620246954,2.0008329080455343,0.20657591744354867,104405.33184806425,4555.331848064248,0.045749909919045706,0.3617198435571055,0.30497452733409314,-0.3569731755453921,0.0,0.0,0.0,inf,0.0,106009.66625808158,6084.6662580815755,0.06106462533836643,0.07035313885091078,0.87759775797714,-0.04291158294732722,0.0,0.0,0.0,2.328660351864353,0.20020427217971193,94137.82318598832,-5862.1768140116765,-0.05877798846322113,0.3335077918349891,-0.0147141048355953,-0.32483243304392084,0.0,0.0,0.0,inf,0.0
349,TrialState.COMPLETE,0.4404645511122672,0.5846938656512948,0.07005304339347822,0.4404645511122672,103397.48945993627,3472.489459936274,0.03484807198187512,0.08661063495850356,0.43879812852398753,-0.07122941917127357,13823.543726924421,8.0,133.8235437269244,2.835462739805435,0.14626488675073623,104405.33184806425,4555.331848064248,0.045749909919045706,0.3617198435571055,0.30497452733409314,-0.3569731755453921,0.0,0.0,0.0,inf,0.0,105511.12733815679,5586.127338156788,0.05606100777785117,0.09445629039956628,0.624669147385296,-0.08265648592616681,0.0,0.0,0.0,3.3402237202037557,0.1403453264894149,94137.82318598832,-5862.1768140116765,-0.05877798846322113,0.3335077918349891,-0.0147141048355953,-0.32483243304392084,0.0,0.0,0.0,inf,0.0
350,TrialState.COMPLETE,0.5681610991226845,0.8201591166366743,0.07260263458224009,0.5681610991226845,103443.57251163281,3518.5725116328103,0.035310559033921995,0.0643430071196968,0.5714377424692175,-0.02546830488653473,23771.0241617036,13.0,218.7710241617036,2.0426238343740426,0.204973031801102,104405.33184806425,4555.331848064248,0.045749909919045706,0.3617198435571055,0.30497452733409314,-0.3569731755453921,0.0,0.0,0.0,inf,0.0,105973.3065533358,6048.306553335802,0.060699696661274505,0.0716005047346994,0.8587433845601955,-0.045567872854908376,0.0,0.0,0.0,2.381255392386565,0.19585723496530674,94137.82318598832,-5862.1768140116765,-0.05877798846322113,0.3335077918349891,-0.0147141048355953,-0.32483243304392084,0.0,0.0,0.0,inf,0.0
351,TrialState.COMPLETE,0.5270934500344951,0.8384804432119994,0.06729688855481594,0.5270934500344951,103152.84167249288,3227.841672492883,0.032392809308272374,0.06349329857568574,0.5337850353666911,-0.025076424700412936,29011.55221409986,17.0,284.0115522140999,2.001072440916874,0.20715812998423586,104405.33184806425,4555.331848064248,0.045749909919045706,0.3617198435571055,0.30497452733409314,-0.3569731755453921,0.0,0.0,0.0,inf,0.0,106009.26827720882,6084.268277208816,0.06106063095221548,0.0703662310521876,0.8773940895769099,-0.04294065901414934,0.0,0.0,0.0,2.329223460030407,0.20015670584943882,94137.82318598832,-5862.1768140116765,-0.05877798846322113,0.3335077918349891,-0.0147141048355953,-0.32483243304392084,0.0,0.0,0.0,inf,0.0
352,TrialState.COMPLETE,0.6310711080097496,0.849958014831372,0.06948666695235094,0.6310711080097496,103761.0262082058,3836.0262082058034,0.03849652278888538,0.06280882648107364,0.6327552346297072,-0.020447993412546772,22182.1503336903,13.0,217.1821503336903,1.9697449817565207,0.2136204634952767,104405.33184806425,4555.331848064248,0.045749909919045706,0.3617198435571055,0.30497452733409314,-0.3569731755453921,0.0,0.0,0.0,inf,0.0,106031.79684573883,6106.796845738834,0.061286741888942675,0.06964520527788352,0.8888109742165354,-0.041294702570061737,0.0,0.0,0.0,2.29777034280164,0.20284878769507458,94137.82318598832,-5862.1768140116765,-0.05877798846322113,0.3335077918349891,-0.0147141048355953,-0.32483243304392084,0.0,0.0,0.0,inf,0.0
353,TrialState.COMPLETE,0.5773400409515502,0.8496935103991176,0.07521097196208376,0.5773400409515502,103429.92422640664,3504.9242264066415,0.035173585511411254,0.06289357290010618,0.5810349665834479,-0.020513196134215428,24537.56888173748,13.0,219.53756888173749,1.9713878403491958,0.21233773481400278,104405.33184806425,4555.331848064248,0.045749909919045706,0.3617198435571055,0.30497452733409314,-0.3569731755453921,0.0,0.0,0.0,inf,0.0,106031.27766742924,6106.27766742924,0.06128153108616896,0.06966135663063422,0.8885505960561464,-0.041332635160517994,0.0,0.0,0.0,2.2984856247621765,0.20278675950673342,94137.82318598832,-5862.1768140116765,-0.05877798846322113,0.3335077918349891,-0.0147141048355953,-0.32483243304392084,0.0,0.0,0.0,inf,0.0
354,TrialState.COMPLETE,0.6217865656671838,0.838292382205174,0.07117162611356742,0.6217865656671838,103733.00532949182,3808.005329491818,0.03821530430766673,0.06335143360814634,0.6236015625360812,-0.02221226846882962,22303.039812004197,13.0,217.30303981200422,2.0054626671328375,0.21000735678418395,104405.33184806425,4555.331848064248,0.045749909919045706,0.3617198435571055,0.30497452733409314,-0.3569731755453921,0.0,0.0,0.0,inf,0.0,106008.89914465889,6083.899144658892,0.061056926105999,0.07037838553115837,0.8772051247604379,-0.04296762742836158,0.0,0.0,0.0,2.3297459938364073,0.20011258715339836,94137.82318598832,-5862.1768140116765,-0.05877798846322113,0.3335077918349891,-0.0147141048355953,-0.32483243304392084,0.0,0.0,0.0,inf,0.0
355,TrialState.COMPLETE,0.6170575029249341,0.8283035446837351,0.06977000118575169,0.6170575029249341,103729.96164331584,3804.961643315837,0.038184757783398915,0.063854675480659,0.6187282859693791,-0.02389067764212638,21999.9450904088,13.0,216.9999450904088,2.029348012836245,0.20752934284657593,104405.33184806425,4555.331848064248,0.045749909919045706,0.3617198435571055,0.30497452733409314,-0.3569731755453921,0.0,0.0,0.0,inf,0.0,105989.29271412647,6064.292714126466,0.06086014370036774,0.07103943342712207,0.8670906591755154,-0.04440001788241399,0.0,0.0,0.0,2.357841315108442,0.1977688224446371,94137.82318598832,-5862.1768140116765,-0.05877798846322113,0.3335077918349891,-0.0147141048355953,-0.32483243304392084,0.0,0.0,0.0,inf,0.0
356,TrialState.COMPLETE,0.5766550905511748,0.8496422233470172,0.0741295854842578,0.5766550905511748,103426.23503518755,3501.2350351875502,0.035136560977429676,0.06290685078901627,0.5803570932049703,-0.02052180136200088,24533.21935759074,13.0,219.53321935759072,1.9700834791400819,0.21251148545484258,104405.33184806425,4555.331848064248,0.045749909919045706,0.3617198435571055,0.30497452733409314,-0.3569731755453921,0.0,0.0,0.0,inf,0.0,106031.17699945634,6106.1769994563365,0.06128052071855805,0.06966449092007337,0.8885000933160804,-0.04133999023321355,0.0,0.0,0.0,2.298624368516606,0.20277473226095652,94137.82318598832,-5862.1768140116765,-0.05877798846322113,0.3335077918349891,-0.0147141048355953,-0.32483243304392084,0.0,0.0,0.0,inf,0.0
357,TrialState.COMPLETE,0.39199983550084694,0.8376252733587244,0.06555301930404568,0.39199983550084694,102320.88980575412,2395.889805754123,0.02404353688728733,0.06354119731601564,0.4056512200321922,-0.02513405149095005,38557.42266101215,23.0,383.55742266101214,1.9958055068692,0.20690918346416165,104405.33184806425,4555.331848064248,0.045749909919045706,0.3617198435571055,0.30497452733409314,-0.3569731755453921,0.0,0.0,0.0,inf,0.0,106007.58972069151,6082.589720691511,0.06104378390456877,0.0704215886514721,0.8765343495189933,-0.043063292300888345,0.0,0.0,0.0,2.3316014705178074,0.1999560826240729,94137.82318598832,-5862.1768140116765,-0.05877798846322113,0.3335077918349891,-0.0147141048355953,-0.32483243304392084,0.0,0.0,0.0,inf,0.0
358,TrialState.COMPLETE,0.3561964499679069,0.8496466212610375,0.14129827587742283,0.3561964499679069,102084.59971143576,2159.5997114357597,0.02167221925552676,0.06511397624010273,0.361811340754862,-0.025158091358188917,21842.20678809731,6.0,111.84220678809731,2.0402852529840136,0.20102547850437422,104405.33184806425,4555.331848064248,0.045749909919045706,0.3617198435571055,0.30497452733409314,-0.3569731755453921,0.0,0.0,0.0,inf,0.0,106031.18563183192,6106.185631831919,0.06128060735855323,0.06966422211910465,0.8885044241751133,-0.04133935952872736,0.0,0.0,0.0,2.29861247044971,0.20277576360965696,94137.82318598832,-5862.1768140116765,-0.05877798846322113,0.3335077918349891,-0.0147141048355953,-0.32483243304392084,0.0,0.0,0.0,inf,0.0
359,TrialState.COMPLETE,0.5676707491165245,0.8124030691758893,0.0717957172865073,0.5676707491165245,103462.3367477498,3537.336747749796,0.03549887607022262,0.06479044600050572,0.5707448359229037,-0.026769457599551738,23460.690267335038,13.0,218.46069026733505,2.061877309404627,0.20311719971441872,104405.33184806425,4555.331848064248,0.045749909919045706,0.3617198435571055,0.30497452733409314,-0.3569731755453921,0.0,0.0,0.0,inf,0.0,105958.08271918885,6033.082719188853,0.06054690086768977,0.07215280882397623,0.8507244975179685,-0.04667999597707928,0.0,0.0,0.0,2.4039893412604116,0.19403630693550603,94137.82318598832,-5862.1768140116765,-0.05877798846322113,0.3335077918349891,-0.0147141048355953,-0.32483243304392084,0.0,0.0,0.0,inf,0.0
360,TrialState.COMPLETE,0.6058142450332458,0.8266553125828761,0.07734769710037234,0.6058142450332458,103651.75141244885,3726.7514124488516,0.03739983844354611,0.06382445577326087,0.607142241710933,-0.024732433558067424,20983.94468777197,11.0,185.98394468777195,2.0200780480108156,0.20787547382999597,104405.33184806425,4555.331848064248,0.045749909919045706,0.3617198435571055,0.30497452733409314,-0.3569731755453921,0.0,0.0,0.0,inf,0.0,105986.0575080159,6061.057508015903,0.060827673157009876,0.07115139702183436,0.865408093877061,-0.044636366568408414,0.0,0.0,0.0,2.3625425124335417,0.1973820071680475,94137.82318598832,-5862.1768140116765,-0.05877798846322113,0.3335077918349891,-0.0147141048355953,-0.32483243304392084,0.0,0.0,0.0,inf,0.0
361,TrialState.COMPLETE,0.6310802560039921,0.8499892802109696,0.06965934324744885,0.6310802560039921,103761.01122053107,3836.0112205310725,0.03849637237202219,0.06280751481433554,0.6327648290250737,-0.020442741270438325,22182.966295582977,13.0,217.18296629558296,1.9696725281079877,0.21362823095620526,104405.33184806425,4555.331848064248,0.045749909919045706,0.3617198435571055,0.30497452733409314,-0.3569731755453921,0.0,0.0,0.0,inf,0.0,106031.85821449061,6106.85821449061,0.06128735782465977,0.06964329759400585,0.8888417428382579,-0.04129021879775718,0.0,0.0,0.0,2.297685823309843,0.202856119614602,94137.82318598832,-5862.1768140116765,-0.05877798846322113,0.3335077918349891,-0.0147141048355953,-0.32483243304392084,0.0,0.0,0.0,inf,0.0
362,TrialState.COMPLETE,0.6276353012341849,0.838973318907308,0.06880597664643716,0.6276353012341849,103766.2919382814,3841.2919382814,0.03854936985631929,0.06329740088247235,0.6291625904608118,-0.022293220315881768,21895.47243654052,13.0,216.89547243654053,1.9955348956726473,0.21089103085050784,104405.33184806425,4555.331848064248,0.045749909919045706,0.3617198435571055,0.30497452733409314,-0.3569731755453921,0.0,0.0,0.0,inf,0.0,106010.23571041203,6085.235710412031,0.06107034071989981,0.07033442780392442,0.8778890610820747,-0.04286997930767367,0.0,0.0,0.0,2.32785509990915,0.20027233206180908,94137.82318598832,-5862.1768140116765,-0.05877798846322113,0.3335077918349891,-0.0147141048355953,-0.32483243304392084,0.0,0.0,0.0,inf,0.0
363,TrialState.COMPLETE,0.5268526912766144,0.8495652689451635,0.06825927355086726,0.5268526912766144,103129.0608366578,3204.0608366577944,0.032154147881479744,0.06300139668855485,0.5337886556463426,-0.023246207067643354,29380.242195804614,17.0,284.3802421958046,1.9748228121547213,0.20987203254498027,104405.33184806425,4555.331848064248,0.045749909919045706,0.3617198435571055,0.30497452733409314,-0.3569731755453921,0.0,0.0,0.0,inf,0.0,106031.02595073498,6106.025950734984,0.06127900469781378,0.06966919537192828,0.8884243061586259,-0.04135102625554998,0.0,0.0,0.0,2.29883258002175,0.2027566857665213,94137.82318598832,-5862.1768140116765,-0.05877798846322113,0.3335077918349891,-0.0147141048355953,-0.32483243304392084,0.0,0.0,0.0,inf,0.0
364,TrialState.COMPLETE,0.4616885348589099,0.8384360571183483,0.06238092736385373,0.4616885348589099,102758.87274015059,2833.8727401505894,0.028439007010198525,0.06355756427630599,0.47294490548676216,-0.026154580087455415,35970.304152498735,23.0,380.9703041524987,1.9915640041214542,0.20689962509438375,104405.33184806425,4555.331848064248,0.045749909919045706,0.3617198435571055,0.30497452733409314,-0.3569731755453921,0.0,0.0,0.0,inf,0.0,106009.18115467225,6084.181154672246,0.06105975653569162,0.0703690987688794,0.8773494953361456,-0.04294702409203199,0.0,0.0,0.0,2.329346767144591,0.20014629299546163,94137.82318598832,-5862.1768140116765,-0.05877798846322113,0.3335077918349891,-0.0147141048355953,-0.32483243304392084,0.0,0.0,0.0,inf,0.0
365,TrialState.COMPLETE,0.5317019743491576,0.8492389642562261,0.06460071766080192,0.5317019743491576,103162.66346246163,3237.663462461627,0.03249137958026793,0.06295570878497983,0.5393190979923783,-0.022169230327585332,30848.24059538475,19.0,315.84824059538477,1.9783169747343379,0.21016149604376422,104405.33184806425,4555.331848064248,0.045749909919045706,0.3617198435571055,0.30497452733409314,-0.3569731755453921,0.0,0.0,0.0,inf,0.0,106030.38546877711,6105.385468777109,0.061272576414834745,0.06968916416529816,0.888102823305165,-0.041397821531748424,0.0,0.0,0.0,2.299715864799669,0.20268016388420368,94137.82318598832,-5862.1768140116765,-0.05877798846322113,0.3335077918349891,-0.0147141048355953,-0.32483243304392084,0.0,0.0,0.0,inf,0.0
366,TrialState.COMPLETE,0.571632084125088,0.8280643632939476,0.07271498404437444,0.571632084125088,103445.0851444269,3520.0851444269065,0.03532573974566344,0.06392613361978629,0.5749746412143039,-0.024142074694315507,23910.163723815895,13.0,218.91016372381588,2.0214202924243154,0.2071720925849869,104405.33184806425,4555.331848064248,0.045749909919045706,0.3617198435571055,0.30497452733409314,-0.3569731755453921,0.0,0.0,0.0,inf,0.0,105988.82324074756,6063.823240747559,0.06085543177298791,0.07105563068289623,0.8668467189082002,-0.044434315473569574,0.0,0.0,0.0,2.3585223633308328,0.1977126915232724,94137.82318598832,-5862.1768140116765,-0.05877798846322113,0.3335077918349891,-0.0147141048355953,-0.32483243304392084,0.0,0.0,0.0,inf,0.0
367,TrialState.COMPLETE,0.6264453365879469,0.838111749430539,0.06879525134091746,0.6264453365879469,103759.64942883681,3834.649428836812,0.038482705379957904,0.06331693650183727,0.6279743730155994,-0.022508110263673164,21865.694156969872,13.0,216.86569415696988,1.9983175070039563,0.21057204966191964,104405.33184806425,4555.331848064248,0.045749909919045706,0.3617198435571055,0.30497452733409314,-0.3569731755453921,0.0,0.0,0.0,inf,0.0,106008.544592496,6083.544592495993,0.061053367597741826,0.07039007014288788,0.8770235699881606,-0.042993530593672724,0.0,0.0,0.0,2.3302481088387887,0.2000702108392074,94137.82318598832,-5862.1768140116765,-0.05877798846322113,0.3335077918349891,-0.0147141048355953,-0.32483243304392084,0.0,0.0,0.0,inf,0.0
368,TrialState.COMPLETE,0.617385314861401,0.8209096115810324,0.06842698133704268,0.617385314861401,103751.46162506499,3826.461625064985,0.038400532287335754,0.06421758158821333,0.6188299699520825,-0.02514179606245215,21656.263797435982,13.0,216.656263797436,2.0458560042115153,0.20596255307355393,104405.33184806425,4555.331848064248,0.045749909919045706,0.3617198435571055,0.30497452733409314,-0.3569731755453921,0.0,0.0,0.0,inf,0.0,105974.77965037634,6049.779650376338,0.06071448157536885,0.07154798687494954,0.8595159118747514,-0.04546025887446048,0.0,0.0,0.0,2.3790783924976617,0.19603340678965125,94137.82318598832,-5862.1768140116765,-0.05877798846322113,0.3335077918349891,-0.0147141048355953,-0.32483243304392084,0.0,0.0,0.0,inf,0.0
369,TrialState.COMPLETE,0.4896243988217433,0.8392640986919571,0.06601894412216507,0.4896243988217433,102931.23900458487,3006.2390045848733,0.030168839140078507,0.06370729860269911,0.49835894259031527,-0.024863307876747287,31919.667771640005,19.0,316.91966777164,2.0050887741891334,0.20604434605907412,104405.33184806425,4555.331848064248,0.045749909919045706,0.3617198435571055,0.30497452733409314,-0.3569731755453921,0.0,0.0,0.0,inf,0.0,106010.80646287832,6085.806462878318,0.06107606915049857,0.07031570001458283,0.8781808909810935,-0.042828280625560766,0.0,0.0,0.0,2.3270485680847806,0.2003405466619588,94137.82318598832,-5862.1768140116765,-0.05877798846322113,0.3335077918349891,-0.0147141048355953,-0.32483243304392084,0.0,0.0,0.0,inf,0.0
370,TrialState.COMPLETE,0.5667408925580313,0.8377438956905398,0.07507716825214608,0.5667408925580313,103392.17474932391,3467.174749323909,0.03479473386569176,0.06347626478429931,0.5705161847665668,-0.022518114200439365,24508.933482951026,13.0,219.50893348295102,1.9999401418623548,0.2091842863390401,104405.33184806425,4555.331848064248,0.045749909919045706,0.3617198435571055,0.30497452733409314,-0.3569731755453921,0.0,0.0,0.0,inf,0.0,106007.8225566451,6082.8225566451,0.061046120792418446,0.07041389648820626,0.8766536760654965,-0.04304628161969282,0.0,0.0,0.0,2.3312713218832197,0.19998391182325265,94137.82318598832,-5862.1768140116765,-0.05877798846322113,0.3335077918349891,-0.0147141048355953,-0.32483243304392084,0.0,0.0,0.0,inf,0.0
371,TrialState.COMPLETE,0.4957535825306136,0.7982279916775157,0.09763288251647459,0.4957535825306136,103023.26925613807,3098.269256138068,0.031092438943304268,0.06588466247148585,0.49764078142143187,-0.03315621067157737,19042.53218891077,8.0,139.04253218891077,2.069699138939729,0.19996607176184972,104405.33184806425,4555.331848064248,0.045749909919045706,0.3617198435571055,0.30497452733409314,-0.3569731755453921,0.0,0.0,0.0,inf,0.0,105930.25939423629,6005.259394236287,0.06026764896552761,0.07320622495675842,0.8359330757578926,-0.04871242743879478,0.0,0.0,0.0,2.446679820137275,0.1907070847266399,94137.82318598832,-5862.1768140116765,-0.05877798846322113,0.3335077918349891,-0.0147141048355953,-0.32483243304392084,0.0,0.0,0.0,inf,0.0
372,TrialState.COMPLETE,0.4411803823973202,0.8263548012404511,0.0830483381076528,0.4411803823973202,102634.5186612367,2709.518661236696,0.02719102017931907,0.0645271043235369,0.4479924110277635,-0.0266249997198863,26805.955439666803,12.0,206.8059554396668,2.0322010392777092,0.2055195312756453,104405.33184806425,4555.331848064248,0.045749909919045706,0.3617198435571055,0.30497452733409314,-0.3569731755453921,0.0,0.0,0.0,inf,0.0,105985.46765411695,6060.4676541169465,0.06082175301622206,0.07117189772892682,0.8651009391894687,-0.04467945827979625,0.0,0.0,0.0,2.363401672228924,0.19731147932615647,94137.82318598832,-5862.1768140116765,-0.05877798846322113,0.3335077918349891,-0.0147141048355953,-0.32483243304392084,0.0,0.0,0.0,inf,0.0
373,TrialState.COMPLETE,0.625304806565396,0.8495819680431439,0.07204809033066274,0.625304806565396,103727.14076565165,3802.140765651653,0.03815644737412782,0.0628372587859218,0.6272849995710842,-0.020315203523589398,22603.402892655045,13.0,217.60340289265503,1.978813275105851,0.21280413667698603,104405.33184806425,4555.331848064248,0.045749909919045706,0.3617198435571055,0.30497452733409314,-0.3569731755453921,0.0,0.0,0.0,inf,0.0,106031.05872829359,6106.0587282935885,0.06127933367417504,0.06966817434709646,0.8884407529418553,-0.04134863144007073,0.0,0.0,0.0,2.298787394940218,0.20276060185808842,94137.82318598832,-5862.1768140116765,-0.05877798846322113,0.3335077918349891,-0.0147141048355953,-0.32483243304392084,0.0,0.0,0.0,inf,0.0
374,TrialState.COMPLETE,0.6252787493452991,0.8494926009377378,0.07247468543798215,0.6252787493452991,103727.18718888656,3802.187188886557,0.03815691327902959,0.0628411011458967,0.6272576346767573,-0.020330220866190074,22601.025251927225,13.0,217.60102525192724,1.9790214473893295,0.21278200115795054,104405.33184806425,4555.331848064248,0.045749909919045706,0.3617198435571055,0.30497452733409314,-0.3569731755453921,0.0,0.0,0.0,inf,0.0,106030.88331549495,6105.883315494953,0.061277573120108286,0.06967363950407304,0.8883527298265491,-0.04136144756293858,0.0,0.0,0.0,2.2990292286833296,0.20273964442698705,94137.82318598832,-5862.1768140116765,-0.05877798846322113,0.3335077918349891,-0.0147141048355953,-0.32483243304392084,0.0,0.0,0.0,inf,0.0
375,TrialState.COMPLETE,0.544849762683996,0.812584918736302,0.07363357354511067,0.544849762683996,103316.8458149198,3391.8458149197977,0.03403873801897306,0.06483088256448567,0.5486661867730015,-0.026918033583831824,24213.789608280997,13.0,219.213789608281,2.0590167203953884,0.20259956290730133,104405.33184806425,4555.331848064248,0.045749909919045706,0.3617198435571055,0.30497452733409314,-0.3569731755453921,0.0,0.0,0.0,inf,0.0,105958.4396597005,6033.439659700496,0.060550483342229455,0.07213966158356473,0.8509131942969298,-0.046653921411066834,0.0,0.0,0.0,2.403451348990478,0.19407900629517552,94137.82318598832,-5862.1768140116765,-0.05877798846322113,0.3335077918349891,-0.0147141048355953,-0.32483243304392084,0.0,0.0,0.0,inf,0.0
376,TrialState.COMPLETE,0.3639197387983617,0.49702679733759364,0.07688438155462743,0.3639197387983617,103230.36743573839,3305.367435738386,0.03317084900182565,0.1001122711499402,0.3760230204670232,-0.0871316654312122,12061.203705974953,6.0,102.06120370597495,3.4725549537580283,0.11991358217024725,104405.33184806425,4555.331848064248,0.045749909919045706,0.3617198435571055,0.30497452733409314,-0.3569731755453921,0.0,0.0,0.0,inf,0.0,105339.05143030747,5414.051430307474,0.05433397205295565,0.10520992268322331,0.5554813598832975,-0.09692856296659369,0.0,0.0,0.0,3.929382338271689,0.11954587906146415,94137.82318598832,-5862.1768140116765,-0.05877798846322113,0.3335077918349891,-0.0147141048355953,-0.32483243304392084,0.0,0.0,0.0,inf,0.0
377,TrialState.COMPLETE,0.5086394697488809,0.673371714642091,0.05951693713279094,0.5086394697488809,103583.18157013344,3658.1815701334417,0.03671167156208033,0.07651942464635171,0.5093988591951141,-0.05169052671828567,19445.7232270526,13.0,214.4457232270526,2.4875940257080384,0.16865064387762047,104405.33184806425,4555.331848064248,0.045749909919045706,0.3617198435571055,0.30497452733409314,-0.3569731755453921,0.0,0.0,0.0,inf,0.0,105685.18724074888,5760.1872407488845,0.057807963690616804,0.08459326987431752,0.706588799848316,-0.06818583328135264,0.0,0.0,0.0,2.90034207947707,0.1613094196215153,94137.82318598832,-5862.1768140116765,-0.05877798846322113,0.3335077918349891,-0.0147141048355953,-0.32483243304392084,0.0,0.0,0.0,inf,0.0
378,TrialState.COMPLETE,0.6180819212266018,0.8291646801352193,0.06854280085472447,0.6180819212266018,103737.74372316294,3812.7437231629447,0.038262858971259917,0.06388245948364107,0.6196650401747458,-0.023849568055772652,21863.93950291218,13.0,216.8639395029122,2.027064583931106,0.20782581277527717,104405.33184806425,4555.331848064248,0.045749909919045706,0.3617198435571055,0.30497452733409314,-0.3569731755453921,0.0,0.0,0.0,inf,0.0,105990.9829801229,6065.982980122906,0.06087710826366033,0.07098125924742858,0.8679682895754249,-0.044276534418454694,0.0,0.0,0.0,2.35539256060399,0.1979709093108477,94137.82318598832,-5862.1768140116765,-0.05877798846322113,0.3335077918349891,-0.0147141048355953,-0.32483243304392084,0.0,0.0,0.0,inf,0.0
379,TrialState.COMPLETE,0.5273145709178001,0.8380555149553023,0.06665418140783373,0.5273145709178001,103155.45627907662,3230.4562790766213,0.0324190491747538,0.06351922788999473,0.5339931945473063,-0.02512539722138407,28998.774297793694,17.0,283.9987742977937,2.0028702731837664,0.2070200862225814,104405.33184806425,4555.331848064248,0.045749909919045706,0.3617198435571055,0.30497452733409314,-0.3569731755453921,0.0,0.0,0.0,inf,0.0,106008.43421355225,6083.434213552246,0.061052259765322914,0.07039370983235552,0.8769670377258746,-0.04300159474546439,0.0,0.0,0.0,2.330404471128916,0.20005701822025765,94137.82318598832,-5862.1768140116765,-0.05877798846322113,0.3335077918349891,-0.0147141048355953,-0.32483243304392084,0.0,0.0,0.0,inf,0.0
380,TrialState.COMPLETE,0.623650732477791,0.8492810126988911,0.07197658001011156,0.623650732477791,103716.84940497573,3791.8494049757282,0.038053163000687285,0.06284216192219923,0.6256579432915724,-0.02036577635223935,22605.7915448167,13.0,217.6057915448167,1.9794336594689463,0.21270111411638895,104405.33184806425,4555.331848064248,0.045749909919045706,0.3617198435571055,0.30497452733409314,-0.3569731755453921,0.0,0.0,0.0,inf,0.0,106030.46800289264,6105.468002892638,0.06127340477953669,0.06968658904619388,0.8881442619593725,-0.04139179137874738,0.0,0.0,0.0,2.2996020044057115,0.2026900247334992,94137.82318598832,-5862.1768140116765,-0.05877798846322113,0.3335077918349891,-0.0147141048355953,-0.32483243304392084,0.0,0.0,0.0,inf,0.0
381,TrialState.COMPLETE,0.6147055258044927,0.8219518139656941,0.06946095815389146,0.6147055258044927,103733.3242860795,3808.3242860795,0.038218505365534394,0.06419628469369841,0.6162833514878217,-0.024957909108572762,21831.241566292745,13.0,216.83124156629276,2.045030041748059,0.20595493959115396,104405.33184806425,4555.331848064248,0.045749909919045706,0.3617198435571055,0.30497452733409314,-0.3569731755453921,0.0,0.0,0.0,inf,0.0,105976.82532071696,6051.825320716962,0.06073501319059793,0.07147532911354808,0.860587637914253,-0.045310816148486976,0.0,0.0,0.0,2.376061815209517,0.1962780467307793,94137.82318598832,-5862.1768140116765,-0.05877798846322113,0.3335077918349891,-0.0147141048355953,-0.32483243304392084,0.0,0.0,0.0,inf,0.0
382,TrialState.COMPLETE,0.5319815375378287,0.8377534471219565,0.0639257778764519,0.5319815375378287,103187.48926322567,3262.489263225667,0.03274052836786012,0.06346061715572578,0.539333591929699,-0.02408092533142392,30443.485995679184,19.0,315.44348599567917,2.0054399091189885,0.20736809340425688,104405.33184806425,4555.331848064248,0.045749909919045706,0.3617198435571055,0.30497452733409314,-0.3569731755453921,0.0,0.0,0.0,inf,0.0,106007.84130451997,6082.84130451997,0.06104630895786478,0.07041327730535694,0.876663283219557,-0.04304491192479387,0.0,0.0,0.0,2.3312447424901754,0.1999861526164083,94137.82318598832,-5862.1768140116765,-0.05877798846322113,0.3335077918349891,-0.0147141048355953,-0.32483243304392084,0.0,0.0,0.0,inf,0.0
383,TrialState.COMPLETE,0.6153332245273959,0.849737914669277,0.07859277980676224,0.6153332245273959,103654.24102746714,3729.241027467142,0.03742482424136995,0.06273630141572506,0.6169574249022047,-0.020693032267545153,21587.637595112286,11.0,186.58763759511228,1.9653272956597825,0.21372512908484467,104405.33184806425,4555.331848064248,0.045749909919045706,0.3617198435571055,0.30497452733409314,-0.3569731755453921,0.0,0.0,0.0,inf,0.0,106031.36482564347,6106.364825643468,0.06128240586127709,0.06965864363901456,0.8885943171379779,-0.04132626714571519,0.0,0.0,0.0,2.2983655141082,0.20279717266541025,94137.82318598832,-5862.1768140116765,-0.05877798846322113,0.3335077918349891,-0.0147141048355953,-0.32483243304392084,0.0,0.0,0.0,inf,0.0
384,TrialState.COMPLETE,0.6051818327661017,0.8123260023724252,0.074639804892637,0.6051818327661017,103690.36524468342,3765.3652446834167,0.03778736738282151,0.06462644263103204,0.6061845234719374,-0.026961411398522817,20528.009084912417,11.0,185.5280090849124,2.055226001463818,0.20450653243742165,104405.33184806425,4555.331848064248,0.045749909919045706,0.3617198435571055,0.30497452733409314,-0.3569731755453921,0.0,0.0,0.0,inf,0.0,105957.93144984219,6032.931449842188,0.060545382635486256,0.07215838339296916,0.8506445196456985,-0.04669104622240772,0.0,0.0,0.0,2.404217411977773,0.19401821111009324,94137.82318598832,-5862.1768140116765,-0.05877798846322113,0.3335077918349891,-0.0147141048355953,-0.32483243304392084,0.0,0.0,0.0,inf,0.0
385,TrialState.COMPLETE,0.4996035806764367,0.8498051707715724,0.10363207022804798,0.4996035806764367,102944.42645864788,3019.426458647882,0.03030118602559906,0.06342779132927129,0.5023050359830632,-0.02477250411553633,20272.957710631366,8.0,140.27295771063137,1.944083001463198,0.21278930596541829,104405.33184806425,4555.331848064248,0.045749909919045706,0.3617198435571055,0.30497452733409314,-0.3569731755453921,0.0,0.0,0.0,inf,0.0,106031.49683821163,6106.496838211635,0.06128373082312866,0.06965453564550357,0.8886605311531169,-0.041316621947996346,0.0,0.0,0.0,2.298183614642951,0.20281294473300474,94137.82318598832,-5862.1768140116765,-0.05877798846322113,0.3335077918349891,-0.0147141048355953,-0.32483243304392084,0.0,0.0,0.0,inf,0.0
386,TrialState.COMPLETE,0.5239221573328058,0.8299231635967078,0.06694972364391606,0.5239221573328058,103151.70496373136,3226.704963731361,0.03238140144109036,0.06392190704844802,0.5304609907330792,-0.026489254779030635,28700.965589912215,17.0,283.70096558991224,2.0215616904296336,0.20505575833558176,104405.33184806425,4555.331848064248,0.045749909919045706,0.3617198435571055,0.30497452733409314,-0.3569731755453921,0.0,0.0,0.0,inf,0.0,105992.47175729723,6067.4717572972295,0.06089205056013691,0.07093020355233644,0.8687404633652529,-0.044167770443464094,0.0,0.0,0.0,2.353239919997131,0.19814890140901276,94137.82318598832,-5862.1768140116765,-0.05877798846322113,0.3335077918349891,-0.0147141048355953,-0.32483243304392084,0.0,0.0,0.0,inf,0.0
387,TrialState.COMPLETE,0.4804343825265214,0.7006725268245595,0.07215009086670522,0.4804343825265214,103270.28610686252,3345.2861068625207,0.03357146884600404,0.0742534173097864,0.4817984108681736,-0.04849033668818836,19175.44022585475,10.0,169.17544022585474,2.401287794863599,0.17363640973042122,104405.33184806425,4555.331848064248,0.045749909919045706,0.3617198435571055,0.30497452733409314,-0.3569731755453921,0.0,0.0,0.0,inf,0.0,105738.77420483563,5813.77420483563,0.05834579198682821,0.081818776331517,0.7339366544335053,-0.06373605584755204,0.0,0.0,0.0,2.7873339460833377,0.1677490287148066,94137.82318598832,-5862.1768140116765,-0.05877798846322113,0.3335077918349891,-0.0147141048355953,-0.32483243304392084,0.0,0.0,0.0,inf,0.0
388,TrialState.COMPLETE,0.6218548505599066,0.8330607032804188,0.06940415538684111,0.6218548505599066,103745.28906890634,3820.289068906335,0.038338584303891254,0.06357772982242842,0.6234755910473228,-0.023100256169247713,21976.819487802353,13.0,216.97681948780235,2.016014980846683,0.20897819750254487,104405.33184806425,4555.331848064248,0.045749909919045706,0.3617198435571055,0.30497452733409314,-0.3569731755453921,0.0,0.0,0.0,inf,0.0,105998.63022706096,6073.630227060959,0.06095386081069587,0.070720844011813,0.8719260281206697,-0.043717853776211624,0.0,0.0,0.0,2.3443769600649076,0.1988851338851005,94137.82318598832,-5862.1768140116765,-0.05877798846322113,0.3335077918349891,-0.0147141048355953,-0.32483243304392084,0.0,0.0,0.0,inf,0.0
389,TrialState.COMPLETE,0.5767184190577705,0.8499647782222418,0.07474914993535546,0.5767184190577705,103425.95325587194,3500.9532558719366,0.035133733054810046,0.0628932186109445,0.5804257948539947,-0.020467681271338023,24542.533053745785,13.0,219.54253305374579,1.9693358481239767,0.2125912775263661,104405.33184806425,4555.331848064248,0.045749909919045706,0.3617198435571055,0.30497452733409314,-0.3569731755453921,0.0,0.0,0.0,inf,0.0,106031.81012115258,6106.810121152579,0.06128687512941511,0.06964479257755649,0.8888176303096249,-0.04129373263132108,0.0,0.0,0.0,2.2977520588452265,0.20285037375155696,94137.82318598832,-5862.1768140116765,-0.05877798846322113,0.3335077918349891,-0.0147141048355953,-0.32483243304392084,0.0,0.0,0.0,inf,0.0
390,TrialState.COMPLETE,0.5284924100588894,0.8193869948935548,0.07046299794165742,0.5284924100588894,103196.56047693666,3271.560476936662,0.0328315660322418,0.06435204211711387,0.534117659935441,-0.025597837934454137,27161.958851521216,15.0,252.1619588515212,2.0393739249323124,0.20473101271547609,104405.33184806425,4555.331848064248,0.045749909919045706,0.3617198435571055,0.30497452733409314,-0.3569731755453921,0.0,0.0,0.0,inf,0.0,105971.79100647803,6046.79100647803,0.060684485695116974,0.07165470740060839,0.8579479338965555,-0.04567858752831666,0.0,0.0,0.0,2.3834992882206953,0.19567598170197806,94137.82318598832,-5862.1768140116765,-0.05877798846322113,0.3335077918349891,-0.0147141048355953,-0.32483243304392084,0.0,0.0,0.0,inf,0.0
391,TrialState.COMPLETE,0.4580717623177057,0.6366466668418933,0.06543239521136371,0.4580717623177057,103356.47213091186,3431.4721309118613,0.03443642472903985,0.0810272005233307,0.45834169544904885,-0.060310879040180954,17423.232162880453,10.0,167.42323216288045,2.6427789140972493,0.15788534329362414,104405.33184806425,4555.331848064248,0.045749909919045706,0.3617198435571055,0.30497452733409314,-0.3569731755453921,0.0,0.0,0.0,inf,0.0,105613.10206597809,5688.102065978092,0.05708447834189423,0.08853219309910028,0.6712799542950568,-0.074169580323595,0.0,0.0,0.0,3.067648698757891,0.15263622323775275,94137.82318598832,-5862.1768140116765,-0.05877798846322113,0.3335077918349891,-0.0147141048355953,-0.32483243304392084,0.0,0.0,0.0,inf,0.0
392,TrialState.COMPLETE,0.46048088967919154,0.8384531730030647,0.06216396776914407,0.46048088967919154,102750.89875820937,2825.8987582093687,0.02835898197179687,0.06355111903191278,0.47176209210955994,-0.026151769964917304,35979.935974685824,23.0,380.9799359746858,1.9938105098399423,0.20664773965306094,104405.33184806425,4555.331848064248,0.045749909919045706,0.3617198435571055,0.30497452733409314,-0.3569731755453921,0.0,0.0,0.0,inf,0.0,106009.21475031372,6084.214750313724,0.06106009372266041,0.07036799286642433,0.8773666918638757,-0.042944569631109264,0.0,0.0,0.0,2.329299216688568,0.20015030833621325,94137.82318598832,-5862.1768140116765,-0.05877798846322113,0.3335077918349891,-0.0147141048355953,-0.32483243304392084,0.0,0.0,0.0,inf,0.0
393,TrialState.COMPLETE,0.6184045915830543,0.8300686121655447,0.06851775525645745,0.6184045915830543,103737.27415715205,3812.2741571520455,0.038258146392167625,0.06383571894306342,0.6200008302376,-0.023697797447410518,21887.77495526474,13.0,216.88777495526475,2.024857141584656,0.20804995127197096,104405.33184806425,4555.331848064248,0.045749909919045706,0.3617198435571055,0.30497452733409314,-0.3569731755453921,0.0,0.0,0.0,inf,0.0,105992.75724870256,6067.757248702561,0.060894915930047144,0.07092043269743209,0.8688884464491651,-0.04414691356489642,0.0,0.0,0.0,2.3528275741097224,0.19818303306481208,94137.82318598832,-5862.1768140116765,-0.05877798846322113,0.3335077918349891,-0.0147141048355953,-0.32483243304392084,0.0,0.0,0.0,inf,0.0
394,TrialState.COMPLETE,0.5446763352586171,0.8086868496607481,0.07292332292844743,0.5446763352586171,103326.2802547816,3401.2802547815954,0.0341334213058293,0.06505732068868286,0.5483901338418298,-0.027571095050068162,24056.19542848283,13.0,219.05619542848282,2.068891190742903,0.20166409128901017,104405.33184806425,4555.331848064248,0.045749909919045706,0.3617198435571055,0.30497452733409314,-0.3569731755453921,0.0,0.0,0.0,inf,0.0,105950.78839694089,6025.788396940887,0.06047369056991392,0.07242353861157429,0.8468618501048158,-0.047212842691457646,0.0,0.0,0.0,2.4150365743246454,0.19316365757378287,94137.82318598832,-5862.1768140116765,-0.05877798846322113,0.3335077918349891,-0.0147141048355953,-0.32483243304392084,0.0,0.0,0.0,inf,0.0
395,TrialState.COMPLETE,0.2587114540124952,0.2651418362699956,0.07099791823008361,0.2587114540124952,103796.68748680082,3871.6874868008163,0.03885442088200253,0.13227746185858524,0.35434280115779293,-0.13183875798132016,3268.3361340479223,2.0,33.26833613404792,6.183472255631637,0.06738968441094607,104405.33184806425,4555.331848064248,0.045749909919045706,0.3617198435571055,0.30497452733409314,-0.3569731755453921,0.0,0.0,0.0,inf,0.0,104883.89973013283,4958.8997301328345,0.04976589031940115,0.13669776968582248,0.42366081701567654,-0.1347105171710914,0.0,0.0,0.0,7.365900253920403,0.06413936099955062,94137.82318598832,-5862.1768140116765,-0.05877798846322113,0.3335077918349891,-0.0147141048355953,-0.32483243304392084,0.0,0.0,0.0,inf,0.0
396,TrialState.COMPLETE,0.5271636228577006,0.8389295103806441,0.06712168345008261,0.5271636228577006,103152.32986396272,3227.3298639627174,0.03238767286173405,0.06347202129254435,0.5338642767358538,-0.025002280954000478,29027.09000715902,17.0,284.027090007159,2.000001294981278,0.20726824431528088,104405.33184806425,4555.331848064248,0.045749909919045706,0.3617198435571055,0.30497452733409314,-0.3569731755453921,0.0,0.0,0.0,inf,0.0,106010.14972154377,6085.14972154377,0.0610694776815619,0.07033725156451735,0.877845082329159,-0.0428762615752698,0.0,0.0,0.0,2.327976659469223,0.2002620548753077,94137.82318598832,-5862.1768140116765,-0.05877798846322113,0.3335077918349891,-0.0147141048355953,-0.32483243304392084,0.0,0.0,0.0,inf,0.0
397,TrialState.COMPLETE,0.4411774488886284,0.8215872488688604,0.08057387837240533,0.4411774488886284,102643.45514718635,2718.4551471863524,0.0272807044072656,0.06477228634059409,0.4478895749772375,-0.027411276736303503,26651.301777296474,12.0,206.65130177729645,2.043993608962423,0.20434527907008787,104405.33184806425,4555.331848064248,0.045749909919045706,0.3617198435571055,0.30497452733409314,-0.3569731755453921,0.0,0.0,0.0,inf,0.0,105976.10973992692,6051.10973992692,0.06072783117822378,0.07150070882687642,0.8602128887080011,-0.04536309168319441,0.0,0.0,0.0,2.377116151443359,0.19619247204115914,94137.82318598832,-5862.1768140116765,-0.05877798846322113,0.3335077918349891,-0.0147141048355953,-0.32483243304392084,0.0,0.0,0.0,inf,0.0
398,TrialState.COMPLETE,0.5516861582908287,0.8384500912319088,0.07543627641507493,0.5516861582908287,103295.2839478062,3370.283947806194,0.03382234492753211,0.06344864080638946,0.5559212983704875,-0.022584424921425872,24941.569484115553,13.0,219.94156948411555,1.9954498387310566,0.2090094133514857,104405.33184806425,4555.331848064248,0.045749909919045706,0.3617198435571055,0.30497452733409314,-0.3569731755453921,0.0,0.0,0.0,inf,0.0,106009.20870130853,6084.208701308526,0.061060033011043124,0.07036819198114519,0.8773635956077696,-0.04294501156485908,0.0,0.0,0.0,2.329307778160758,0.20014958536111987,94137.82318598832,-5862.1768140116765,-0.05877798846322113,0.3335077918349891,-0.0147141048355953,-0.32483243304392084,0.0,0.0,0.0,inf,0.0
399,TrialState.COMPLETE,0.6252446427106314,0.8493757788079845,0.07237681825679594,0.6252446427106314,103727.2478740921,3802.247874092107,0.03815752231747438,0.06284612946579815,0.6272218186291251,-0.020349851770698035,22597.917161401623,13.0,217.59791716140163,1.9792936396345993,0.21275306516509893,104405.33184806425,4555.331848064248,0.045749909919045706,0.3617198435571055,0.30497452733409314,-0.3569731755453921,0.0,0.0,0.0,inf,0.0,106030.65401303937,6105.65401303937,0.061275271695288236,0.06968078745634664,0.8882376412325343,-0.04137820099867373,0.0,0.0,0.0,2.2993454344164816,0.20271224843813124,94137.82318598832,-5862.1768140116765,-0.05877798846322113,0.3335077918349891,-0.0147141048355953,-0.32483243304392084,0.0,0.0,0.0,inf,0.0
400,TrialState.COMPLETE,0.5192743472959109,0.801084819595578,0.06427892036017062,0.5192743472959109,103195.46202083128,3270.4620208312845,0.03282054205110141,0.06557459109038948,0.525210758385556,-0.03125013337264759,27717.65788906272,17.0,282.7176578890627,2.0944849610386496,0.19798420300602707,104405.33184806425,4555.331848064248,0.045749909919045706,0.3617198435571055,0.30497452733409314,-0.3569731755453921,0.0,0.0,0.0,inf,0.0,105935.8668733845,6010.866873384497,0.06032392903881467,0.07298943016694993,0.8389257391719491,-0.04830282434996547,0.0,0.0,0.0,2.437954472900941,0.1913781843372719,94137.82318598832,-5862.1768140116765,-0.05877798846322113,0.3335077918349891,-0.0147141048355953,-0.32483243304392084,0.0,0.0,0.0,inf,0.0
401,TrialState.COMPLETE,0.620810373341211,0.8301038810131334,0.06927449976644141,0.620810373341211,103746.79108633375,3821.7910863337456,0.03835365860092166,0.06372746255871979,0.6223882655618167,-0.02359705091401576,21898.81610945337,13.0,216.89881610945338,2.0231960073698616,0.208244473118336,104405.33184806425,4555.331848064248,0.045749909919045706,0.3617198435571055,0.30497452733409314,-0.3569731755453921,0.0,0.0,0.0,inf,0.0,105992.82647559786,6067.82647559786,0.06089561073437366,0.0709180643844931,0.8689243254465013,-0.04414185611824284,0.0,0.0,0.0,2.352727608889692,0.1981913093954964,94137.82318598832,-5862.1768140116765,-0.05877798846322113,0.3335077918349891,-0.0147141048355953,-0.32483243304392084,0.0,0.0,0.0,inf,0.0
402,TrialState.COMPLETE,0.5766738471360985,0.8497375653337566,0.07410093045412489,0.5766738471360985,103426.15174579434,3501.151745794341,0.035135725089390224,0.06290281634186018,0.5803774380036023,-0.020505804349829848,24535.972335032762,13.0,219.53597233503277,1.9698624324538974,0.21253507076736053,104405.33184806425,4555.331848064248,0.045749909919045706,0.3617198435571055,0.30497452733409314,-0.3569731755453921,0.0,0.0,0.0,inf,0.0,106031.36413995543,6106.364139955433,0.06128239897927701,0.06965866498011919,0.8885939731921528,-0.04132631724391511,0.0,0.0,0.0,2.298366458989003,0.20279709074347926,94137.82318598832,-5862.1768140116765,-0.05877798846322113,0.3335077918349891,-0.0147141048355953,-0.32483243304392084,0.0,0.0,0.0,inf,0.0
403,TrialState.COMPLETE,0.3086699335422019,0.310752205374585,0.06696350789276093,0.3086699335422019,104067.7792440154,4142.779244015401,0.041575120205192606,0.12622538402332428,0.3858467642913322,-0.12294041159114433,3312.949337604357,2.0,33.31294933760436,5.512537620499563,0.0781872572079205,104405.33184806425,4555.331848064248,0.045749909919045706,0.3617198435571055,0.30497452733409314,-0.3569731755453921,0.0,0.0,0.0,inf,0.0,104973.42531621641,5048.42531621641,0.05066440006770545,0.1302477194960296,0.4445913687286252,-0.12731444300650174,0.0,0.0,0.0,6.28477701952879,0.07508499243113613,94137.82318598832,-5862.1768140116765,-0.05877798846322113,0.3335077918349891,-0.0147141048355953,-0.32483243304392084,0.0,0.0,0.0,inf,0.0
404,TrialState.COMPLETE,0.6026272628341361,0.8174452347233683,0.07626863977924975,0.6026272628341361,103657.8426133013,3732.842613301298,0.03746096979082303,0.06432622150681847,0.6038228478735829,-0.026273604066727962,20750.154664975,11.0,185.750154664975,2.042838075611635,0.2055873870587621,104405.33184806425,4555.331848064248,0.045749909919045706,0.3617198435571055,0.30497452733409314,-0.3569731755453921,0.0,0.0,0.0,inf,0.0,105967.97965347473,6042.979653474729,0.06064623260036939,0.07179178400994676,0.8559446187390379,-0.045957015121766975,0.0,0.0,0.0,2.3891610546448416,0.1952201380341936,94137.82318598832,-5862.1768140116765,-0.05877798846322113,0.3335077918349891,-0.0147141048355953,-0.32483243304392084,0.0,0.0,0.0,inf,0.0
405,TrialState.COMPLETE,0.5246924984439175,0.8379209679723448,0.07246428627857879,0.5246924984439175,103128.15746413675,3203.157464136748,0.032145081753383264,0.06337588924075223,0.5308692531157356,-0.022488405645379794,27920.209800726196,15.0,252.92020980072618,1.991451449682246,0.20958032946890107,104405.33184806425,4555.331848064248,0.045749909919045706,0.3617198435571055,0.30497452733409314,-0.3569731755453921,0.0,0.0,0.0,inf,0.0,106008.17012015135,6083.17012015135,0.06104960915806146,0.07040242211528436,0.8768317575812236,-0.043020889080693125,0.0,0.0,0.0,2.3307786697737116,0.20002545336944452,94137.82318598832,-5862.1768140116765,-0.05877798846322113,0.3335077918349891,-0.0147141048355953,-0.32483243304392084,0.0,0.0,0.0,inf,0.0
406,TrialState.COMPLETE,0.6169965554045075,0.8281345946492663,0.06957194917405908,0.6169965554045075,103730.05108643544,3805.0510864354437,0.038185655437151134,0.06386353461219547,0.6186648658710051,-0.02391906539497024,21995.45773609866,13.0,216.99545773609867,2.0297620257502484,0.2074874689216782,104405.33184806425,4555.331848064248,0.045749909919045706,0.3617198435571055,0.30497452733409314,-0.3569731755453921,0.0,0.0,0.0,inf,0.0,105988.96109324385,6063.961093243852,0.06085681534653653,0.07105087287666396,0.866918355565603,-0.04442424460068384,0.0,0.0,0.0,2.3583223448517154,0.19772917341623955,94137.82318598832,-5862.1768140116765,-0.05877798846322113,0.3335077918349891,-0.0147141048355953,-0.32483243304392084,0.0,0.0,0.0,inf,0.0
407,TrialState.COMPLETE,0.40341687820489536,0.849726267814973,0.0655535795212665,0.40341687820489536,102375.30862573805,2450.308625738049,0.024589665626274737,0.06300362209810509,0.41703304527918605,-0.023134847615206344,38759.64766638599,23.0,383.759647666386,1.9748300276744892,0.20928340769114226,104405.33184806425,4555.331848064248,0.045749909919045706,0.3617198435571055,0.30497452733409314,-0.3569731755453921,0.0,0.0,0.0,inf,0.0,106031.34196480099,6106.341964800988,0.06128217641536482,0.06965935517275686,0.8885828498492009,-0.041327937420801764,0.0,0.0,0.0,2.29839701687479,0.20279444138585695,94137.82318598832,-5862.1768140116765,-0.05877798846322113,0.3335077918349891,-0.0147141048355953,-0.32483243304392084,0.0,0.0,0.0,inf,0.0
408,TrialState.COMPLETE,0.6202806847258276,0.8376343619706174,0.07035540902721825,0.6202806847258276,103725.02185499328,3800.021854993276,0.038135181927283046,0.06338494173731579,0.6220880239597419,-0.022322836985026462,22247.77388370272,13.0,217.24777388370273,2.006742116541918,0.20984165407007424,104405.33184806425,4555.331848064248,0.045749909919045706,0.3617198435571055,0.30497452733409314,-0.3569731755453921,0.0,0.0,0.0,inf,0.0,106007.60756012847,6082.607560128468,0.0610439629523607,0.07042099914036021,0.8765434928831194,-0.04306198897597502,0.0,0.0,0.0,2.3315761718650587,0.19995821484704268,94137.82318598832,-5862.1768140116765,-0.05877798846322113,0.3335077918349891,-0.0147141048355953,-0.32483243304392084,0.0,0.0,0.0,inf,0.0
409,TrialState.COMPLETE,0.5527309636733242,0.8499458309881063,0.07763479910665286,0.5527309636733242,103277.68994699963,3352.689946999628,0.033645773101775855,0.06293813534441747,0.5572033913537375,-0.02065819279497294,25327.087736242207,13.0,220.32708773624222,1.968508901883874,0.21181705121719344,104405.33184806425,4555.331848064248,0.045749909919045706,0.3617198435571055,0.30497452733409314,-0.3569731755453921,0.0,0.0,0.0,inf,0.0,106031.7729308758,6106.772930875799,0.06128650186420925,0.0696459487693503,0.8887989834386387,-0.04129644985649439,0.0,0.0,0.0,2.297803280987459,0.20284593050847294,94137.82318598832,-5862.1768140116765,-0.05877798846322113,0.3335077918349891,-0.0147141048355953,-0.32483243304392084,0.0,0.0,0.0,inf,0.0
410,TrialState.COMPLETE,0.5677715942626128,0.8188188395402044,0.07294132941179148,0.5677715942626128,103444.75711579873,3519.757115798726,0.035322447665691925,0.06441799932159885,0.5710258036918237,-0.02569315278343376,23732.178334598477,13.0,218.73217833459847,2.0459672869299856,0.20464161471661033,104405.33184806425,4555.331848064248,0.045749909919045706,0.3617198435571055,0.30497452733409314,-0.3569731755453921,0.0,0.0,0.0,inf,0.0,105970.6758117977,6045.675811797701,0.06067329291155077,0.07169470250154718,0.8573621906300529,-0.045760055173410086,0.0,0.0,0.0,2.3851531313113967,0.19554260586126787,94137.82318598832,-5862.1768140116765,-0.05877798846322113,0.3335077918349891,-0.0147141048355953,-0.32483243304392084,0.0,0.0,0.0,inf,0.0
411,TrialState.COMPLETE,0.623328292591706,0.8291733327509596,0.06811917013730481,0.623328292591706,103764.00948144117,3839.0094814411714,0.03852646303170393,0.06375819309529453,0.6247295581845577,-0.024008775249498515,21632.497706143313,13.0,216.6324977061433,2.019859196576195,0.20835131121146577,104405.33184806425,4555.331848064248,0.045749909919045706,0.3617198435571055,0.30497452733409314,-0.3569731755453921,0.0,0.0,0.0,inf,0.0,105990.99996377205,6065.999963772047,0.06087727872215498,0.0709806758434983,0.8679771028205149,-0.04427529366462968,0.0,0.0,0.0,2.355367981537178,0.19797293983231415,94137.82318598832,-5862.1768140116765,-0.05877798846322113,0.3335077918349891,-0.0147141048355953,-0.32483243304392084,0.0,0.0,0.0,inf,0.0
412,TrialState.COMPLETE,0.455142428841117,0.8389023634579388,0.06309074691388328,0.455142428841117,102716.7066782334,2791.7066782334005,0.028015838359139567,0.06352617006764168,0.4666691737572944,-0.026211891300525036,36298.811389146256,23.0,381.2988113891463,1.9928372924207358,0.20657871608564998,104405.33184806425,4555.331848064248,0.045749909919045706,0.3617198435571055,0.30497452733409314,-0.3569731755453921,0.0,0.0,0.0,inf,0.0,106010.09643663932,6085.096436639316,0.06106894288076492,0.07033900166644375,0.8778178283460971,-0.04288015452072946,0.0,0.0,0.0,2.328051992911096,0.20025568638167418,94137.82318598832,-5862.1768140116765,-0.05877798846322113,0.3335077918349891,-0.0147141048355953,-0.32483243304392084,0.0,0.0,0.0,inf,0.0
413,TrialState.COMPLETE,0.5428153396175821,0.8021343294238198,0.07199152686297855,0.5428153396175821,103333.10424027524,3408.1042402752355,0.03420190629541153,0.06546216072525098,0.5464143623638323,-0.02866884251279611,23861.276088030143,13.0,218.86127608803014,2.085791666010036,0.20004620032554823,104405.33184806425,4555.331848064248,0.045749909919045706,0.3617198435571055,0.30497452733409314,-0.3569731755453921,0.0,0.0,0.0,inf,0.0,105937.92688702447,6012.9268870244705,0.060344604591427986,0.07291034989821252,0.8400238457539017,-0.048152347545340146,0.0,0.0,0.0,2.434764661561045,0.1916247086783912,94137.82318598832,-5862.1768140116765,-0.05877798846322113,0.3335077918349891,-0.0147141048355953,-0.32483243304392084,0.0,0.0,0.0,inf,0.0
414,TrialState.COMPLETE,0.5870715510028977,0.8382548247501759,0.06815497361707128,0.5870715510028977,103518.50507740406,3593.5050774040574,0.03606257948080693,0.06337361874176983,0.5906575358204059,-0.025113675635643817,24703.851672075856,15.0,249.70385167207587,1.9962737210525416,0.20898908200453456,104405.33184806425,4555.331848064248,0.045749909919045706,0.3617198435571055,0.30497452733409314,-0.3569731755453921,0.0,0.0,0.0,inf,0.0,106008.82542560677,6083.825425606774,0.061056186215274755,0.07038081418959159,0.877167379944547,-0.04297301325764047,0.0,0.0,0.0,2.329850376570317,0.200103776223852,94137.82318598832,-5862.1768140116765,-0.05877798846322113,0.3335077918349891,-0.0147141048355953,-0.32483243304392084,0.0,0.0,0.0,inf,0.0
415,TrialState.COMPLETE,0.5485585862183291,0.8238405643497599,0.0742404331304187,0.5485585862183291,103310.49873477485,3385.498734774854,0.03397503924164513,0.06419022211907108,0.552537821632816,-0.025032257590209994,24506.97649680275,13.0,219.50697649680274,2.03083602790703,0.2054046237326719,104405.33184806425,4555.331848064248,0.045749909919045706,0.3617198435571055,0.30497452733409314,-0.3569731755453921,0.0,0.0,0.0,inf,0.0,105980.53262430656,6055.532624306565,0.06077222198959298,0.07134446581339221,0.8625266262468478,-0.04503998399877562,0.0,0.0,0.0,2.370614416938247,0.1967213776405453,94137.82318598832,-5862.1768140116765,-0.05877798846322113,0.3335077918349891,-0.0147141048355953,-0.32483243304392084,0.0,0.0,0.0,inf,0.0
416,TrialState.COMPLETE,0.6203271596102937,0.837775287940308,0.07054419367125732,0.6203271596102937,103724.94724797478,3799.9472479747783,0.03813443316917309,0.06337814372529622,0.6221365612909054,-0.022299156927821806,22251.516911986135,13.0,217.25151691198613,2.0064045533757997,0.20987657286624367,104405.33184806425,4555.331848064248,0.045749909919045706,0.3617198435571055,0.30497452733409314,-0.3569731755453921,0.0,0.0,0.0,inf,0.0,106007.88417442216,6082.884174422157,0.061046739227127,0.07041186155354472,0.8766852509066843,-0.04304177990632019,0.0,0.0,0.0,2.331183966893561,0.19999127653219392,94137.82318598832,-5862.1768140116765,-0.05877798846322113,0.3335077918349891,-0.0147141048355953,-0.32483243304392084,0.0,0.0,0.0,inf,0.0
417,TrialState.COMPLETE,0.6193865865228252,0.8166319296822091,0.06689487795704026,0.6193865865228252,103777.00172269346,3852.001722693458,0.03865685368298566,0.06445761374973988,0.6205948896495088,-0.026045874664925583,21312.408278303294,13.0,216.31240827830328,2.0501286731089996,0.20533702766584916,104405.33184806425,4555.331848064248,0.045749909919045706,0.3617198435571055,0.30497452733409314,-0.3569731755453921,0.0,0.0,0.0,inf,0.0,105966.38327063652,6041.383270636521,0.060630210316516386,0.07184952294059647,0.8551043381687359,-0.04607363360604688,0.0,0.0,0.0,2.3915404824620223,0.19502919913524946,94137.82318598832,-5862.1768140116765,-0.05877798846322113,0.3335077918349891,-0.0147141048355953,-0.32483243304392084,0.0,0.0,0.0,inf,0.0
418,TrialState.COMPLETE,0.6246173390276414,0.8492829631931264,0.0704656502750636,0.6246173390276414,103727.29286888613,3802.2928688861284,0.038157973886504326,0.06292830813672018,0.6264924555541947,-0.020471549416663404,22394.431134090697,13.0,217.3944311340907,1.979046360507836,0.21281298443488936,104405.33184806425,4555.331848064248,0.045749909919045706,0.3617198435571055,0.30497452733409314,-0.3569731755453921,0.0,0.0,0.0,inf,0.0,106030.47183138895,6105.471831388946,0.06127344320475259,0.0696864696081334,0.8881461840844773,-0.041391511658998126,0.0,0.0,0.0,2.2995967230558585,0.20269048214676408,94137.82318598832,-5862.1768140116765,-0.05877798846322113,0.3335077918349891,-0.0147141048355953,-0.32483243304392084,0.0,0.0,0.0,inf,0.0
419,TrialState.COMPLETE,0.5508724146389308,0.8390570940356148,0.07636360703548786,0.5508724146389308,103289.10181893285,3364.101818932846,0.033760301623118494,0.0634256487969673,0.5551536518552593,-0.022482717768154026,25002.62000420803,13.0,220.00262000420804,1.9940549294112229,0.20913156155089788,104405.33184806425,4555.331848064248,0.045749909919045706,0.3617198435571055,0.30497452733409314,-0.3569731755453921,0.0,0.0,0.0,inf,0.0,106010.40014708751,6085.400147087508,0.06107199110975192,0.07032902956504448,0.877973152982018,-0.042857965711947665,0.0,0.0,0.0,2.3276226766794785,0.2002919851024699,94137.82318598832,-5862.1768140116765,-0.05877798846322113,0.3335077918349891,-0.0147141048355953,-0.32483243304392084,0.0,0.0,0.0,inf,0.0
420,TrialState.COMPLETE,0.5781240691340943,0.8396844315402444,0.07291171115619252,0.5781240691340943,103456.30016257729,3531.3001625772886,0.03543829316058078,0.06332426546214545,0.58155032936669,-0.02219253670289678,24133.40024499171,13.0,219.13340024499172,1.99409638181777,0.21002199737790053,104405.33184806425,4555.331848064248,0.045749909919045706,0.3617198435571055,0.30497452733409314,-0.3569731755453921,0.0,0.0,0.0,inf,0.0,106011.63150651031,6086.631506510312,0.061084349807265514,0.0702886743189113,0.878602495687379,-0.04276800355175103,0.0,0.0,0.0,2.3258836840926693,0.20043915218113958,94137.82318598832,-5862.1768140116765,-0.05877798846322113,0.3335077918349891,-0.0147141048355953,-0.32483243304392084,0.0,0.0,0.0,inf,0.0
421,TrialState.COMPLETE,0.6246087317388651,0.8492532506789034,0.07065892928696413,0.6246087317388651,103727.30830366042,3802.308303660422,0.03815812879033764,0.0629295824102613,0.6264834170167839,-0.020476538613436013,22393.64765569489,13.0,217.3936476556949,1.9791156006821742,0.2128056209872861,104405.33184806425,4555.331848064248,0.045749909919045706,0.3617198435571055,0.30497452733409314,-0.3569731755453921,0.0,0.0,0.0,inf,0.0,106030.4135106542,6105.413510654194,0.06127285786088876,0.0696882891774445,0.8881169029286753,-0.041395772720815516,0.0,0.0,0.0,2.2996771782090017,0.20268351421819558,94137.82318598832,-5862.1768140116765,-0.05877798846322113,0.3335077918349891,-0.0147141048355953,-0.32483243304392084,0.0,0.0,0.0,inf,0.0
422,TrialState.COMPLETE,0.2322128182066048,0.35605097101311123,0.06936235157639098,0.2322128182066048,102833.54015762125,2908.540157621246,0.02918835276918963,0.11998566749200415,0.2998052986271894,-0.11484042853029441,10216.98912633375,6.0,100.21698912633374,4.7270537994613955,0.08445501703822972,104405.33184806425,4555.331848064248,0.045749909919045706,0.3617198435571055,0.30497452733409314,-0.3569731755453921,0.0,0.0,0.0,inf,0.0,105062.33927640275,5137.339276402752,0.05155677341060949,0.1239482487321,0.4675686648435212,-0.11995148380109844,0.0,0.0,0.0,5.4851930709498475,0.0859321328473375,94137.82318598832,-5862.1768140116765,-0.05877798846322113,0.3335077918349891,-0.0147141048355953,-0.32483243304392084,0.0,0.0,0.0,inf,0.0
423,TrialState.COMPLETE,0.5261929305875978,0.8272194967298753,0.06557359944787633,0.5261929305875978,103173.06039825629,3248.06039825629,0.03259572197288296,0.06406803309955512,0.5326368697162099,-0.026914714780301385,28618.5022391874,17.0,283.6185022391874,2.0290362237719486,0.20439342632030086,104405.33184806425,4555.331848064248,0.045749909919045706,0.3617198435571055,0.30497452733409314,-0.3569731755453921,0.0,0.0,0.0,inf,0.0,105987.16490787703,6062.164907877028,0.06083878771137963,0.07111298121066242,0.8659844331516707,-0.04455546543278399,0.0,0.0,0.0,2.3609312000341167,0.19751441515398904,94137.82318598832,-5862.1768140116765,-0.05877798846322113,0.3335077918349891,-0.0147141048355953,-0.32483243304392084,0.0,0.0,0.0,inf,0.0
424,TrialState.COMPLETE,0.6207624901279729,0.8391054165671095,0.07069096234607491,0.6207624901279729,103724.2430702317,3799.243070231707,0.038127366021855735,0.06331441903390303,0.6225913581950684,-0.022075652141535396,22286.845454210335,13.0,217.28684545421032,2.003224051759795,0.21020614679427332,104405.33184806425,4555.331848064248,0.045749909919045706,0.3617198435571055,0.30497452733409314,-0.3569731755453921,0.0,0.0,0.0,inf,0.0,106010.4949961985,6085.494996198497,0.06107294307506206,0.07032591677589661,0.8780216529987439,-0.04285103611904473,0.0,0.0,0.0,2.327488633187587,0.2003033211943275,94137.82318598832,-5862.1768140116765,-0.05877798846322113,0.3335077918349891,-0.0147141048355953,-0.32483243304392084,0.0,0.0,0.0,inf,0.0
425,TrialState.COMPLETE,0.5765603335998796,0.8491629946977911,0.0747712657868552,0.5765603335998796,103426.65368246597,3501.6536824659706,0.03514076249987519,0.06292719308060124,0.5802543532281849,-0.020602208920587728,24519.381743062142,13.0,219.51938174306213,1.97119530390219,0.21239293491944478,104405.33184806425,4555.331848064248,0.045749909919045706,0.3617198435571055,0.30497452733409314,-0.3569731755453921,0.0,0.0,0.0,inf,0.0,106030.23635313983,6105.23635313983,0.061271079795778505,0.06969381808935401,0.8880279468029424,-0.041408716297576365,0.0,0.0,0.0,2.2999216066888777,0.20266234810301748,94137.82318598832,-5862.1768140116765,-0.05877798846322113,0.3335077918349891,-0.0147141048355953,-0.32483243304392084,0.0,0.0,0.0,inf,0.0
426,TrialState.COMPLETE,0.6172168428757687,0.8267759723832387,0.06826323207276816,0.6172168428757687,103738.98458633981,3813.9845863398077,0.038275312312984644,0.06400769650450694,0.6187652920219818,-0.024250630155671415,21800.95254383076,13.0,216.80095254383076,2.032921146104102,0.20723348241652023,104405.33184806425,4555.331848064248,0.045749909919045706,0.3617198435571055,0.30497452733409314,-0.3569731755453921,0.0,0.0,0.0,inf,0.0,105986.29434318203,6061.294343182031,0.060830050182141715,0.07114317323019004,0.865531388140605,-0.04461906458473908,0.0,0.0,0.0,2.3621977226507944,0.19741032494773997,94137.82318598832,-5862.1768140116765,-0.05877798846322113,0.3335077918349891,-0.0147141048355953,-0.32483243304392084,0.0,0.0,0.0,inf,0.0
427,TrialState.COMPLETE,0.46112910930300854,0.809248497613145,0.07885532736792758,0.46112910930300854,102796.96788458175,2871.9678845817543,0.0288213213038222,0.06542030583635657,0.4670034795911081,-0.02944613516804817,25747.905417275666,12.0,205.74790541727566,2.0729176630689277,0.2015782170014373,104405.33184806425,4555.331848064248,0.045749909919045706,0.3617198435571055,0.30497452733409314,-0.3569731755453921,0.0,0.0,0.0,inf,0.0,105951.89081867308,6026.890818673084,0.06048475515056517,0.07238237133051773,0.8474463988043708,-0.047132311902131074,0.0,0.0,0.0,2.4133604509201114,0.19329555196685608,94137.82318598832,-5862.1768140116765,-0.05877798846322113,0.3335077918349891,-0.0147141048355953,-0.32483243304392084,0.0,0.0,0.0,inf,0.0
428,TrialState.COMPLETE,0.5334268584003474,0.8499613184845849,0.07259650311765259,0.5334268584003474,103161.41437871948,3236.414378719477,0.03247884392855327,0.06288662175787078,0.5396480582948421,-0.020468261766217744,28175.470811642746,15.0,253.17547081164275,1.9660147296983936,0.21229083785293476,104405.33184806425,4555.331848064248,0.045749909919045706,0.3617198435571055,0.30497452733409314,-0.3569731755453921,0.0,0.0,0.0,inf,0.0,106031.80333026167,6106.803330261668,0.061286806971726726,0.06964500368802566,0.8888142254701237,-0.041294228792740695,0.0,0.0,0.0,2.297761411764179,0.20284956242198215,94137.82318598832,-5862.1768140116765,-0.05877798846322113,0.3335077918349891,-0.0147141048355953,-0.32483243304392084,0.0,0.0,0.0,inf,0.0
429,TrialState.COMPLETE,0.6234262889445648,0.8376732636244547,0.06989388520817666,0.6234262889445648,103742.94596357337,3817.9459635733656,0.03831506882176683,0.06335191847614537,0.6251138715339246,-0.022325256693889295,22098.50258443421,13.0,217.09850258443421,2.0049140048964653,0.21012266409485034,104405.33184806425,4555.331848064248,0.045749909919045706,0.3617198435571055,0.30497452733409314,-0.3569731755453921,0.0,0.0,0.0,inf,0.0,106007.68391761981,6082.683917619812,0.06104472932409455,0.07041847616352617,0.8765826273977282,-0.04305641040128727,0.0,0.0,0.0,2.3314678931684925,0.1999673413157874,94137.82318598832,-5862.1768140116765,-0.05877798846322113,0.3335077918349891,-0.0147141048355953,-0.32483243304392084,0.0,0.0,0.0,inf,0.0
430,TrialState.COMPLETE,0.5250691022941256,0.8252489362002098,0.0662757678247527,0.5250691022941256,103169.67388084417,3244.6738808441733,0.032561735289750926,0.0641551043219668,0.5314881758162938,-0.027260958874499308,28551.910867476872,17.0,283.55191086747686,2.033011815716985,0.20393698870729102,104405.33184806425,4555.331848064248,0.045749909919045706,0.3617198435571055,0.30497452733409314,-0.3569731755453921,0.0,0.0,0.0,inf,0.0,105983.29702454711,6058.297024547108,0.06079996722788672,0.07124756988667505,0.8639696295500435,-0.0448380328691671,0.0,0.0,0.0,2.366568720583328,0.19705193453863626,94137.82318598832,-5862.1768140116765,-0.05877798846322113,0.3335077918349891,-0.0147141048355953,-0.32483243304392084,0.0,0.0,0.0,inf,0.0
431,TrialState.COMPLETE,0.515280063934941,0.8381904712736983,0.08565063246218273,0.515280063934941,103085.1714536474,3160.171453647403,0.031713680044219705,0.06411180744808173,0.5189940430160385,-0.02477667074221368,22938.92034361758,10.0,172.93892034361758,2.0073198688399936,0.2073785659768007,104405.33184806425,4555.331848064248,0.045749909919045706,0.3617198435571055,0.30497452733409314,-0.3569731755453921,0.0,0.0,0.0,inf,0.0,106008.69911041117,6083.699110411166,0.061054918436611816,0.07038497662335823,0.877102700128975,-0.04298224169860787,0.0,0.0,0.0,2.330029254732911,0.2000886789568147,94137.82318598832,-5862.1768140116765,-0.05877798846322113,0.3335077918349891,-0.0147141048355953,-0.32483243304392084,0.0,0.0,0.0,inf,0.0
432,TrialState.COMPLETE,0.5802497307048534,0.8493047144133362,0.07377032035198328,0.5802497307048534,103448.1408137282,3523.140813728198,0.03535640630124526,0.06289447936780566,0.5838349875960489,-0.020578430443473072,24409.897138736058,13.0,219.40989713873606,1.971508762858717,0.21240172450124578,104405.33184806425,4555.331848064248,0.045749909919045706,0.3617198435571055,0.30497452733409314,-0.3569731755453921,0.0,0.0,0.0,inf,0.0,106030.51452542501,6105.514525425009,0.06127387170916321,0.06968513775873747,0.8881676184446263,-0.04138839232334568,0.0,0.0,0.0,2.299537828958289,0.20269558305530505,94137.82318598832,-5862.1768140116765,-0.05877798846322113,0.3335077918349891,-0.0147141048355953,-0.32483243304392084,0.0,0.0,0.0,inf,0.0
433,TrialState.COMPLETE,0.45873148786592877,0.8152835597776918,0.06058101630064262,0.45873148786592877,102785.92652524792,2860.9265252479236,0.028710512667087906,0.0647609021761431,0.46942668291515405,-0.02995560366226513,34985.67508183081,23.0,379.9856750818308,2.0504727812713344,0.2009640198592122,104405.33184806425,4555.331848064248,0.045749909919045706,0.3617198435571055,0.30497452733409314,-0.3569731755453921,0.0,0.0,0.0,inf,0.0,105963.73664425901,6038.736644259014,0.060603647141490136,0.0719456680927662,0.8537097449439632,-0.04626697320603124,0.0,0.0,0.0,2.3954957703778805,0.19471263173519465,94137.82318598832,-5862.1768140116765,-0.05877798846322113,0.3335077918349891,-0.0147141048355953,-0.32483243304392084,0.0,0.0,0.0,inf,0.0
434,TrialState.COMPLETE,0.6275194333871654,0.8498554669906494,0.07109699010531956,0.6275194333871654,103736.25002157665,3811.2500215766486,0.03824786813587844,0.06275680553507558,0.6294116007649031,-0.020278331367027613,22473.32217905646,13.0,217.47332217905645,1.978368275109923,0.2128545422608236,104405.33184806425,4555.331848064248,0.045749909919045706,0.3617198435571055,0.30497452733409314,-0.3569731755453921,0.0,0.0,0.0,inf,0.0,106031.59556134374,6106.59556134374,0.061284721671092335,0.06965146449540681,0.8887100423082742,-0.04130940896519786,0.0,0.0,0.0,2.2980476033433233,0.20282473955566685,94137.82318598832,-5862.1768140116765,-0.05877798846322113,0.3335077918349891,-0.0147141048355953,-0.32483243304392084,0.0,0.0,0.0,inf,0.0
435,TrialState.COMPLETE,0.5692180752368171,0.8497519073039688,0.07601133845383519,0.5692180752368171,103381.0475228936,3456.0475228935975,0.03468306171460456,0.06293085224249745,0.5731972892514173,-0.020503397973186455,24860.238409683378,13.0,219.86023840968338,1.971678593705505,0.21214976688271722,104405.33184806425,4555.331848064248,0.045749909919045706,0.3617198435571055,0.30497452733409314,-0.3569731755453921,0.0,0.0,0.0,inf,0.0,106031.39229086327,6106.392290863267,0.06128268151963989,0.06965778885281859,0.8886080936919024,-0.04132426046220161,0.0,0.0,0.0,2.2983276675452786,0.2028004540476233,94137.82318598832,-5862.1768140116765,-0.05877798846322113,0.3335077918349891,-0.0147141048355953,-0.32483243304392084,0.0,0.0,0.0,inf,0.0
436,TrialState.COMPLETE,0.5715014185305952,0.8275762927671385,0.07204208668780125,0.5715014185305952,103445.51151584291,3520.5115158429107,0.035330018789297535,0.06395159437558467,0.574835845305149,-0.02422395764612284,23896.070802151742,13.0,218.89607080215174,2.022612443136762,0.20705128456522714,104405.33184806425,4555.331848064248,0.045749909919045706,0.3617198435571055,0.30497452733409314,-0.3569731755453921,0.0,0.0,0.0,inf,0.0,105987.86523929253,6062.865239292529,0.06084581667359101,0.07108873553517395,0.8663487007746674,-0.044504302588152966,0.0,0.0,0.0,2.3599133230072065,0.19759815004924183,94137.82318598832,-5862.1768140116765,-0.05877798846322113,0.3335077918349891,-0.0147141048355953,-0.32483243304392084,0.0,0.0,0.0,inf,0.0
437,TrialState.COMPLETE,0.39602998779762505,0.8309685868328764,0.05084460069620355,0.39602998779762505,102380.44749045455,2455.4474904545496,0.024641237563177265,0.06390500307369174,0.41283583469460394,-0.026345554212121924,44852.60736082477,33.0,539.8526073608248,2.012192064243576,0.2041016720675107,104405.33184806425,4555.331848064248,0.045749909919045706,0.3617198435571055,0.30497452733409314,-0.3569731755453921,0.0,0.0,0.0,inf,0.0,105994.52374963502,6069.523749635016,0.06091264563629384,0.07086011600179364,0.8698034463270403,-0.04401785964764515,0.0,0.0,0.0,2.350279360799555,0.19839422165092982,94137.82318598832,-5862.1768140116765,-0.05877798846322113,0.3335077918349891,-0.0147141048355953,-0.32483243304392084,0.0,0.0,0.0,inf,0.0
438,TrialState.COMPLETE,0.5582882323769631,0.7874292023880404,0.06847221985731136,0.5582882323769631,103478.65426653619,3553.654266536192,0.035662638036855654,0.06638974942851299,0.5609596947855994,-0.030958751737250823,22738.766303094344,13.0,217.73876630309434,2.1257588523215265,0.19709707701134624,104405.33184806425,4555.331848064248,0.045749909919045706,0.3617198435571055,0.30497452733409314,-0.3569731755453921,0.0,0.0,0.0,inf,0.0,105909.06316278466,5984.06316278466,0.06005491076118896,0.07404566643093931,0.8245822395648365,-0.05026067550032043,0.0,0.0,0.0,2.480233541229084,0.1881697260719726,94137.82318598832,-5862.1768140116765,-0.05877798846322113,0.3335077918349891,-0.0147141048355953,-0.32483243304392084,0.0,0.0,0.0,inf,0.0
439,TrialState.COMPLETE,0.45327465539918754,0.8495815802068765,0.06388985258667562,0.45327465539918754,102687.47551703421,2762.4755170342105,0.027722481600620297,0.06306391542096214,0.46509989469148477,-0.024460215328250934,36748.22293902656,23.0,381.74822293902656,1.9677870716163421,0.2091678550179293,104405.33184806425,4555.331848064248,0.045749909919045706,0.3617198435571055,0.30497452733409314,-0.3569731755453921,0.0,0.0,0.0,inf,0.0,106031.05796703533,6106.057967035333,0.06127932603370456,0.06966819805937947,0.8884403709716848,-0.04134868705962158,0.0,0.0,0.0,2.2987884443428226,0.20276051090695285,94137.82318598832,-5862.1768140116765,-0.05877798846322113,0.3335077918349891,-0.0147141048355953,-0.32483243304392084,0.0,0.0,0.0,inf,0.0
440,TrialState.COMPLETE,0.6301583403013742,0.8499965556149972,0.06997313320041455,0.6301583403013742,103753.85216271925,3828.852162719253,0.03842452380722072,0.06278611477743494,0.6318572649368149,-0.020512682111623715,22175.759655181537,13.0,217.17575965518154,1.970376668763067,0.21352392696433295,104405.33184806425,4555.331848064248,0.045749909919045706,0.3617198435571055,0.30497452733409314,-0.3569731755453921,0.0,0.0,0.0,inf,0.0,106031.8724949014,6106.8724949013995,0.061287501151920054,0.06964285372342097,0.8888489023737344,-0.04128917543099253,0.0,0.0,0.0,2.2976661566505108,0.20285782573949074,94137.82318598832,-5862.1768140116765,-0.05877798846322113,0.3335077918349891,-0.0147141048355953,-0.32483243304392084,0.0,0.0,0.0,inf,0.0
441,TrialState.COMPLETE,0.5271763518695649,0.8370085462775936,0.06732668351574812,0.5271763518695649,103156.29624486512,3231.2962448651233,0.032427478967323564,0.06355826024396871,0.5338328254560568,-0.02531944284473253,28958.769118408665,17.0,283.95876911840867,2.0044488741056132,0.20682138480654388,104405.33184806425,4555.331848064248,0.045749909919045706,0.3617198435571055,0.30497452733409314,-0.3569731755453921,0.0,0.0,0.0,inf,0.0,106006.37918776937,6081.379187769373,0.061031634236182075,0.07046165028589307,0.8759135995337036,-0.04315173205608136,0.0,0.0,0.0,2.3333194479215846,0.1998113945648468,94137.82318598832,-5862.1768140116765,-0.05877798846322113,0.3335077918349891,-0.0147141048355953,-0.32483243304392084,0.0,0.0,0.0,inf,0.0
442,TrialState.COMPLETE,0.5678883576151925,0.8149752537145887,0.07097262656469697,0.5678883576151925,103456.51960293233,3531.519602932327,0.035440495454393206,0.06464476935280963,0.5710128753520367,-0.026337953675255377,23532.21876335834,13.0,218.53221876335834,2.053885807902099,0.20393169318693494,104405.33184806425,4555.331848064248,0.045749909919045706,0.3617198435571055,0.30497452733409314,-0.3569731755453921,0.0,0.0,0.0,inf,0.0,105963.13149061688,6038.131490616885,0.06059757344647476,0.07196772525994227,0.8533906122551742,-0.046311180320994016,0.0,0.0,0.0,2.3964019891456028,0.19464024622841625,94137.82318598832,-5862.1768140116765,-0.05877798846322113,0.3335077918349891,-0.0147141048355953,-0.32483243304392084,0.0,0.0,0.0,inf,0.0
443,TrialState.COMPLETE,0.4388707001195766,0.601496527610761,0.07453330483754078,0.4388707001195766,103312.6327415457,3387.6327415457054,0.03399645595789802,0.08454079874588391,0.4377066890155646,-0.06816221773850517,14401.402964995028,8.0,134.40140296499501,2.7500358291386178,0.15058351542317788,104405.33184806425,4555.331848064248,0.045749909919045706,0.3617198435571055,0.30497452733409314,-0.3569731755453921,0.0,0.0,0.0,inf,0.0,105544.10817539216,5619.108175392161,0.05639202004434862,0.09249904307972369,0.6392945110351881,-0.07991400908193791,0.0,0.0,0.0,3.246915367680906,0.14432326292199288,94137.82318598832,-5862.1768140116765,-0.05877798846322113,0.3335077918349891,-0.0147141048355953,-0.32483243304392084,0.0,0.0,0.0,inf,0.0
444,TrialState.COMPLETE,0.4012118767963116,0.8274036310427586,0.06443661506316278,0.4012118767963116,102394.44370907868,2469.4437090786814,0.024781698993646017,0.06402694439991628,0.4143114217331073,-0.026822680960985612,37824.29078883678,23.0,382.8242907888368,2.0204401394788887,0.20452917723195657,104405.33184806425,4555.331848064248,0.045749909919045706,0.3617198435571055,0.30497452733409314,-0.3569731755453921,0.0,0.0,0.0,inf,0.0,105987.52633297865,6062.526332978654,0.060842415198758104,0.07110046383579403,0.8661724443315808,-0.04452906146382252,0.0,0.0,0.0,2.3604057872513193,0.19755762895492887,94137.82318598832,-5862.1768140116765,-0.05877798846322113,0.3335077918349891,-0.0147141048355953,-0.32483243304392084,0.0,0.0,0.0,inf,0.0
445,TrialState.COMPLETE,0.6211925783437049,0.8382145181920555,0.06949707145129128,0.6211925783437049,103733.04259938996,3808.0425993899553,0.03821567834947959,0.0634307956629978,0.6229070470103133,-0.022330067516081575,22102.57136522638,13.0,217.10257136522637,2.0051792481164843,0.2100695475960634,104405.33184806425,4555.331848064248,0.045749909919045706,0.3617198435571055,0.30497452733409314,-0.3569731755453921,0.0,0.0,0.0,inf,0.0,106008.74631052172,6083.7463105217175,0.06105539216657507,0.07038342110090147,0.877126869773549,-0.04297879331387322,0.0,0.0,0.0,2.329962410241385,0.20009432034584226,94137.82318598832,-5862.1768140116765,-0.05877798846322113,0.3335077918349891,-0.0147141048355953,-0.32483243304392084,0.0,0.0,0.0,inf,0.0
446,TrialState.COMPLETE,0.5410883136337226,0.7991942308255733,0.07268884196935853,0.5410883136337226,103330.87984073939,3405.8798407393915,0.034179582392686925,0.06565553648656333,0.5446696165824302,-0.02916138813969238,23814.76755864121,13.0,218.81476755864122,2.093516031379284,0.19929366452197225,104405.33184806425,4555.331848064248,0.045749909919045706,0.3617198435571055,0.30497452733409314,-0.3569731755453921,0.0,0.0,0.0,inf,0.0,105932.15596134849,6007.155961348486,0.06028668406634785,0.07313265012946153,0.8369458177517273,-0.04857389168271298,0.0,0.0,0.0,2.443721743447286,0.19093407219189862,94137.82318598832,-5862.1768140116765,-0.05877798846322113,0.3335077918349891,-0.0147141048355953,-0.32483243304392084,0.0,0.0,0.0,inf,0.0
447,TrialState.COMPLETE,0.527293918946248,0.8379260090521868,0.06661412741378228,0.527293918946248,103155.60354968044,3230.6035496804398,0.03242052716427124,0.06352541346460419,0.5339699279863658,-0.025146782650823485,28994.29307621868,17.0,283.9942930762187,2.003179827393505,0.20698833503462047,104405.33184806425,4555.331848064248,0.045749909919045706,0.3617198435571055,0.30497452733409314,-0.3569731755453921,0.0,0.0,0.0,inf,0.0,106008.18001495436,6083.180014954356,0.061049708468519315,0.07040209559153389,0.8768368266556599,-0.043020166178900254,0.0,0.0,0.0,2.3307646474838655,0.20002663601419135,94137.82318598832,-5862.1768140116765,-0.05877798846322113,0.3335077918349891,-0.0147141048355953,-0.32483243304392084,0.0,0.0,0.0,inf,0.0
448,TrialState.COMPLETE,0.606577648354618,0.8213352899997143,0.07595788319617422,0.606577648354618,103672.43197736572,3747.431977365719,0.037607388821681687,0.06411573920137924,0.6077947009076156,-0.025452000858773083,20866.06738207177,11.0,185.86606738207178,2.033290348278027,0.20666884786267123,104405.33184806425,4555.331848064248,0.045749909919045706,0.3617198435571055,0.30497452733409314,-0.3569731755453921,0.0,0.0,0.0,inf,0.0,105975.61518647624,6050.615186476236,0.06072286753331313,0.07151827204540813,0.859953800957671,-0.04539922039110633,0.0,0.0,0.0,2.3778453731201084,0.19613332888524646,94137.82318598832,-5862.1768140116765,-0.05877798846322113,0.3335077918349891,-0.0147141048355953,-0.32483243304392084,0.0,0.0,0.0,inf,0.0
449,TrialState.COMPLETE,0.6239781341828274,0.8495921346424302,0.07123943810020475,0.6239781341828274,103718.69134138529,3793.691341385289,0.03807164872212687,0.06284001869055267,0.6259604750053782,-0.02031349511713576,22565.37525565377,13.0,217.56537525565378,1.9784977801573067,0.2128040722891828,104405.33184806425,4555.331848064248,0.045749909919045706,0.3617198435571055,0.30497452733409314,-0.3569731755453921,0.0,0.0,0.0,inf,0.0,106031.07868364098,6106.0786836409825,0.061279533958694676,0.06966755277887542,0.8884507656637842,-0.04134717344929362,0.0,0.0,0.0,2.2987598866225967,0.2027629860177468,94137.82318598832,-5862.1768140116765,-0.05877798846322113,0.3335077918349891,-0.0147141048355953,-0.32483243304392084,0.0,0.0,0.0,inf,0.0
450,TrialState.COMPLETE,0.6182687568026064,0.8296871961783572,0.06838586667503549,0.6182687568026064,103737.47229150023,3812.472291500235,0.038260134874642304,0.06385539748203697,0.6198594595699399,-0.023761837446179657,21877.717536914555,13.0,216.87771753691456,2.025787989847867,0.20795537627079866,104405.33184806425,4555.331848064248,0.045749909919045706,0.3617198435571055,0.30497452733409314,-0.3569731755453921,0.0,0.0,0.0,inf,0.0,105992.00859241074,6067.008592410741,0.06088740194833475,0.07094606872283712,0.8685003217418489,-0.04420160741762569,0.0,0.0,0.0,2.353909193852674,0.19809352780717068,94137.82318598832,-5862.1768140116765,-0.05877798846322113,0.3335077918349891,-0.0147141048355953,-0.32483243304392084,0.0,0.0,0.0,inf,0.0
451,TrialState.COMPLETE,0.609430102416549,0.838192418667127,0.07839959289550155,0.609430102416549,103644.12120220665,3719.1212022066466,0.03732326159792998,0.06324856304787793,0.6109239659966025,-0.022801776950759578,21276.804350371203,11.0,186.2768043503712,1.9922731499714992,0.2107407915217906,104405.33184806425,4555.331848064248,0.045749909919045706,0.3617198435571055,0.30497452733409314,-0.3569731755453921,0.0,0.0,0.0,inf,0.0,106008.70293282118,6083.702932821179,0.06105495680071993,0.07038485064575942,0.8771046574960422,-0.042981962437817156,0.0,0.0,0.0,2.3300238413176158,0.200089135814025,94137.82318598832,-5862.1768140116765,-0.05877798846322113,0.3335077918349891,-0.0147141048355953,-0.32483243304392084,0.0,0.0,0.0,inf,0.0
452,TrialState.COMPLETE,0.5797691075198286,0.849469017966279,0.07370436711686731,0.5797691075198286,103444.71475309,3519.7147530899965,0.035322022515530405,0.06288723235114803,0.5833669746249248,-0.020550862712240825,24417.9096486605,13.0,219.4179096486605,1.9711481522083967,0.21242399982475677,104405.33184806425,4555.331848064248,0.045749909919045706,0.3617198435571055,0.30497452733409314,-0.3569731755453921,0.0,0.0,0.0,inf,0.0,106030.83702603533,6105.837026035326,0.06127710852974322,0.06967508211878504,0.8883294989355212,-0.04136482959237442,0.0,0.0,0.0,2.299093054366828,0.20273411398672134,94137.82318598832,-5862.1768140116765,-0.05877798846322113,0.3335077918349891,-0.0147141048355953,-0.32483243304392084,0.0,0.0,0.0,inf,0.0
453,TrialState.COMPLETE,0.613294202393431,0.8152309743569188,0.06932373357505581,0.613294202393431,103744.98496280264,3819.9849628026423,0.03833553228495812,0.0645774259114291,0.614771750606519,-0.02608712503182109,21689.4836014521,13.0,216.6894836014521,2.062193574011937,0.2042915365929975,104405.33184806425,4555.331848064248,0.045749909919045706,0.3617198435571055,0.30497452733409314,-0.3569731755453921,0.0,0.0,0.0,inf,0.0,105963.63342780416,6038.633427804161,0.06060261119751198,0.07194942828399786,0.853655319610233,-0.04627451328191401,0.0,0.0,0.0,2.3956502887377167,0.19470028554423294,94137.82318598832,-5862.1768140116765,-0.05877798846322113,0.3335077918349891,-0.0147141048355953,-0.32483243304392084,0.0,0.0,0.0,inf,0.0
454,TrialState.COMPLETE,0.4034026333779498,0.8498776132838265,0.06560446251691637,0.4034026333779498,102375.01596081295,2450.015960812947,0.024586728538652514,0.0629973124359867,0.41702299338457904,-0.023109843142110953,38766.55118022433,23.0,383.7665511802243,1.974478351654586,0.20932050989044165,104405.33184806425,4555.331848064248,0.045749909919045706,0.3617198435571055,0.30497452733409314,-0.3569731755453921,0.0,0.0,0.0,inf,0.0,106031.63903084221,6106.639030842212,0.06128515795854783,0.06965011246905663,0.8887318413604636,-0.04130623296387481,0.0,0.0,0.0,2.2979877203258594,0.20282993301329189,94137.82318598832,-5862.1768140116765,-0.05877798846322113,0.3335077918349891,-0.0147141048355953,-0.32483243304392084,0.0,0.0,0.0,inf,0.0
455,TrialState.COMPLETE,0.5303825672879263,0.829192355301902,0.07129508870140312,0.5303825672879263,103185.28892226303,3260.288922263033,0.032718446000669976,0.06383625450375886,0.5361989417520328,-0.023952832250684897,27486.997932682687,15.0,252.4869979326827,2.015257932770197,0.20715616618770274,104405.33184806425,4555.331848064248,0.045749909919045706,0.3617198435571055,0.30497452733409314,-0.3569731755453921,0.0,0.0,0.0,inf,0.0,105991.03730188299,6066.037301882985,0.06087765347072249,0.0709793933238942,0.8679964781515858,-0.04427256589940132,0.0,0.0,0.0,2.355313946900787,0.19797740387889964,94137.82318598832,-5862.1768140116765,-0.05877798846322113,0.3335077918349891,-0.0147141048355953,-0.32483243304392084,0.0,0.0,0.0,inf,0.0
456,TrialState.COMPLETE,0.5832536454879483,0.8367577716490144,0.06813072941481758,0.5832536454879483,103498.57822395509,3573.57822395509,0.03586259417371762,0.06345650104558925,0.5869272278736812,-0.025360846927824476,24778.904050224264,15.0,249.77890405022427,2.0006385645145515,0.20844530350216564,104405.33184806425,4555.331848064248,0.045749909919045706,0.3617198435571055,0.30497452733409314,-0.3569731755453921,0.0,0.0,0.0,inf,0.0,106005.88695878637,6080.886958786374,0.061026693917193287,0.07047797350463046,0.8756610166316936,-0.04318769350986873,0.0,0.0,0.0,2.3340187390877194,0.19975256039045824,94137.82318598832,-5862.1768140116765,-0.05877798846322113,0.3335077918349891,-0.0147141048355953,-0.32483243304392084,0.0,0.0,0.0,inf,0.0
457,TrialState.COMPLETE,0.538210841493948,0.8116000701500465,0.09409251078688319,0.538210841493948,103295.20264752605,3370.20264752605,0.033821529004968376,0.06567915936120935,0.5392316531743144,-0.02943876806599699,18675.03778764171,8.0,138.6750377876417,2.074639541153669,0.20098407933158877,104405.33184806425,4555.331848064248,0.045749909919045706,0.3617198435571055,0.30497452733409314,-0.3569731755453921,0.0,0.0,0.0,inf,0.0,105956.50656534902,6031.5065653490165,0.06053108161860998,0.07221097614505737,0.8498908985356329,-0.046795134026067275,0.0,0.0,0.0,2.4063678539912092,0.19384775477001112,94137.82318598832,-5862.1768140116765,-0.05877798846322113,0.3335077918349891,-0.0147141048355953,-0.32483243304392084,0.0,0.0,0.0,inf,0.0
458,TrialState.COMPLETE,0.46044222854979017,0.8376122662889149,0.062132057158937125,0.46044222854979017,102752.17003901143,2827.1700390114274,0.02837174025073952,0.06359085666201511,0.47170216271369214,-0.02628983156466025,35943.85075167041,23.0,380.9438507516704,1.9958121622893448,0.2064415106924157,104405.33184806425,4555.331848064248,0.045749909919045706,0.3617198435571055,0.30497452733409314,-0.3569731755453921,0.0,0.0,0.0,inf,0.0,106007.564189972,6082.564189972007,0.06104352766223542,0.07042243236803845,0.8765212638611671,-0.043065157540319365,0.0,0.0,0.0,2.3316376773694927,0.1999530311148047,94137.82318598832,-5862.1768140116765,-0.05877798846322113,0.3335077918349891,-0.0147141048355953,-0.32483243304392084,0.0,0.0,0.0,inf,0.0
459,TrialState.COMPLETE,0.5694777719918144,0.8248267617886359,0.07348413444358433,0.5694777719918144,103439.44701257946,3514.4470125794614,0.03526915572211009,0.06408788739400524,0.572832543633405,-0.02468523940914691,23906.30852718203,13.0,218.90630852718203,2.0310647486611564,0.20612712800813332,104405.33184806425,4555.331848064248,0.045749909919045706,0.3617198435571055,0.30497452733409314,-0.3569731755453921,0.0,0.0,0.0,inf,0.0,105982.46836623183,6057.4683662318275,0.06079165029799327,0.07127655396818124,0.8635373329577257,-0.04489857000147246,0.0,0.0,0.0,2.367780011006173,0.19695284827439752,94137.82318598832,-5862.1768140116765,-0.05877798846322113,0.3335077918349891,-0.0147141048355953,-0.32483243304392084,0.0,0.0,0.0,inf,0.0
460,TrialState.COMPLETE,0.6207345465432439,0.8390194798873506,0.07090276292678135,0.6207345465432439,103724.28856560391,3799.2885656039143,0.03812782261466641,0.06331851217071935,0.6225621569300024,-0.022090092334703493,22284.562954940495,13.0,217.2845629549405,2.0034292322448115,0.21018485412292204,104405.33184806425,4555.331848064248,0.045749909919045706,0.3617198435571055,0.30497452733409314,-0.3569731755453921,0.0,0.0,0.0,inf,0.0,106010.32631675615,6085.326316756153,0.06107125010213044,0.07033145305025551,0.877935398029277,-0.04286335969018362,0.0,0.0,0.0,2.327727026514688,0.20028316110157943,94137.82318598832,-5862.1768140116765,-0.05877798846322113,0.3335077918349891,-0.0147141048355953,-0.32483243304392084,0.0,0.0,0.0,inf,0.0
461,TrialState.COMPLETE,0.6151375171736514,0.8064692272635481,0.06611517969272392,0.6151375171736514,103781.8734140126,3856.8734140126035,0.038705746182887246,0.06505669953856431,0.6162007191683925,-0.027752762849984403,21047.18271549474,13.0,216.04718271549473,2.0759633198883525,0.20280938723792427,104405.33184806425,4555.331848064248,0.045749909919045706,0.3617198435571055,0.30497452733409314,-0.3569731755453921,0.0,0.0,0.0,inf,0.0,105946.4355721618,6021.435572161805,0.06043000295380785,0.07258695141937932,0.8445512763992782,-0.047530810090286146,0.0,0.0,0.0,2.4216774218811623,0.19264285790605756,94137.82318598832,-5862.1768140116765,-0.05877798846322113,0.3335077918349891,-0.0147141048355953,-0.32483243304392084,0.0,0.0,0.0,inf,0.0
462,TrialState.COMPLETE,0.5473857125470947,0.8271324677292651,0.07581887769676486,0.5473857125470947,103295.19948574396,3370.1994857439568,0.03382149727359751,0.06402388985854371,0.5514871638046183,-0.024480712111286662,24674.30254675247,13.0,219.67430254675247,2.0227368629668727,0.20616844415423882,104405.33184806425,4555.331848064248,0.045749909919045706,0.3617198435571055,0.30497452733409314,-0.3569731755453921,0.0,0.0,0.0,inf,0.0,105986.99408439049,6061.9940843904915,0.06083707322050924,0.07111890091852745,0.8658955562887136,-0.044567944962312867,0.0,0.0,0.0,2.3611796118555173,0.19749399054495367,94137.82318598832,-5862.1768140116765,-0.05877798846322113,0.3335077918349891,-0.0147141048355953,-0.32483243304392084,0.0,0.0,0.0,inf,0.0
463,TrialState.COMPLETE,0.6203972100863694,0.8358241627566068,0.06939642397200291,0.6203972100863694,103734.28431848956,3809.284318489561,0.038228140279720435,0.06354656217666967,0.62207698503689,-0.02273142299735531,22039.540958983576,13.0,217.03954095898357,2.010913816855173,0.20947696013163752,104405.33184806425,4555.331848064248,0.045749909919045706,0.3617198435571055,0.30497452733409314,-0.3569731755453921,0.0,0.0,0.0,inf,0.0,106004.05443945141,6079.0544394514145,0.061008301603640236,0.070538912133072,0.874719808356856,-0.04332157404477344,0.0,0.0,0.0,2.336625819316977,0.19953352223030218,94137.82318598832,-5862.1768140116765,-0.05877798846322113,0.3335077918349891,-0.0147141048355953,-0.32483243304392084,0.0,0.0,0.0,inf,0.0
464,TrialState.COMPLETE,0.5333353349303076,0.8491620625400501,0.07308998607287011,0.5333353349303076,103162.33314730163,3237.3331473016297,0.032488064577668174,0.06291949540918776,0.5395409558517804,-0.020602365322849536,28148.97617942063,15.0,253.14897617942063,1.9678651997430097,0.21209329140383323,104405.33184806425,4555.331848064248,0.045749909919045706,0.3617198435571055,0.30497452733409314,-0.3569731755453921,0.0,0.0,0.0,inf,0.0,106030.2345234691,6105.234523469102,0.061271061432043306,0.06969387520502296,0.888027027988129,-0.04140884997794414,0.0,0.0,0.0,2.299924131400972,0.20266212950046017,94137.82318598832,-5862.1768140116765,-0.05877798846322113,0.3335077918349891,-0.0147141048355953,-0.32483243304392084,0.0,0.0,0.0,inf,0.0
465,TrialState.COMPLETE,0.45327477164220425,0.849459532760765,0.06378224013581528,0.45327477164220425,102687.66672235035,2762.6667223503464,0.027724400489493206,0.06306903262016618,0.46509688638280655,-0.02448023484696371,36742.9438382747,23.0,381.7429438382747,1.968069796545923,0.20913795484133635,104405.33184806425,4555.331848064248,0.045749909919045706,0.3617198435571055,0.30497452733409314,-0.3569731755453921,0.0,0.0,0.0,inf,0.0,106030.81840815088,6105.818408150881,0.06127692166885135,0.06967566239626019,0.8883201550346999,-0.0413661898637836,0.0,0.0,0.0,2.299118726419793,0.20273188961089364,94137.82318598832,-5862.1768140116765,-0.05877798846322113,0.3335077918349891,-0.0147141048355953,-0.32483243304392084,0.0,0.0,0.0,inf,0.0
466,TrialState.COMPLETE,0.4820287038648261,0.8497843784373236,0.08072486428255735,0.4820287038648261,102864.23910215033,2939.239102150328,0.029496441049856603,0.06367429448106816,0.4883362490870053,-0.025507031638940858,26949.41214499673,12.0,206.94941214499673,1.9878803561600786,0.20957417486182303,104405.33184806425,4555.331848064248,0.045749909919045706,0.3617198435571055,0.30497452733409314,-0.3569731755453921,0.0,0.0,0.0,inf,0.0,106031.45602630991,6106.456026309912,0.06128332120900115,0.0696558054854854,0.8886400619225066,-0.04131960377699728,0.0,0.0,0.0,2.298239846086001,0.2028080687762687,94137.82318598832,-5862.1768140116765,-0.05877798846322113,0.3335077918349891,-0.0147141048355953,-0.32483243304392084,0.0,0.0,0.0,inf,0.0
467,TrialState.COMPLETE,0.5217668633018682,0.8197931580053233,0.0710647162653634,0.5217668633018682,103150.01484668383,3225.014846683829,0.03236443963809643,0.06428292838958714,0.5275861577653462,-0.025529699066554334,27316.176393217967,15.0,252.31617639321797,2.035487744796281,0.20509105369561462,104405.33184806425,4555.331848064248,0.045749909919045706,0.3617198435571055,0.30497452733409314,-0.3569731755453921,0.0,0.0,0.0,inf,0.0,105972.58823726868,6047.588237268676,0.0606924871966219,0.07162617324910799,0.8583664517700914,-0.04562034777693891,0.0,0.0,0.0,2.3823183934079633,0.19577132787443038,94137.82318598832,-5862.1768140116765,-0.05877798846322113,0.3335077918349891,-0.0147141048355953,-0.32483243304392084,0.0,0.0,0.0,inf,0.0
468,TrialState.COMPLETE,0.5811612853341339,0.8290508098948808,0.06748758025971831,0.5811612853341339,103504.47195323167,3579.4719532316667,0.03592174345399868,0.06383669364558808,0.5847057390620525,-0.026633279612358507,24550.67782718234,15.0,249.55067782718234,2.019236755019321,0.20654052485997412,104405.33184806425,4555.331848064248,0.045749909919045706,0.3617198435571055,0.30497452733409314,-0.3569731755453921,0.0,0.0,0.0,inf,0.0,105990.75947173682,6065.759471736819,0.06087486499411465,0.0709889390532054,0.8678522958967029,-0.044292862994760984,0.0,0.0,0.0,2.355716074089251,0.19794418716600456,94137.82318598832,-5862.1768140116765,-0.05877798846322113,0.3335077918349891,-0.0147141048355953,-0.32483243304392084,0.0,0.0,0.0,inf,0.0
469,TrialState.COMPLETE,0.5508601798000328,0.8389921328942376,0.07659002077464717,0.5508601798000328,103289.16990104652,3364.1699010465236,0.03376098488919821,0.06342871878678352,0.555140276392696,-0.02249360243124554,25000.684261402872,13.0,220.00068426140288,1.9942093242846726,0.20911553793480006,104405.33184806425,4555.331848064248,0.045749909919045706,0.3617198435571055,0.30497452733409314,-0.3569731755453921,0.0,0.0,0.0,inf,0.0,106010.27263914634,6085.272639146337,0.06107071135989295,0.07033321529436819,0.8779079472098709,-0.042867281327930384,0.0,0.0,0.0,2.327802898900694,0.20027674569225934,94137.82318598832,-5862.1768140116765,-0.05877798846322113,0.3335077918349891,-0.0147141048355953,-0.32483243304392084,0.0,0.0,0.0,inf,0.0
470,TrialState.COMPLETE,0.6135421671868866,0.8189253329121031,0.06912373340372095,0.6135421671868866,103734.92652255113,3809.9265225511335,0.038234585459163695,0.06436518483912786,0.6150757004235774,-0.025466413981028446,21750.85748798775,13.0,216.75085748798776,2.0525878060846017,0.20520466453108266,104405.33184806425,4555.331848064248,0.045749909919045706,0.3617198435571055,0.30497452733409314,-0.3569731755453921,0.0,0.0,0.0,inf,0.0,105970.88484061533,6045.8848406153265,0.0606753908540254,0.07168719879213468,0.8574720075884165,-0.045744785133364,0.0,0.0,0.0,2.384842965061508,0.19556760563602876,94137.82318598832,-5862.1768140116765,-0.05877798846322113,0.3335077918349891,-0.0147141048355953,-0.32483243304392084,0.0,0.0,0.0,inf,0.0
471,TrialState.COMPLETE,0.2781724026215064,0.2891708671673746,0.07355036081773887,0.2781724026215064,103853.9805454894,3928.980545489394,0.03942941713799053,0.128880797355933,0.36452832781659605,-0.12722605573033896,3455.4251874439606,2.0,33.45542518744396,5.748915847697082,0.07331409039691782,104405.33184806425,4555.331848064248,0.045749909919045706,0.3617198435571055,0.30497452733409314,-0.3569731755453921,0.0,0.0,0.0,inf,0.0,104931.06473046809,5006.06473046809,0.05023925431436016,0.1332871100559424,0.4344253280131526,-0.13081621301547408,0.0,0.0,0.0,6.753821151615748,0.06990890440570652,94137.82318598832,-5862.1768140116765,-0.05877798846322113,0.3335077918349891,-0.0147141048355953,-0.32483243304392084,0.0,0.0,0.0,inf,0.0
472,TrialState.COMPLETE,0.39191566136677175,0.8385217501724643,0.06576167772031478,0.39191566136677175,102319.07295327436,2394.072953274357,0.024025303588493863,0.0635000860232284,0.40559227872261,-0.024985948485397147,38598.68912766801,23.0,383.598689127668,1.993671759758556,0.20712965459015534,104405.33184806425,4555.331848064248,0.045749909919045706,0.3617198435571055,0.30497452733409314,-0.3569731755453921,0.0,0.0,0.0,inf,0.0,106009.34935591785,6084.349355917846,0.06106144470909003,0.0703635628171599,0.8774355873714822,-0.04293473549056903,0.0,0.0,0.0,2.3291087186520736,0.20016639633326205,94137.82318598832,-5862.1768140116765,-0.05877798846322113,0.3335077918349891,-0.0147141048355953,-0.32483243304392084,0.0,0.0,0.0,inf,0.0
473,TrialState.COMPLETE,0.5412663033846221,0.7969343728959939,0.07149891426744803,0.5412663033846221,103338.51962651312,3413.5196265131235,0.03425625470086646,0.06579596320448917,0.5447742421882736,-0.029539970615053868,23706.591774187924,13.0,218.70659177418793,2.099401351271747,0.19876206737210053,104405.33184806425,4555.331848064248,0.045749909919045706,0.3617198435571055,0.30497452733409314,-0.3569731755453921,0.0,0.0,0.0,inf,0.0,105927.72023522778,6002.720235227782,0.060242164423149,0.07330512710290912,0.8345763484245482,-0.04889790069687594,0.0,0.0,0.0,2.4506513779911527,0.19040317771697038,94137.82318598832,-5862.1768140116765,-0.05877798846322113,0.3335077918349891,-0.0147141048355953,-0.32483243304392084,0.0,0.0,0.0,inf,0.0
474,TrialState.COMPLETE,0.5273014777527516,0.8498660964675863,0.06876113885231876,0.5273014777527516,103131.03101713072,3206.031017130721,0.0321739203549698,0.06298180304641583,0.5342391682478188,-0.023196536076501073,29393.55405950039,17.0,284.3935540595004,1.9732049365457323,0.21006683277122606,104405.33184806425,4555.331848064248,0.045749909919045706,0.3617198435571055,0.30497452733409314,-0.3569731755453921,0.0,0.0,0.0,inf,0.0,106031.61642524309,6106.61642524309,0.061284931074418125,0.06965081554878202,0.8887205052405232,-0.04130788459127033,0.0,0.0,0.0,2.298018861116635,0.2028272322413859,94137.82318598832,-5862.1768140116765,-0.05877798846322113,0.3335077918349891,-0.0147141048355953,-0.32483243304392084,0.0,0.0,0.0,inf,0.0
475,TrialState.COMPLETE,0.5496797981338851,0.8287472143326337,0.07455632119206736,0.5496797981338851,103305.38880651913,3380.3888065191277,0.03392375642732648,0.06393065266434951,0.5537449798391914,-0.024210164602758155,24652.93575277023,13.0,219.65293575277022,2.0188123355323007,0.20661545578442253,104405.33184806425,4555.331848064248,0.045749909919045706,0.3617198435571055,0.30497452733409314,-0.3569731755453921,0.0,0.0,0.0,inf,0.0,105990.16356402579,6065.163564025788,0.06086888409277336,0.07100943355178753,0.8675429526761966,-0.0443363974469696,0.0,0.0,0.0,2.356579045250588,0.19787294131269337,94137.82318598832,-5862.1768140116765,-0.05877798846322113,0.3335077918349891,-0.0147141048355953,-0.32483243304392084,0.0,0.0,0.0,inf,0.0
476,TrialState.COMPLETE,0.6211457348700455,0.8363770573696769,0.07127901076079354,0.6211457348700455,103734.00027695329,3809.0002769532875,0.0382252896302806,0.06344436689655085,0.6229327055322583,-0.022534103574263553,22252.081975614656,13.0,217.25208197561466,2.0100552278913804,0.20953278310242537,104405.33184806425,4555.331848064248,0.045749909919045706,0.3617198435571055,0.30497452733409314,-0.3569731755453921,0.0,0.0,0.0,inf,0.0,106005.13967983078,6080.139679830783,0.06101919375673459,0.07050279139475804,0.8752773679122337,-0.04324228842291322,0.0,0.0,0.0,2.3350811717003577,0.1996632401485347,94137.82318598832,-5862.1768140116765,-0.05877798846322113,0.3335077918349891,-0.0147141048355953,-0.32483243304392084,0.0,0.0,0.0,inf,0.0
477,TrialState.COMPLETE,0.23317965912714536,0.22853968576900463,0.06711814990005452,0.23317965912714536,103753.47498125646,3828.474981256455,0.03842073840070759,0.13840382182532415,0.3416385921935284,-0.13824583718543015,3078.729133132948,2.0,33.078729133132946,7.344107148178351,0.05687677528528463,104405.33184806425,4555.331848064248,0.045749909919045706,0.3617198435571055,0.30497452733409314,-0.3569731755453921,0.0,0.0,0.0,inf,0.0,104812.05578236718,4887.055782367184,0.049044841133009776,0.1419428818862002,0.4083198838860965,-0.14063315646428176,0.0,0.0,0.0,8.545598163988359,0.05533774411986892,94137.82318598832,-5862.1768140116765,-0.05877798846322113,0.3335077918349891,-0.0147141048355953,-0.32483243304392084,0.0,0.0,0.0,inf,0.0
478,TrialState.COMPLETE,0.4857382784877705,0.8099754357083583,0.06374629130871805,0.4857382784877705,102971.2751158652,3046.2751158651954,0.030570634400115315,0.06529028262010549,0.4938142927596053,-0.029701659549672077,30805.734275176757,19.0,315.80573427517675,2.077592663530005,0.19889191752932156,104405.33184806425,4555.331848064248,0.045749909919045706,0.3617198435571055,0.30497452733409314,-0.3569731755453921,0.0,0.0,0.0,inf,0.0,105953.31767752772,6028.317677527724,0.06049907598163373,0.07232922097218406,0.8482025792857697,-0.04702808100062705,0.0,0.0,0.0,2.4111945041865286,0.19346625839682183,94137.82318598832,-5862.1768140116765,-0.05877798846322113,0.3335077918349891,-0.0147141048355953,-0.32483243304392084,0.0,0.0,0.0,inf,0.0
479,TrialState.COMPLETE,0.5527220926813351,0.8498877911237931,0.07756261400420078,0.5527220926813351,103277.75077531242,3352.750775312423,0.03364638356916516,0.0629405901064853,0.5571935012657424,-0.020667918241107697,25325.35823692347,13.0,220.32535823692348,1.9686433337356524,0.2118027388170457,104405.33184806425,4555.331848064248,0.045749909919045706,0.3617198435571055,0.30497452733409314,-0.3569731755453921,0.0,0.0,0.0,inf,0.0,106031.65900825305,6106.659008253046,0.061285358464512996,0.0696494911662514,0.8887418592970837,-0.04130477335908378,0.0,0.0,0.0,2.297960200750326,0.20283231978526506,94137.82318598832,-5862.1768140116765,-0.05877798846322113,0.3335077918349891,-0.0147141048355953,-0.32483243304392084,0.0,0.0,0.0,inf,0.0
480,TrialState.COMPLETE,0.2853212387535657,0.4035151059484943,0.06981032050149852,0.2853212387535657,103097.98837543937,3172.988375439367,0.03184230886280326,0.11369436738120565,0.33257030131828386,-0.10487753503325037,10707.723979876899,6.0,100.7077239798769,4.267430213305114,0.09580189721631624,104405.33184806425,4555.331848064248,0.045749909919045706,0.3617198435571055,0.30497452733409314,-0.3569731755453921,0.0,0.0,0.0,inf,0.0,105155.50349720307,5230.50349720307,0.052491806164649546,0.11747837945208116,0.49422815509676166,-0.11221787508325054,0.0,0.0,0.0,4.839988120185442,0.09727316025722108,94137.82318598832,-5862.1768140116765,-0.05877798846322113,0.3335077918349891,-0.0147141048355953,-0.32483243304392084,0.0,0.0,0.0,inf,0.0
481,TrialState.COMPLETE,0.57131710708729,0.8246781475666484,0.07289834145591105,0.57131710708729,103451.66735829566,3526.6673582956573,0.03539179854228225,0.06409857788956248,0.5745955584785194,-0.024710171869658515,23815.171710179642,13.0,218.81517171017964,2.031186905300008,0.20615341282629648,104405.33184806425,4555.331848064248,0.045749909919045706,0.3617198435571055,0.30497452733409314,-0.3569731755453921,0.0,0.0,0.0,inf,0.0,105982.17666117469,6057.176661174686,0.060788722564776965,0.0712867695114374,0.8633851024388223,-0.044919880310055116,0.0,0.0,0.0,2.3682067056933205,0.19691796749601817,94137.82318598832,-5862.1768140116765,-0.05877798846322113,0.3335077918349891,-0.0147141048355953,-0.32483243304392084,0.0,0.0,0.0,inf,0.0
482,TrialState.COMPLETE,0.47539760530127884,0.8497829792693716,0.058233042126241405,0.47539760530127884,102828.58299668811,2903.582996688114,0.02913860374735977,0.06303401904106637,0.4871331439322468,-0.0238046816865497,37215.94724113359,25.0,412.21594724113356,1.9600016407491865,0.21076107690727994,104405.33184806425,4555.331848064248,0.045749909919045706,0.3617198435571055,0.30497452733409314,-0.3569731755453921,0.0,0.0,0.0,inf,0.0,106031.45327997522,6106.45327997522,0.06128329364504448,0.06965589094109598,0.8886386844666131,-0.041319804431686924,0.0,0.0,0.0,2.2982436301386553,0.20280774066087395,94137.82318598832,-5862.1768140116765,-0.05877798846322113,0.3335077918349891,-0.0147141048355953,-0.32483243304392084,0.0,0.0,0.0,inf,0.0
483,TrialState.COMPLETE,0.5272871885556499,0.8378838722308936,0.06675909947433442,0.5272871885556499,103155.6514665318,3230.6514665317954,0.03242100805185055,0.06352742766651935,0.5339623468972035,-0.025153740740304187,28992.835038954436,17.0,283.99283503895447,2.0032805664496,0.20697800425531315,104405.33184806425,4555.331848064248,0.045749909919045706,0.3617198435571055,0.30497452733409314,-0.3569731755453921,0.0,0.0,0.0,inf,0.0,106008.09730736651,6083.097307366508,0.061048878363218595,0.07040482514187979,0.8767944545794649,-0.043026208690040146,0.0,0.0,0.0,2.3308818606403454,0.20001675064769922,94137.82318598832,-5862.1768140116765,-0.05877798846322113,0.3335077918349891,-0.0147141048355953,-0.32483243304392084,0.0,0.0,0.0,inf,0.0
484,TrialState.COMPLETE,0.6169931722309678,0.8287942276455391,0.07021842832593653,0.6169931722309678,103727.74363211005,3802.743632110054,0.03816249775904468,0.06381930388596979,0.6186998498926818,-0.02380823073491778,22060.48323647738,13.0,217.06048323647738,2.028362851488191,0.20762572544628563,104405.33184806425,4555.331848064248,0.045749909919045706,0.3617198435571055,0.30497452733409314,-0.3569731755453921,0.0,0.0,0.0,inf,0.0,105990.25584335782,6065.255843357823,0.06086981026568039,0.07100625807117632,0.8675908642315319,-0.044329655920187006,0.0,0.0,0.0,2.356445368417009,0.19788397414285622,94137.82318598832,-5862.1768140116765,-0.05877798846322113,0.3335077918349891,-0.0147141048355953,-0.32483243304392084,0.0,0.0,0.0,inf,0.0
485,TrialState.COMPLETE,0.5739843729538427,0.8373748349423467,0.07390084753151543,0.5739843729538427,103436.95164985364,3511.9516498536395,0.03524411238296499,0.06346062712613214,0.5774820245608934,-0.022580033816818057,24179.001402777983,13.0,219.17900140277797,1.9989448423190939,0.20947632854464124,104405.33184806425,4555.331848064248,0.045749909919045706,0.3617198435571055,0.30497452733409314,-0.3569731755453921,0.0,0.0,0.0,inf,0.0,106007.09815163726,6082.098151637256,0.06103885020888411,0.07043784269807311,0.8762823504861457,-0.043099205643445604,0.0,0.0,0.0,2.332298795724554,0.19989732855885078,94137.82318598832,-5862.1768140116765,-0.05877798846322113,0.3335077918349891,-0.0147141048355953,-0.32483243304392084,0.0,0.0,0.0,inf,0.0
486,TrialState.COMPLETE,0.43602438262989807,0.5709489767729569,0.06855327058226615,0.43602438262989807,103417.37664083099,3492.3766408309893,0.03504765860052861,0.08832977619808652,0.43414525760964096,-0.07373656359670133,13498.582095558955,8.0,133.49858209555896,2.903722990480674,0.14284272942764556,104405.33184806425,4555.331848064248,0.045749909919045706,0.3617198435571055,0.30497452733409314,-0.3569731755453921,0.0,0.0,0.0,inf,0.0,105484.14840208058,5559.14840208058,0.05579023382073123,0.09608442112814841,0.6130318055794417,-0.08489819899346596,0.0,0.0,0.0,3.420635465789992,0.13708928371459253,94137.82318598832,-5862.1768140116765,-0.05877798846322113,0.3335077918349891,-0.0147141048355953,-0.32483243304392084,0.0,0.0,0.0,inf,0.0
487,TrialState.COMPLETE,0.45366971828414543,0.815751358660951,0.061253162540263875,0.45366971828414543,102752.6311638739,2827.631163873899,0.028376367992894558,0.06472947947876552,0.4646044638874702,-0.030008976682181054,35297.08104101474,23.0,380.29708104101474,2.04939396894553,0.2009035562888073,104405.33184806425,4555.331848064248,0.045749909919045706,0.3617198435571055,0.30497452733409314,-0.3569731755453921,0.0,0.0,0.0,inf,0.0,105964.65485584151,6039.654855841509,0.06061286287916956,0.0719122525073439,0.8541937895210203,-0.04619989675679037,0.0,0.0,0.0,2.3941220549260613,0.19482246222417016,94137.82318598832,-5862.1768140116765,-0.05877798846322113,0.3335077918349891,-0.0147141048355953,-0.32483243304392084,0.0,0.0,0.0,inf,0.0
488,TrialState.COMPLETE,0.40430075372944657,0.8385579048810112,0.06503894633290552,0.40430075372944657,102396.90549364749,2471.905493647486,0.02480640465648798,0.06349848339172649,0.417607508220245,-0.024979975511610908,38250.21088806464,23.0,383.25021088806466,2.0011318708192203,0.20654519443113697,104405.33184806425,4555.331848064248,0.045749909919045706,0.3617198435571055,0.30497452733409314,-0.3569731755453921,0.0,0.0,0.0,inf,0.0,106009.42032161115,6084.420321611149,0.06106215696538486,0.07036122782350582,0.8774719068363659,-0.042929550812142,0.0,0.0,0.0,2.329008298339527,0.20017487810374646,94137.82318598832,-5862.1768140116765,-0.05877798846322113,0.3335077918349891,-0.0147141048355953,-0.32483243304392084,0.0,0.0,0.0,inf,0.0
489,TrialState.COMPLETE,0.5709162580453917,0.8265111909738065,0.07189981073415756,0.5709162580453917,103444.41705211502,3519.4170521150227,0.03531903480249632,0.06400561484572748,0.5742390394327985,-0.02440264773681078,23867.345485091708,13.0,218.8673454850917,2.0252412984035493,0.20677588347406692,104405.33184806425,4555.331848064248,0.045749909919045706,0.3617198435571055,0.30497452733409314,-0.3569731755453921,0.0,0.0,0.0,inf,0.0,105985.77462121245,6060.7746212124475,0.06082483392900251,0.0711612255659617,0.8652608007825845,-0.04465703284000622,0.0,0.0,0.0,2.3629544771257387,0.1973481829577159,94137.82318598832,-5862.1768140116765,-0.05877798846322113,0.3335077918349891,-0.0147141048355953,-0.32483243304392084,0.0,0.0,0.0,inf,0.0
490,TrialState.COMPLETE,0.5754223306738855,0.8499945984737197,0.07540732296165298,0.5754223306738855,103417.20241535004,3492.202415350039,0.03504591008303315,0.0628784221614893,0.5791983682890532,-0.02046267785595679,24635.758754343216,13.0,219.63575875434321,1.9709261242711624,0.21234745589390489,104405.33184806425,4555.331848064248,0.045749909919045706,0.3617198435571055,0.30497452733409314,-0.3569731755453921,0.0,0.0,0.0,inf,0.0,106031.86865335796,6106.86865335796,0.06128746259575335,0.06964297312647327,0.888846976412094,-0.04128945610491486,0.0,0.0,0.0,2.297671447104456,0.2028573667784308,94137.82318598832,-5862.1768140116765,-0.05877798846322113,0.3335077918349891,-0.0147141048355953,-0.32483243304392084,0.0,0.0,0.0,inf,0.0
491,TrialState.COMPLETE,0.6088120096739384,0.8072500633135711,0.06779068605898383,0.6088120096739384,103741.10747740773,3816.107477407728,0.03829661771521087,0.06505314654155991,0.6101746757380424,-0.027428009070472936,21440.759466879437,13.0,216.44075946687943,2.082274413865502,0.20230970676057233,104405.33184806425,4555.331848064248,0.045749909919045706,0.3617198435571055,0.30497452733409314,-0.3569731755453921,0.0,0.0,0.0,inf,0.0,105947.96822375804,6022.968223758042,0.06044538558359669,0.07252925543440589,0.8453652923374336,-0.04741885253333877,0.0,0.0,0.0,2.4193349841181107,0.1928262386745918,94137.82318598832,-5862.1768140116765,-0.05877798846322113,0.3335077918349891,-0.0147141048355953,-0.32483243304392084,0.0,0.0,0.0,inf,0.0
492,TrialState.COMPLETE,0.6204056430279695,0.8380137380147862,0.07082012204092103,0.6204056430279695,103724.8210111341,3799.821011134103,0.03813316625273688,0.06336666157451781,0.6222185344171833,-0.022259089675826682,22257.850204387207,13.0,217.2578502043872,2.005833647084551,0.20993565597867153,104405.33184806425,4555.331848064248,0.045749909919045706,0.3617198435571055,0.30497452733409314,-0.3569731755453921,0.0,0.0,0.0,inf,0.0,106008.35221235051,6083.35221235051,0.061051436749751,0.07039641440838279,0.8769250362578602,-0.04300758565250473,0.0,0.0,0.0,2.330520647230276,0.20004721732550323,94137.82318598832,-5862.1768140116765,-0.05877798846322113,0.3335077918349891,-0.0147141048355953,-0.32483243304392084,0.0,0.0,0.0,inf,0.0
493,TrialState.COMPLETE,0.5682530002564811,0.8204778994112752,0.07276032533175764,0.5682530002564811,103443.29075541688,3518.290755416878,0.03530773134182752,0.06432528397857559,0.5715349794745366,-0.025414824967624372,23780.263579864863,13.0,218.78026357986488,2.0418302075208943,0.2050518570135198,104405.33184806425,4555.331848064248,0.045749909919045706,0.3617198435571055,0.30497452733409314,-0.3569731755453921,0.0,0.0,0.0,inf,0.0,105973.93227102429,6048.932271024285,0.06070597675139422,0.07157817698345678,0.8590716039862545,-0.04552216242153806,0.0,0.0,0.0,2.380330195983879,0.19593206686151998,94137.82318598832,-5862.1768140116765,-0.05877798846322113,0.3335077918349891,-0.0147141048355953,-0.32483243304392084,0.0,0.0,0.0,inf,0.0
494,TrialState.COMPLETE,0.526934320096888,0.8357196724941217,0.06657678508346465,0.526934320096888,103158.11253583049,3233.1125358304853,0.032445707039032934,0.06363195123695838,0.5335657854981259,-0.025511115084268732,28917.948425141825,17.0,283.91794842514184,2.0084683099206266,0.2064473883914207,104405.33184806425,4555.331848064248,0.045749909919045706,0.3617198435571055,0.30497452733409314,-0.3569731755453921,0.0,0.0,0.0,inf,0.0,106003.84934240475,6078.849342404748,0.061006243121080495,0.07054574898415149,0.8746143831303287,-0.04333655802670178,0.0,0.0,0.0,2.336917968291359,0.19950900686987535,94137.82318598832,-5862.1768140116765,-0.05877798846322113,0.3335077918349891,-0.0147141048355953,-0.32483243304392084,0.0,0.0,0.0,inf,0.0
495,TrialState.COMPLETE,0.6309727619809482,0.8496226825545836,0.06951777145894161,0.6309727619809482,103761.18695632894,3836.1869563289365,0.03849813606305763,0.06282292295615578,0.6326521007906422,-0.020504324450461686,22173.39885321049,13.0,217.17339885321047,1.9705224081164654,0.21353715428569633,104405.33184806425,4555.331848064248,0.045749909919045706,0.3617198435571055,0.30497452733409314,-0.3569731755453921,0.0,0.0,0.0,inf,0.0,106031.1386441235,6106.138644123494,0.061280135760116705,0.06966568532939747,0.8884808500080977,-0.04134279257648499,0.0,0.0,0.0,2.2986772354451737,0.20277014977505592,94137.82318598832,-5862.1768140116765,-0.05877798846322113,0.3335077918349891,-0.0147141048355953,-0.32483243304392084,0.0,0.0,0.0,inf,0.0
496,TrialState.COMPLETE,0.5321936219808541,0.8389927280496132,0.06383263631533428,0.5321936219808541,103186.17124321294,3261.1712432129425,0.03272730087143061,0.06340199114901712,0.539571545665261,-0.023874659370911377,30488.52076300296,19.0,315.48852076300295,2.0024776624297824,0.20767251206292522,104405.33184806425,4555.331848064248,0.045749909919045706,0.3617198435571055,0.30497452733409314,-0.3569731755453921,0.0,0.0,0.0,inf,0.0,106010.27380733777,6085.2738073377695,0.0610707230845966,0.07033317694002265,0.8779085446378044,-0.04286719598093702,0.0,0.0,0.0,2.3278012476296372,0.2002768853115245,94137.82318598832,-5862.1768140116765,-0.05877798846322113,0.3335077918349891,-0.0147141048355953,-0.32483243304392084,0.0,0.0,0.0,inf,0.0
497,TrialState.COMPLETE,0.616092323980857,0.8256563837799998,0.06939816074193397,0.616092323980857,103731.36306551933,3806.3630655193265,0.03819882249767681,0.06399491529157159,0.6177243659163969,-0.02433546311141155,21929.63584822164,13.0,216.92963584822164,2.0358543644192837,0.20687322607558034,104405.33184806425,4555.331848064248,0.045749909919045706,0.3617198435571055,0.30497452733409314,-0.3569731755453921,0.0,0.0,0.0,inf,0.0,105984.09677653569,6059.096776535691,0.06080799403608861,0.07121964688431134,0.8643866332354917,-0.04477960735942643,0.0,0.0,0.0,2.3654008586052084,0.1971475629891087,94137.82318598832,-5862.1768140116765,-0.05877798846322113,0.3335077918349891,-0.0147141048355953,-0.32483243304392084,0.0,0.0,0.0,inf,0.0
498,TrialState.COMPLETE,0.5525869615734489,0.8490126474092108,0.0772974834901009,0.5525869615734489,103278.66796415058,3353.667964150576,0.033655588392663915,0.06297779193297254,0.5570430039009427,-0.020814561326073622,25299.280290738032,13.0,220.29928029073804,1.9706725683354316,0.21158692929925835,104405.33184806425,4555.331848064248,0.045749909919045706,0.3617198435571055,0.30497452733409314,-0.3569731755453921,0.0,0.0,0.0,inf,0.0,106029.94124636076,6104.941246360759,0.06126811791710063,0.06970303379921267,0.8878797299100969,-0.041430277534491355,0.0,0.0,0.0,2.300328887992128,0.20262708970944188,94137.82318598832,-5862.1768140116765,-0.05877798846322113,0.3335077918349891,-0.0147141048355953,-0.32483243304392084,0.0,0.0,0.0,inf,0.0
499,TrialState.COMPLETE,0.5218848468297498,0.7920322224977795,0.06813357298617845,0.5218848468297498,103228.00560488724,3303.0056048872357,0.03314714591380574,0.0660089365745523,0.5269769016156676,-0.03018664462697973,26255.17218436976,15.0,251.25517218436977,2.1098086976117267,0.19796191462653906,104405.33184806425,4555.331848064248,0.045749909919045706,0.3617198435571055,0.30497452733409314,-0.3569731755453921,0.0,0.0,0.0,inf,0.0,105918.09812744646,5993.0981274464575,0.060145591119141306,0.07368402813325238,0.8294270557450462,-0.04960073899822259,0.0,0.0,0.0,2.46581927304297,0.18925140134440158,94137.82318598832,-5862.1768140116765,-0.05877798846322113,0.3335077918349891,-0.0147141048355953,-0.32483243304392084,0.0,0.0,0.0,inf,0.0
500,TrialState.COMPLETE,0.5766202318590401,0.8494654575537189,0.07470742474184697,0.5766202318590401,103426.38945525048,3501.389455250479,0.03513811072919326,0.06291434181842753,0.5803192899354715,-0.02055146009757458,24528.115286885757,13.0,219.52811528688574,1.9704934350317045,0.21246775769479959,104405.33184806425,4555.331848064248,0.045749909919045706,0.3617198435571055,0.30497452733409314,-0.3569731755453921,0.0,0.0,0.0,inf,0.0,106030.8300375363,6105.830037536303,0.06127703838873644,0.0696752999312043,0.8883259915842704,-0.04136534019042892,0.0,0.0,0.0,2.299102690685427,0.20273327903434868,94137.82318598832,-5862.1768140116765,-0.05877798846322113,0.3335077918349891,-0.0147141048355953,-0.32483243304392084,0.0,0.0,0.0,inf,0.0
501,TrialState.COMPLETE,0.5690173676514081,0.8187483213596788,0.07162158234479832,0.5690173676514081,103453.2235051219,3528.223505121903,0.03540741596217489,0.06443003724146192,0.5722047374281484,-0.025704983033376427,23641.165204159483,13.0,218.64116520415948,2.044420811289177,0.20486589109350337,104405.33184806425,4555.331848064248,0.045749909919045706,0.3617198435571055,0.30497452733409314,-0.3569731755453921,0.0,0.0,0.0,inf,0.0,105970.53739631089,6045.537396310887,0.06067190368813691,0.07169967314897112,0.8572894648142809,-0.04577016674169021,0.0,0.0,0.0,2.385358562766591,0.19552605136618612,94137.82318598832,-5862.1768140116765,-0.05877798846322113,0.3335077918349891,-0.0147141048355953,-0.32483243304392084,0.0,0.0,0.0,inf,0.0
502,TrialState.COMPLETE,0.42270971806473023,0.8307814447125766,0.1284614161985803,0.42270971806473023,102529.92144100371,2604.9214410037093,0.02614131152018806,0.06556016915624402,0.42636471550123006,-0.027636938143563716,20160.329973147414,6.0,110.16032997314741,2.077505315302597,0.19957168255211513,104405.33184806425,4555.331848064248,0.045749909919045706,0.3617198435571055,0.30497452733409314,-0.3569731755453921,0.0,0.0,0.0,inf,0.0,105994.15642070664,6069.15642070664,0.060908958893765464,0.07087263830466636,0.8696132735595777,-0.04404469536230837,0.0,0.0,0.0,2.3508087855546167,0.19835030730468062,94137.82318598832,-5862.1768140116765,-0.05877798846322113,0.3335077918349891,-0.0147141048355953,-0.32483243304392084,0.0,0.0,0.0,inf,0.0
503,TrialState.COMPLETE,0.6237050071763982,0.8385141809490411,0.06991461800417181,0.6237050071763982,103742.5187913044,3817.5187913044065,0.038310781706994534,0.06331177765449258,0.6254047757703114,-0.02218396452074667,22120.686667987575,13.0,217.12068666798757,2.002903344898902,0.21033129606215117,104405.33184806425,4555.331848064248,0.045749909919045706,0.3617198435571055,0.30497452733409314,-0.3569731755453921,0.0,0.0,0.0,inf,0.0,106009.33449878829,6084.334498788288,0.061061295593601184,0.07036405171410764,0.8774279833863052,-0.04293582093661552,0.0,0.0,0.0,2.329129743394015,0.20016462061811985,94137.82318598832,-5862.1768140116765,-0.05877798846322113,0.3335077918349891,-0.0147141048355953,-0.32483243304392084,0.0,0.0,0.0,inf,0.0
504,TrialState.COMPLETE,0.35194515800904624,0.8063957422401045,0.04282762710159592,0.35194515800904624,102161.57929677356,2236.5792967735615,0.022444755478918665,0.06521159859043978,0.3729562305044997,-0.029430620172085753,51790.940848668964,45.0,726.7909408486689,2.061812110804737,0.19886562364227683,104405.33184806425,4555.331848064248,0.045749909919045706,0.3617198435571055,0.30497452733409314,-0.3569731755453921,0.0,0.0,0.0,inf,0.0,105946.29133325467,6021.291333254674,0.06042855528385682,0.07259239002225294,0.8444746441276837,-0.04754134647305541,0.0,0.0,0.0,2.4218981038773566,0.1926255995583318,94137.82318598832,-5862.1768140116765,-0.05877798846322113,0.3335077918349891,-0.0147141048355953,-0.32483243304392084,0.0,0.0,0.0,inf,0.0
505,TrialState.COMPLETE,0.36686320115019627,0.462045813508328,0.06680531082922271,0.36686320115019627,103520.9274355075,3595.927435507503,0.03608689020171996,0.10479685210998939,0.39068903376333036,-0.09378801014578864,10342.384974025523,6.0,100.34238497402552,3.698506496333942,0.11287685615287066,104405.33184806425,4555.331848064248,0.045749909919045706,0.3617198435571055,0.30497452733409314,-0.3569731755453921,0.0,0.0,0.0,inf,0.0,105270.38956370615,5345.3895637061505,0.053644851037074615,0.10971610045331463,0.5311269852082632,-0.10265469165357743,0.0,0.0,0.0,4.226871582877963,0.1112248229603215,94137.82318598832,-5862.1768140116765,-0.05877798846322113,0.3335077918349891,-0.0147141048355953,-0.32483243304392084,0.0,0.0,0.0,inf,0.0
506,TrialState.COMPLETE,0.4814433644647197,0.8382141508190335,0.0797178691094991,0.4814433644647197,102882.20107657176,2957.201076571757,0.02967670384057719,0.06421015144666624,0.4875220123830549,-0.026847820276833523,26582.48279137634,12.0,206.58248279137632,2.0153199170124285,0.20674896787731434,104405.33184806425,4555.331848064248,0.045749909919045706,0.3617198435571055,0.30497452733409314,-0.3569731755453921,0.0,0.0,0.0,inf,0.0,106008.74558942918,6083.745589429178,0.061055384929237455,0.07038344486381666,0.877126500532554,-0.04297884599603341,0.0,0.0,0.0,2.3299634314187663,0.2000942341604403,94137.82318598832,-5862.1768140116765,-0.05877798846322113,0.3335077918349891,-0.0147141048355953,-0.32483243304392084,0.0,0.0,0.0,inf,0.0
507,TrialState.COMPLETE,0.5715205806480591,0.8276477015156087,0.07282251250981253,0.5715205806480591,103445.44913418376,3520.4491341837565,0.03532939272987412,0.0639478627250174,0.5748561969547874,-0.024211977505601223,23898.132712968,13.0,218.898132712968,2.0224379338341443,0.2070689598768109,104405.33184806425,4555.331848064248,0.045749909919045706,0.3617198435571055,0.30497452733409314,-0.3569731755453921,0.0,0.0,0.0,inf,0.0,105988.00540281639,6063.005402816387,0.06084722344201765,0.07108388758733808,0.8664215846936004,-0.044494062905179654,0.0,0.0,0.0,2.359709711668003,0.19761490853213776,94137.82318598832,-5862.1768140116765,-0.05877798846322113,0.3335077918349891,-0.0147141048355953,-0.32483243304392084,0.0,0.0,0.0,inf,0.0
508,TrialState.COMPLETE,0.302235675023508,0.8499900115914092,0.14978432143416626,0.302235675023508,101735.38561699193,1810.3856169919309,0.018167666873314836,0.06507833096227132,0.30918019053033685,-0.02572343012692535,22747.369710893297,6.0,112.7473697108933,2.0269656276083077,0.20064990211370246,104405.33184806425,4555.331848064248,0.045749909919045706,0.3617198435571055,0.30497452733409314,-0.3569731755453921,0.0,0.0,0.0,inf,0.0,106031.85965006915,6106.859650069149,0.061287372233036486,0.06964325297190932,0.8888424625753942,-0.041290113910381954,0.0,0.0,0.0,2.2976838462484133,0.20285629112762088,94137.82318598832,-5862.1768140116765,-0.05877798846322113,0.3335077918349891,-0.0147141048355953,-0.32483243304392084,0.0,0.0,0.0,inf,0.0
509,TrialState.COMPLETE,0.5372889938112859,0.8163033078146569,0.06451820017840033,0.5372889938112859,103273.46997122923,3348.469971229235,0.033603421812922196,0.06471834557733343,0.543002364136773,-0.02872793759368364,27663.125306821785,17.0,282.66312530682177,2.0586174935244106,0.20201622678501233,104405.33184806425,4555.331848064248,0.045749909919045706,0.3617198435571055,0.30497452733409314,-0.3569731755453921,0.0,0.0,0.0,inf,0.0,105965.7382404411,6040.738240441104,0.06062373639538854,0.0718729069564223,0.8547646217722472,-0.046120754036047984,0.0,0.0,0.0,2.3925032526629386,0.1949520473537129,94137.82318598832,-5862.1768140116765,-0.05877798846322113,0.3335077918349891,-0.0147141048355953,-0.32483243304392084,0.0,0.0,0.0,inf,0.0
510,TrialState.COMPLETE,0.38403909813973197,0.5196273971470023,0.06910275806052465,0.38403909813973197,103230.07495873542,3305.074958735422,0.033167913733056054,0.09570510895628644,0.3887957354771624,-0.0831065345543035,13404.284754665607,8.0,133.4042847546656,3.202930961132173,0.12823330993928833,104405.33184806425,4555.331848064248,0.045749909919045706,0.3617198435571055,0.30497452733409314,-0.3569731755453921,0.0,0.0,0.0,inf,0.0,105383.4126574473,5458.412657447305,0.05477920170493422,0.10235884859139363,0.5721838527850485,-0.09325509148306743,0.0,0.0,0.0,3.758478343961486,0.12491530596636954,94137.82318598832,-5862.1768140116765,-0.05877798846322113,0.3335077918349891,-0.0147141048355953,-0.32483243304392084,0.0,0.0,0.0,inf,0.0
511,TrialState.COMPLETE,0.567043282627963,0.8390956867981296,0.07498425922559193,0.567043282627963,103390.92211181593,3465.922111815933,0.03478216247206767,0.06341160937081068,0.5708415311508255,-0.02229131490218339,24548.481319120525,13.0,219.54848131912053,1.996718219330733,0.20951817037274295,104405.33184806425,4555.331848064248,0.045749909919045706,0.3617198435571055,0.30497452733409314,-0.3569731755453921,0.0,0.0,0.0,inf,0.0,106010.47589827645,6085.475898276447,0.06107275139630919,0.07032654347998157,0.8780118878009098,-0.04285243139660955,0.0,0.0,0.0,2.32751562167896,0.20030103866732912,94137.82318598832,-5862.1768140116765,-0.05877798846322113,0.3335077918349891,-0.0147141048355953,-0.32483243304392084,0.0,0.0,0.0,inf,0.0
512,TrialState.COMPLETE,0.3945734824036549,0.5414481851026849,0.0719403912540493,0.3945734824036549,103187.51930244622,3262.5193024462205,0.03274082983800919,0.09281620238674006,0.3935058285222043,-0.0791119589775392,13967.172810482265,8.0,133.96717281048225,3.073850322831943,0.1335955837170453,104405.33184806425,4555.331848064248,0.045749909919045706,0.3617198435571055,0.30497452733409314,-0.3569731755453921,0.0,0.0,0.0,inf,0.0,105426.24324331815,5501.243243318153,0.055209069626618756,0.09965539380275204,0.5890512110657355,-0.08970450131291341,0.0,0.0,0.0,3.607008708941738,0.1300945920344537,94137.82318598832,-5862.1768140116765,-0.05877798846322113,0.3335077918349891,-0.0147141048355953,-0.32483243304392084,0.0,0.0,0.0,inf,0.0
513,TrialState.COMPLETE,0.5248025099501973,0.8254749942661653,0.06604164753548823,0.5248025099501973,103167.66417605794,3242.664176057937,0.032541566134675515,0.06414854511370477,0.5312314608189931,-0.0272236375949515,28561.56168156638,17.0,283.5615616815664,2.0325995563934556,0.20396858446685506,104405.33184806425,4555.331848064248,0.045749909919045706,0.3617198435571055,0.30497452733409314,-0.3569731755453921,0.0,0.0,0.0,inf,0.0,105983.74073901914,6058.7407390191365,0.06080442062218627,0.0712320717122301,0.864201015441523,-0.04480561752822665,0.0,0.0,0.0,2.3659206307542693,0.19710499081089158,94137.82318598832,-5862.1768140116765,-0.05877798846322113,0.3335077918349891,-0.0147141048355953,-0.32483243304392084,0.0,0.0,0.0,inf,0.0
514,TrialState.COMPLETE,0.5827006015582212,0.8493174286884759,0.0692581697059462,0.5827006015582212,103468.37423527139,3543.374235271389,0.03555946804551424,0.06292303593494433,0.5867156758810054,-0.02349199091331322,25309.26414004511,15.0,250.30926414004512,1.971567362421739,0.21136384338044092,104405.33184806425,4555.331848064248,0.045749909919045706,0.3617198435571055,0.30497452733409314,-0.3569731755453921,0.0,0.0,0.0,inf,0.0,106030.53948143721,6105.539481437212,0.06127412218352202,0.06968435931999122,0.888180147081335,-0.041386568973001636,0.0,0.0,0.0,2.2995034048953125,0.20269856469571,94137.82318598832,-5862.1768140116765,-0.05877798846322113,0.3335077918349891,-0.0147141048355953,-0.32483243304392084,0.0,0.0,0.0,inf,0.0
515,TrialState.COMPLETE,0.46305374990196707,0.837319069541849,0.06172581781589488,0.46305374990196707,102770.61256097308,2845.6125609730807,0.028556825167631805,0.06363563893400574,0.47424244691595,-0.026347072491518464,35894.01857463255,23.0,380.8940185746326,1.993115115679451,0.2066944540677347,104405.33184806425,4555.331848064248,0.045749909919045706,0.3617198435571055,0.30497452733409314,-0.3569731755453921,0.0,0.0,0.0,inf,0.0,106006.98869340979,6081.9886934097885,0.061037751617393,0.07044146461973307,0.8762262239699122,-0.04310720250170219,0.0,0.0,0.0,2.3324541266863763,0.1998842456578655,94137.82318598832,-5862.1768140116765,-0.05877798846322113,0.3335077918349891,-0.0147141048355953,-0.32483243304392084,0.0,0.0,0.0,inf,0.0
516,TrialState.COMPLETE,0.46218490867441436,0.8496024329169924,0.08297050925873696,0.46218490867441436,102727.82864115252,2802.8286411525187,0.02812745570916131,0.06344884561801753,0.4688760010305489,-0.022790692920765188,27031.84886911144,12.0,207.03184886911146,1.9744593936187285,0.21152938873575883,104405.33184806425,4555.331848064248,0.045749909919045706,0.3617198435571055,0.30497452733409314,-0.3569731755453921,0.0,0.0,0.0,inf,0.0,106031.09889744504,6106.098897445045,0.06127973683724908,0.06966692319360591,0.8884609078635112,-0.04134569657491116,0.0,0.0,0.0,2.2987320226952486,0.20276540105561916,94137.82318598832,-5862.1768140116765,-0.05877798846322113,0.3335077918349891,-0.0147141048355953,-0.32483243304392084,0.0,0.0,0.0,inf,0.0
517,TrialState.COMPLETE,0.5305898153844946,0.8303639646516757,0.07134200658683282,0.5305898153844946,103183.94212231996,3258.9421223199606,0.032704929672984884,0.06377747453552456,0.5364290266785444,-0.023756271114096283,27525.83575308614,15.0,252.52583575308614,2.012414486839557,0.2074458965869296,104405.33184806425,4555.331848064248,0.045749909919045706,0.3617198435571055,0.30497452733409314,-0.3569731755453921,0.0,0.0,0.0,inf,0.0,105993.33697662258,6068.336976622581,0.06090073444130728,0.0709006112236406,0.8691888550051046,-0.044104560881441435,0.0,0.0,0.0,2.3519906959417947,0.19825234136835043,94137.82318598832,-5862.1768140116765,-0.05877798846322113,0.3335077918349891,-0.0147141048355953,-0.32483243304392084,0.0,0.0,0.0,inf,0.0
518,TrialState.COMPLETE,0.5692138119436086,0.8497290210094026,0.07613471778317747,0.5692138119436086,103381.06873048324,3456.068730483239,0.034683274552621324,0.06293182927694173,0.5731926372998215,-0.02050723796467957,24859.568851034157,13.0,219.85956885103417,1.9717316981846624,0.21214411582192622,104405.33184806425,4555.331848064248,0.045749909919045706,0.3617198435571055,0.30497452733409314,-0.3569731755453921,0.0,0.0,0.0,inf,0.0,106031.34736886465,6106.347368864648,0.06128223065397442,0.06965918696975315,0.8885855606200443,-0.041327542585265276,0.0,0.0,0.0,2.298389569872619,0.20279508703184626,94137.82318598832,-5862.1768140116765,-0.05877798846322113,0.3335077918349891,-0.0147141048355953,-0.32483243304392084,0.0,0.0,0.0,inf,0.0
519,TrialState.COMPLETE,0.6122340681467273,0.8138414045791521,0.06739971248980395,0.6122340681467273,103745.70371256297,3820.703712562972,0.03834274568140761,0.06472864157796811,0.6135947844454622,-0.026422256955829004,21459.885666839873,13.0,216.45988566683988,2.065230827396666,0.20402538165846537,104405.33184806425,4555.331848064248,0.045749909919045706,0.3617198435571055,0.30497452733409314,-0.3569731755453921,0.0,0.0,0.0,inf,0.0,105960.90593291205,6035.90593291205,0.06057523637816553,0.0720490789413784,0.8522161409572597,-0.04647375912992713,0.0,0.0,0.0,2.399740671975283,0.19437402931619197,94137.82318598832,-5862.1768140116765,-0.05877798846322113,0.3335077918349891,-0.0147141048355953,-0.32483243304392084,0.0,0.0,0.0,inf,0.0
520,TrialState.COMPLETE,0.5702903029710883,0.8278257740365935,0.07366256450579689,0.5702903029710883,103436.79633503513,3511.7963350351347,0.03524255365104323,0.06392896703417623,0.5736952728825487,-0.024182102523940707,23993.230188066314,13.0,218.99323018806632,2.0237066930790886,0.2068685688816602,104405.33184806425,4555.331848064248,0.045749909919045706,0.3617198435571055,0.30497452733409314,-0.3569731755453921,0.0,0.0,0.0,inf,0.0,105988.35492962602,6063.354929626017,0.060850731510804446,0.07107180484410854,0.8666033064108749,-0.044468528117797335,0.0,0.0,0.0,2.3592021175940716,0.1976566991058607,94137.82318598832,-5862.1768140116765,-0.05877798846322113,0.3335077918349891,-0.0147141048355953,-0.32483243304392084,0.0,0.0,0.0,inf,0.0
521,TrialState.COMPLETE,0.6193104833719614,0.834737245021386,0.07031463037494176,0.6193104833719614,103726.55560536435,3801.5556053643522,0.0381505746889399,0.06352665833306836,0.6210754233993266,-0.022809641617231757,22170.825747705167,13.0,217.17082574770518,2.0137069029261903,0.20912377229443438,104405.33184806425,4555.331848064248,0.045749909919045706,0.3617198435571055,0.30497452733409314,-0.3569731755453921,0.0,0.0,0.0,inf,0.0,106001.92100029756,6076.92100029756,0.060986889071123596,0.07061019233704144,0.8736223438591579,-0.043477438509528454,0.0,0.0,0.0,2.3396683576231783,0.199278506840695,94137.82318598832,-5862.1768140116765,-0.05877798846322113,0.3335077918349891,-0.0147141048355953,-0.32483243304392084,0.0,0.0,0.0,inf,0.0
522,TrialState.COMPLETE,0.5258373280993359,0.8387252058180481,0.06792536308524796,0.5258373280993359,103143.71306301915,3218.713063019153,0.032301195733296595,0.06347060830472252,0.5325551393773552,-0.025036012910556904,29018.184054577734,17.0,284.0181840545777,2.0000010726016324,0.20725524076074575,104405.33184806425,4555.331848064248,0.045749909919045706,0.3617198435571055,0.30497452733409314,-0.3569731755453921,0.0,0.0,0.0,inf,0.0,106009.7487055893,6084.7487055893,0.06106545283337339,0.07035042819126547,0.8776399424716035,-0.04290555941515117,0.0,0.0,0.0,2.328543729887338,0.2002141261937359,94137.82318598832,-5862.1768140116765,-0.05877798846322113,0.3335077918349891,-0.0147141048355953,-0.32483243304392084,0.0,0.0,0.0,inf,0.0
523,TrialState.COMPLETE,0.5183414244179843,0.8038063258421653,0.06483639039773266,0.5183414244179843,103181.81339571382,3256.81339571382,0.0326835660211835,0.06540823727894714,0.5243522183868997,-0.030800871058181523,27797.775397627505,17.0,282.7977753976275,2.0872451728586037,0.1986482854351222,104405.33184806425,4555.331848064248,0.045749909919045706,0.3617198435571055,0.30497452733409314,-0.3569731755453921,0.0,0.0,0.0,inf,0.0,105941.20873854682,6016.2087385468185,0.06037754325610578,0.07278499436310717,0.8417717141408031,-0.0479126182457883,0.0,0.0,0.0,2.429700110981179,0.19201743321895995,94137.82318598832,-5862.1768140116765,-0.05877798846322113,0.3335077918349891,-0.0147141048355953,-0.32483243304392084,0.0,0.0,0.0,inf,0.0
524,TrialState.COMPLETE,0.5334262076934928,0.8499555695142177,0.07293146492891332,0.5334262076934928,103161.42098733285,3236.420987332851,0.03247891025178795,0.06288685715041195,0.5396472955299475,-0.0204692263618369,28175.280238326923,15.0,253.17528023832693,1.9660280275233957,0.2122894169352556,104405.33184806425,4555.331848064248,0.045749909919045706,0.3617198435571055,0.30497452733409314,-0.3569731755453921,0.0,0.0,0.0,inf,0.0,106031.79204598689,6106.792045986891,0.061286693715587814,0.06964535449405808,0.8888085676712059,-0.041295053253298186,0.0,0.0,0.0,2.2977769534733468,0.20284821425317118,94137.82318598832,-5862.1768140116765,-0.05877798846322113,0.3335077918349891,-0.0147141048355953,-0.32483243304392084,0.0,0.0,0.0,inf,0.0
525,TrialState.COMPLETE,0.5279977912145893,0.8170294693235131,0.07004856849831151,0.5279977912145893,103199.27052299805,3274.2705229980493,0.03285876374914576,0.06448233839243793,0.5335770885615181,-0.02599333938648829,27083.808950529434,15.0,252.08380895052943,2.0452585060342465,0.2041478309824839,104405.33184806425,4555.331848064248,0.045749909919045706,0.3617198435571055,0.30497452733409314,-0.3569731755453921,0.0,0.0,0.0,inf,0.0,105967.16357498591,6042.163574985912,0.060638041932684184,0.07182127654618169,0.8555151496642218,-0.04601663109941989,0.0,0.0,0.0,2.3903768375982097,0.19512252983103548,94137.82318598832,-5862.1768140116765,-0.05877798846322113,0.3335077918349891,-0.0147141048355953,-0.32483243304392084,0.0,0.0,0.0,inf,0.0
526,TrialState.COMPLETE,0.48944813504652035,0.8374289212998375,0.06586747693402793,0.48944813504652035,102933.74759865532,3008.747598655318,0.03019401492938245,0.06379547565368733,0.4981414164893649,-0.025166489872394116,31849.87060916185,19.0,316.8498706091618,2.009482811096616,0.20559632061275426,104405.33184806425,4555.331848064248,0.045749909919045706,0.3617198435571055,0.30497452733409314,-0.3569731755453921,0.0,0.0,0.0,inf,0.0,106007.20431418213,6082.204314182134,0.06103991572283851,0.07043433073876286,0.8763367823560143,-0.04309144956099775,0.0,0.0,0.0,2.3321481613922157,0.19991001752251314,94137.82318598832,-5862.1768140116765,-0.05877798846322113,0.3335077918349891,-0.0147141048355953,-0.32483243304392084,0.0,0.0,0.0,inf,0.0
527,TrialState.COMPLETE,0.5928996514189301,0.8498485408415204,0.0905444388671883,0.5928996514189301,103537.58995660103,3612.589956601034,0.036254114858558006,0.06343822024701672,0.5930389463752216,-0.022915736478004822,18129.38856473258,8.0,138.12938856473258,1.967060146583105,0.21351974969031448,104405.33184806425,4555.331848064248,0.045749909919045706,0.3617198435571055,0.30497452733409314,-0.3569731755453921,0.0,0.0,0.0,inf,0.0,106031.5819664622,6106.581966462196,0.06128458522423896,0.06965188736718002,0.8887032245608049,-0.0413104022446229,0.0,0.0,0.0,2.2980663321163237,0.2028231153254029,94137.82318598832,-5862.1768140116765,-0.05877798846322113,0.3335077918349891,-0.0147141048355953,-0.32483243304392084,0.0,0.0,0.0,inf,0.0
528,TrialState.COMPLETE,0.48044577182463694,0.8261483152767767,0.07867465076769573,0.48044577182463694,102900.93244785767,2975.9324478576746,0.029864688236780346,0.06483131863811827,0.48628571765501455,-0.0282424060953832,26199.836106931532,12.0,206.19983610693154,2.0447535165659905,0.20380195292426512,104405.33184806425,4555.331848064248,0.045749909919045706,0.3617198435571055,0.30497452733409314,-0.3569731755453921,0.0,0.0,0.0,inf,0.0,105985.06235643379,6060.0623564337875,0.060817685196515425,0.07118599962185221,0.8648898209192579,-0.044709067222626575,0.0,0.0,0.0,2.3639923764194624,0.19726301814113037,94137.82318598832,-5862.1768140116765,-0.05877798846322113,0.3335077918349891,-0.0147141048355953,-0.32483243304392084,0.0,0.0,0.0,inf,0.0
529,TrialState.COMPLETE,0.5666103396872666,0.8371681591575016,0.07483097831728774,0.5666103396872666,103392.7082557005,3467.708255700505,0.03480008810327262,0.06350405045815252,0.5703758546537491,-0.02261470905225771,24492.089804991072,13.0,219.49208980499105,2.0013155388969466,0.2090420792809999,104405.33184806425,4555.331848064248,0.045749909919045706,0.3617198435571055,0.30497452733409314,-0.3569731755453921,0.0,0.0,0.0,inf,0.0,106006.69248136684,6081.692481366845,0.0610347786473775,0.07045127091248037,0.8760743115507463,-0.04312884331065736,0.0,0.0,0.0,2.332874581698766,0.19984884104273384,94137.82318598832,-5862.1768140116765,-0.05877798846322113,0.3335077918349891,-0.0147141048355953,-0.32483243304392084,0.0,0.0,0.0,inf,0.0
530,TrialState.COMPLETE,0.5730962760029054,0.8208374379238607,0.07130364405837873,0.5730962760029054,103472.28505592121,3547.2850559212093,0.0355987168851406,0.06428660547985898,0.5762110475638214,-0.025354507654135383,23591.71812814613,13.0,218.5917181281461,2.039882209854112,0.20535809813829456,104405.33184806425,4555.331848064248,0.045749909919045706,0.3617198435571055,0.30497452733409314,-0.3569731755453921,0.0,0.0,0.0,inf,0.0,105974.63798546362,6049.637985463618,0.06071305973855612,0.07155303026842709,0.8594416472689411,-0.04547060792041968,0.0,0.0,0.0,2.3792875773865956,0.19601646488126345,94137.82318598832,-5862.1768140116765,-0.05877798846322113,0.3335077918349891,-0.0147141048355953,-0.32483243304392084,0.0,0.0,0.0,inf,0.0
531,TrialState.COMPLETE,0.2962821406770634,0.8356371211056819,0.03585918909193212,0.2962821406770634,101803.03742554452,1878.0374255445204,0.018846586798076048,0.06386607749214919,0.3242582967717021,-0.026633881753651667,63299.007573169125,65.0,1038.299007573169,1.9967744382237804,0.20316570931796774,104405.33184806425,4555.331848064248,0.045749909919045706,0.3617198435571055,0.30497452733409314,-0.3569731755453921,0.0,0.0,0.0,inf,0.0,106003.68730772757,6078.687307727567,0.06100461683946934,0.07055115271700456,0.8745310811451142,-0.04334839595255191,0.0,0.0,0.0,2.33714882905386,0.19948963871608066,94137.82318598832,-5862.1768140116765,-0.05877798846322113,0.3335077918349891,-0.0147141048355953,-0.32483243304392084,0.0,0.0,0.0,inf,0.0
532,TrialState.COMPLETE,0.4633844180796568,0.8276929528469887,0.10711385669134338,0.4633844180796568,102763.6781049115,2838.6781049114943,0.02848723254770924,0.064648269289434,0.46677880819340994,-0.028367018891402696,20750.89471193707,8.0,140.75089471193706,2.0044334289825803,0.20487028526813464,104405.33184806425,4555.331848064248,0.045749909919045706,0.3617198435571055,0.30497452733409314,-0.3569731755453921,0.0,0.0,0.0,inf,0.0,105988.09422367113,6063.094223671127,0.06084811490344055,0.07108081625597623,0.8664677673362206,-0.04448757407262127,0.0,0.0,0.0,2.3595807024674826,0.19762552826944657,94137.82318598832,-5862.1768140116765,-0.05877798846322113,0.3335077918349891,-0.0147141048355953,-0.32483243304392084,0.0,0.0,0.0,inf,0.0
533,TrialState.COMPLETE,0.5802518459847741,0.8386197612810528,0.06832998194991663,0.5802518459847741,103476.81450108511,3551.814501085115,0.035644174220740954,0.06339777848700702,0.5840860322229816,-0.025255698975854668,24990.47862952648,15.0,249.99047862952648,1.9967172251942307,0.20872246162746577,104405.33184806425,4555.331848064248,0.045749909919045706,0.3617198435571055,0.30497452733409314,-0.3569731755453921,0.0,0.0,0.0,inf,0.0,106009.54173546037,6084.541735460371,0.06106337555107899,0.07035723385881773,0.8775340401862656,-0.04292068044288,0.0,0.0,0.0,2.3288365112249685,0.20018938937869174,94137.82318598832,-5862.1768140116765,-0.05877798846322113,0.3335077918349891,-0.0147141048355953,-0.32483243304392084,0.0,0.0,0.0,inf,0.0
534,TrialState.COMPLETE,0.4599674099514226,0.8493824203218691,0.06333349620230032,0.4599674099514226,102729.77106331533,2804.771063315333,0.028146949395113197,0.06308268591154116,0.4715257260928405,-0.024357337517704303,36427.25247544157,23.0,381.4272524754416,1.9658975349375134,0.20955924334331494,104405.33184806425,4555.331848064248,0.045749909919045706,0.3617198435571055,0.30497452733409314,-0.3569731755453921,0.0,0.0,0.0,inf,0.0,106030.66704922907,6105.667049229072,0.06127540253475261,0.06968038096876421,0.8882441849009024,-0.041377248540881095,0.0,0.0,0.0,2.299327455312767,0.20271380594421246,94137.82318598832,-5862.1768140116765,-0.05877798846322113,0.3335077918349891,-0.0147141048355953,-0.32483243304392084,0.0,0.0,0.0,inf,0.0
535,TrialState.COMPLETE,0.533402783409786,0.8497492625389798,0.07252447527951907,0.533402783409786,103161.65814336309,3236.6581433630927,0.03248129032067948,0.06289531463561077,0.5396198499426537,-0.02050384172678399,28168.44134338825,15.0,253.16844134338825,1.9665053510274833,0.21223842588429873,104405.33184806425,4555.331848064248,0.045749909919045706,0.3617198435571055,0.30497452733409314,-0.3569731755453921,0.0,0.0,0.0,inf,0.0,106031.38709962848,6106.387099628482,0.06128262941711582,0.06965795041225167,0.8886054897978175,-0.04132463974791567,0.0,0.0,0.0,2.2983348208748744,0.20279983382967834,94137.82318598832,-5862.1768140116765,-0.05877798846322113,0.3335077918349891,-0.0147141048355953,-0.32483243304392084,0.0,0.0,0.0,inf,0.0
536,TrialState.COMPLETE,0.5270018408348457,0.8124832754761974,0.06941979053604795,0.5270018408348457,103204.49650861959,3279.496508619588,0.03291121115751916,0.06474037956515419,0.532492524461795,-0.02675600244728793,26933.106619419254,15.0,251.93310661941925,2.056702608229277,0.20302313138014,104405.33184806425,4555.331848064248,0.045749909919045706,0.3617198435571055,0.30497452733409314,-0.3569731755453921,0.0,0.0,0.0,inf,0.0,105958.24015084753,6033.2401508475305,0.06054848094865295,0.07214700895938836,0.8508077276298621,-0.04666849556994335,0.0,0.0,0.0,2.4037520254942137,0.1940551398855437,94137.82318598832,-5862.1768140116765,-0.05877798846322113,0.3335077918349891,-0.0147141048355953,-0.32483243304392084,0.0,0.0,0.0,inf,0.0
537,TrialState.COMPLETE,0.6056552692753621,0.8261775359207191,0.07673404741933049,0.6056552692753621,103652.0673960546,3727.0673960545973,0.037403009657650754,0.06384957639146202,0.6069763970436922,-0.024812384034939683,20971.81673202161,11.0,185.9718167320216,2.021246254728031,0.20775679377517714,104405.33184806425,4555.331848064248,0.045749909919045706,0.3617198435571055,0.30497452733409314,-0.3569731755453921,0.0,0.0,0.0,inf,0.0,105985.11971170903,6060.119711709034,0.06081826084973918,0.0711840032386691,0.8649197004310395,-0.04470487714593985,0.0,0.0,0.0,2.3639087656015567,0.19726987609556082,94137.82318598832,-5862.1768140116765,-0.05877798846322113,0.3335077918349891,-0.0147141048355953,-0.32483243304392084,0.0,0.0,0.0,inf,0.0
538,TrialState.COMPLETE,0.2585405373121156,0.25258777781365827,0.0666406324863785,0.2585405373121156,103894.9782762388,3969.978276238806,0.039840873130614796,0.13470763948110046,0.3574052828248881,-0.1336288264165134,3068.4849548888697,2.0,33.068484954888866,6.59406030072689,0.06383973533172964,104405.33184806425,4555.331848064248,0.045749909919045706,0.3617198435571055,0.30497452733409314,-0.3569731755453921,0.0,0.0,0.0,inf,0.0,104859.25819657161,4934.258196571609,0.04951857973492446,0.1384902189552088,0.4182593488291852,-0.13674317539796677,0.0,0.0,0.0,7.731998499732939,0.06112232760392919,94137.82318598832,-5862.1768140116765,-0.05877798846322113,0.3335077918349891,-0.0147141048355953,-0.32483243304392084,0.0,0.0,0.0,inf,0.0
539,TrialState.COMPLETE,0.19306581650659219,0.20191483642582997,0.07401926420034066,0.19306581650659219,103455.24346918163,3530.2434691816306,0.03542768823202436,0.14238542374943758,0.31574800403862574,-0.14499110755710287,3047.6935645387284,2.0,33.047693564538726,8.254569386336906,0.048067408379009996,104405.33184806425,4555.331848064248,0.045749909919045706,0.3617198435571055,0.30497452733409314,-0.3569731755453921,0.0,0.0,0.0,inf,0.0,104759.79562116638,4834.795621166384,0.04852034204015965,0.14579320967322626,0.39791069438658144,-0.14493428137429332,0.0,0.0,0.0,9.67243593228221,0.04892516667166194,94137.82318598832,-5862.1768140116765,-0.05877798846322113,0.3335077918349891,-0.0147141048355953,-0.32483243304392084,0.0,0.0,0.0,inf,0.0
540,TrialState.COMPLETE,0.6212750633468902,0.8367606382891895,0.07105390889027781,0.6212750633468902,103733.80101944102,3808.8010194410163,0.038223289875880306,0.06342562401887361,0.6230676468001767,-0.022469650084350534,22262.28726997331,13.0,217.2622872699733,2.009133794930382,0.2096278277458673,104405.33184806425,4555.331848064248,0.045749909919045706,0.3617198435571055,0.30497452733409314,-0.3569731755453921,0.0,0.0,0.0,inf,0.0,106005.89258552548,6080.892585525478,0.06102675039067762,0.07047778680295784,0.8756639045029166,-0.04318728242964931,0.0,0.0,0.0,2.3340107430233967,0.19975323293504132,94137.82318598832,-5862.1768140116765,-0.05877798846322113,0.3335077918349891,-0.0147141048355953,-0.32483243304392084,0.0,0.0,0.0,inf,0.0
541,TrialState.COMPLETE,0.52654956999503,0.8497385322932626,0.06778807784244231,0.52654956999503,103127.05703619777,3202.0570361977734,0.032134038003261534,0.06299937461863901,0.5334945073907837,-0.023217598781973492,29388.117558022062,17.0,284.3881175580221,1.9745605015174295,0.20988996761028114,104405.33184806425,4555.331848064248,0.045749909919045706,0.3617198435571055,0.30497452733409314,-0.3569731755453921,0.0,0.0,0.0,inf,0.0,106031.3660379367,6106.366037936707,0.06128241802862089,0.06965860590811096,0.8885949252322598,-0.04132617857227172,0.0,0.0,0.0,2.2983638435641267,0.202797317503095,94137.82318598832,-5862.1768140116765,-0.05877798846322113,0.3335077918349891,-0.0147141048355953,-0.32483243304392084,0.0,0.0,0.0,inf,0.0
542,TrialState.COMPLETE,0.54291733608053,0.8024842702768882,0.07199057939633108,0.54291733608053,103332.73980167467,3407.739801674674,0.03419824881754496,0.06544009265171352,0.5465224884919107,-0.028610217559362994,23871.685859814304,13.0,218.8716858598143,2.084882110842463,0.2001326119273564,104405.33184806425,4555.331848064248,0.045749909919045706,0.3617198435571055,0.30497452733409314,-0.3569731755453921,0.0,0.0,0.0,inf,0.0,105938.61376285058,6013.613762850582,0.06035149849616306,0.07288404954901746,0.8403898262605606,-0.04810217350242196,0.0,0.0,0.0,2.4337029290707703,0.19170690593954498,94137.82318598832,-5862.1768140116765,-0.05877798846322113,0.3335077918349891,-0.0147141048355953,-0.32483243304392084,0.0,0.0,0.0,inf,0.0
543,TrialState.COMPLETE,0.52512203132639,0.8218602381034861,0.06525086186937408,0.52512203132639,103179.12058375512,3254.1205837551242,0.03265654127634643,0.06435579835376323,0.5314578757108516,-0.02779963925394202,28433.093220654813,17.0,283.4330932206548,2.042267341888332,0.20307887828657875,104405.33184806425,4555.331848064248,0.045749909919045706,0.3617198435571055,0.30497452733409314,-0.3569731755453921,0.0,0.0,0.0,inf,0.0,105976.64557249527,6051.645572495268,0.06073320912601243,0.07148170063378782,0.8604935184939211,-0.04532394735664669,0.0,0.0,0.0,2.376326568143531,0.1962565511479297,94137.82318598832,-5862.1768140116765,-0.05877798846322113,0.3335077918349891,-0.0147141048355953,-0.32483243304392084,0.0,0.0,0.0,inf,0.0
544,TrialState.COMPLETE,0.6232440763267807,0.8371274214408252,0.06981457289522801,0.6232440763267807,103743.2232424891,3818.223242489097,0.038317851602001296,0.06337814404337251,0.6249237489407532,-0.02241696961218087,22084.102823298897,13.0,217.0841028232989,2.0062212929035153,0.20998723775090394,104405.33184806425,4555.331848064248,0.045749909919045706,0.3617198435571055,0.30497452733409314,-0.3569731755453921,0.0,0.0,0.0,inf,0.0,106006.61251998904,6081.6125199890375,0.06103397610479622,0.07045391928089137,0.876033297140574,-0.043134685166789644,0.0,0.0,0.0,2.3329881080046984,0.19983928366284676,94137.82318598832,-5862.1768140116765,-0.05877798846322113,0.3335077918349891,-0.0147141048355953,-0.32483243304392084,0.0,0.0,0.0,inf,0.0
545,TrialState.COMPLETE,0.4319567177127789,0.6233217814474329,0.05953554501082303,0.4319567177127789,103220.28731059376,3295.2873105937615,0.033069685927890946,0.08292799203328445,0.4337750941451597,-0.06270109923376255,19772.051725256533,12.0,199.77205172525652,2.7100604286362313,0.1541376349200516,104405.33184806425,4555.331848064248,0.045749909919045706,0.3617198435571055,0.30497452733409314,-0.3569731755453921,0.0,0.0,0.0,inf,0.0,105586.94752704642,5661.947527046417,0.05682197774304498,0.09001467470778884,0.6589375332922055,-0.07634837552791174,0.0,0.0,0.0,3.133226492696833,0.14948626917629626,94137.82318598832,-5862.1768140116765,-0.05877798846322113,0.3335077918349891,-0.0147141048355953,-0.32483243304392084,0.0,0.0,0.0,inf,0.0
546,TrialState.COMPLETE,0.5766723725649302,0.8497300640822902,0.07448234190466219,0.5766723725649302,103426.1582987803,3501.1582987802976,0.035135790854818216,0.0629031336093733,0.5803758384760442,-0.020507062952040744,24535.755738161017,13.0,219.53575573816101,1.969879822015694,0.2125332151404741,104405.33184806425,4555.331848064248,0.045749909919045706,0.3617198435571055,0.30497452733409314,-0.3569731755453921,0.0,0.0,0.0,inf,0.0,106031.34941624354,6106.349416243538,0.061282251202767535,0.06965912324513376,0.888586587616472,-0.04132739299821109,0.0,0.0,0.0,2.2983867485203486,0.20279533164071817,94137.82318598832,-5862.1768140116765,-0.05877798846322113,0.3335077918349891,-0.0147141048355953,-0.32483243304392084,0.0,0.0,0.0,inf,0.0
547,TrialState.COMPLETE,0.5137840369800859,0.8278122090778588,0.054633556117340075,0.5137840369800859,103099.96113405476,3174.9611340547563,0.031862107193804334,0.06383948790019697,0.523184361752204,-0.028893065021527997,33913.87539035766,25.0,408.91387539035765,2.015504209093023,0.20592048251165304,104405.33184806425,4555.331848064248,0.045749909919045706,0.3617198435571055,0.30497452733409314,-0.3569731755453921,0.0,0.0,0.0,inf,0.0,105988.328303863,6063.328303863003,0.06085046427806007,0.07107272493377659,0.866589464950368,-0.04447047327175324,0.0,0.0,0.0,2.359240776699387,0.1976535156511062,94137.82318598832,-5862.1768140116765,-0.05877798846322113,0.3335077918349891,-0.0147141048355953,-0.32483243304392084,0.0,0.0,0.0,inf,0.0
548,TrialState.COMPLETE,0.5629380582357114,0.7904920960618519,0.068623202350399,0.5629380582357114,103498.02216089521,3573.0221608952124,0.03585701354294457,0.06615499092444099,0.5655513051983436,-0.030444986093033144,22719.561573589534,13.0,217.71956157358954,2.1181890307883586,0.19784365295087306,104405.33184806425,4555.331848064248,0.045749909919045706,0.3617198435571055,0.30497452733409314,-0.3569731755453921,0.0,0.0,0.0,inf,0.0,105915.0751148174,5990.075114817402,0.060115250337640536,0.0738044015421798,0.8278069630791309,-0.049821548988424835,0.0,0.0,0.0,2.470623462063395,0.18888950265810178,94137.82318598832,-5862.1768140116765,-0.05877798846322113,0.3335077918349891,-0.0147141048355953,-0.32483243304392084,0.0,0.0,0.0,inf,0.0
549,TrialState.COMPLETE,0.5320827458242438,0.8396317225152554,0.07209729925773664,0.5320827458242438,103173.2885578293,3248.2885578293062,0.0325980117551401,0.06333429260412694,0.5381026028303921,-0.02220138010927275,27833.053782302148,15.0,252.83305378230216,1.9902016884363254,0.2097374248753785,104405.33184806425,4555.331848064248,0.045749909919045706,0.3617198435571055,0.30497452733409314,-0.3569731755453921,0.0,0.0,0.0,inf,0.0,106011.52804744084,6086.5280474408355,0.06108331142696821,0.07029206031067634,0.8785496431889166,-0.04277556220079315,0.0,0.0,0.0,2.326029694608874,0.2004267872935979,94137.82318598832,-5862.1768140116765,-0.05877798846322113,0.3335077918349891,-0.0147141048355953,-0.32483243304392084,0.0,0.0,0.0,inf,0.0
550,TrialState.COMPLETE,0.4844718953572648,0.815324007359069,0.07695821789341788,0.4844718953572648,102950.18402772963,3025.1840277296287,0.03035896795417492,0.06540798902835533,0.4899087276926265,-0.02935139229890671,25641.864917974955,12.0,205.64186491797494,2.0709762907540363,0.20137078756769902,104405.33184806425,4555.331848064248,0.045749909919045706,0.3617198435571055,0.30497452733409314,-0.3569731755453921,0.0,0.0,0.0,inf,0.0,105963.81603614968,6038.816036149685,0.0606044439674549,0.07194277637490042,0.8537516058658693,-0.046261173539624445,0.0,0.0,0.0,2.395376931720811,0.19472212814607295,94137.82318598832,-5862.1768140116765,-0.05877798846322113,0.3335077918349891,-0.0147141048355953,-0.32483243304392084,0.0,0.0,0.0,inf,0.0
551,TrialState.COMPLETE,0.4050322199763335,0.8377308858331479,0.047507560952544076,0.4050322199763335,102438.27751629375,2513.277516293747,0.025221600956149892,0.06375266246092601,0.42255094978116525,-0.026660675355390073,46445.36934904038,37.0,601.4453693490403,1.9928979685346557,0.20546607009138515,104405.33184806425,4555.331848064248,0.045749909919045706,0.3617198435571055,0.30497452733409314,-0.3569731755453921,0.0,0.0,0.0,inf,0.0,106007.79702045373,6082.797020453727,0.0610458644951648,0.0704147399126017,0.8766405900739755,-0.04304814725988815,0.0,0.0,0.0,2.331307526239478,0.19998085967229315,94137.82318598832,-5862.1768140116765,-0.05877798846322113,0.3335077918349891,-0.0147141048355953,-0.32483243304392084,0.0,0.0,0.0,inf,0.0
552,TrialState.COMPLETE,0.5449374542848798,0.6896603175178978,0.06370552324069689,0.5449374542848798,103767.09189717616,3842.0918971761566,0.038557398274875254,0.07463278080116907,0.5441946164051924,-0.04878614482326915,17428.16704397492,11.0,182.42816704397492,2.4207765465607505,0.17393679908091023,104405.33184806425,4555.331848064248,0.045749909919045706,0.3617198435571055,0.30497452733409314,-0.3569731755453921,0.0,0.0,0.0,inf,0.0,105717.15906530479,5792.15906530479,0.05812885044714755,0.08292111507126608,0.7228040653075597,-0.06553163304531917,0.0,0.0,0.0,2.831840936035005,0.1651523126267694,94137.82318598832,-5862.1768140116765,-0.05877798846322113,0.3335077918349891,-0.0147141048355953,-0.32483243304392084,0.0,0.0,0.0,inf,0.0
553,TrialState.COMPLETE,0.5772550870011812,0.8273184924106799,0.06741660960815833,0.5772550870011812,103485.73099751954,3560.7309975195385,0.03573365984833554,0.06395567491937182,0.5808981787833244,-0.02711882744343852,24653.706076301445,15.0,249.65370607630143,2.0239926196487565,0.2059313105773936,104405.33184806425,4555.331848064248,0.045749909919045706,0.3617198435571055,0.30497452733409314,-0.3569731755453921,0.0,0.0,0.0,inf,0.0,105987.35921997164,6062.359219971637,0.06084073794855449,0.07110625027039694,0.8660855186875288,-0.04454126993423979,0.0,0.0,0.0,2.360648694573857,0.19753764811805036,94137.82318598832,-5862.1768140116765,-0.05877798846322113,0.3335077918349891,-0.0147141048355953,-0.32483243304392084,0.0,0.0,0.0,inf,0.0
554,TrialState.COMPLETE,0.6247674671684019,0.849803017816231,0.07020033909657337,0.6247674671684019,103727.02271585829,3802.0227158582857,0.038155262623056574,0.06290607025399945,0.6266501317888069,-0.020384223984860728,22408.144263810496,13.0,217.4081442638105,1.9778352419456007,0.21294186500895224,104405.33184806425,4555.331848064248,0.045749909919045706,0.3617198435571055,0.30497452733409314,-0.3569731755453921,0.0,0.0,0.0,inf,0.0,106031.49261231771,6106.492612317714,0.06128368840937726,0.06965466712553044,0.8886584116928552,-0.04131693070337117,0.0,0.0,0.0,2.2981894370354174,0.20281243984915304,94137.82318598832,-5862.1768140116765,-0.05877798846322113,0.3335077918349891,-0.0147141048355953,-0.32483243304392084,0.0,0.0,0.0,inf,0.0
555,TrialState.COMPLETE,0.5737753742317582,0.8365017946256661,0.07345448972164942,0.5737753742317582,103437.71432535995,3512.7143253599497,0.03525176655713591,0.06350263620854757,0.5772584826695326,-0.02272650879969862,24153.79256897878,13.0,219.1537925689788,2.001031101367642,0.20926028569271898,104405.33184806425,4555.331848064248,0.045749909919045706,0.3617198435571055,0.30497452733409314,-0.3569731755453921,0.0,0.0,0.0,inf,0.0,106005.38451836574,6080.3845183657395,0.06102165110987268,0.07049465518146676,0.8754030916612805,-0.04322440095192248,0.0,0.0,0.0,2.334732969676476,0.19969250516674325,94137.82318598832,-5862.1768140116765,-0.05877798846322113,0.3335077918349891,-0.0147141048355953,-0.32483243304392084,0.0,0.0,0.0,inf,0.0
556,TrialState.COMPLETE,0.37580731243475374,0.5559619663384561,0.06616817070781074,0.37580731243475374,102963.09627414585,3038.0962741458497,0.03048855297094777,0.09056785942911472,0.37689325965943093,-0.07646834875806774,17082.00692098622,10.0,167.0820069209862,2.991874925468591,0.1370685730903778,104405.33184806425,4555.331848064248,0.045749909919045706,0.3617198435571055,0.30497452733409314,-0.3569731755453921,0.0,0.0,0.0,inf,0.0,105454.73138750407,5529.731387504071,0.055494990317752846,0.09788595320463903,0.6006793088930483,-0.08734077008397811,0.0,0.0,0.0,3.5128451896961934,0.1335369027382819,94137.82318598832,-5862.1768140116765,-0.05877798846322113,0.3335077918349891,-0.0147141048355953,-0.32483243304392084,0.0,0.0,0.0,inf,0.0
557,TrialState.COMPLETE,0.5280857599070339,0.8174435421464552,0.07014786822028907,0.5280857599070339,103198.79453391997,3273.794533919965,0.03285398677625051,0.06445927870044516,0.5336731282984455,-0.025923874320458395,27097.535100747067,15.0,252.09753510074705,2.04422248835281,0.2042502630098193,104405.33184806425,4555.331848064248,0.045749909919045706,0.3617198435571055,0.30497452733409314,-0.3569731755453921,0.0,0.0,0.0,inf,0.0,105967.97633122708,6042.976331227081,0.06064619925624015,0.0717919039724396,0.855942870743208,-0.045957257818066255,0.0,0.0,0.0,2.389166001578341,0.19521974067498005,94137.82318598832,-5862.1768140116765,-0.05877798846322113,0.3335077918349891,-0.0147141048355953,-0.32483243304392084,0.0,0.0,0.0,inf,0.0
558,TrialState.COMPLETE,0.5836868878464251,0.8384482273120917,0.06820115558958628,0.5836868878464251,103497.28548521464,3572.285485214641,0.03584962028991523,0.06337668444610674,0.5873887934904592,-0.025081743737364826,24828.963506013955,15.0,249.82896350601396,1.99660493347928,0.20886305236147445,104405.33184806425,4555.331848064248,0.045749909919045706,0.3617198435571055,0.30497452733409314,-0.3569731755453921,0.0,0.0,0.0,inf,0.0,106009.20504274324,6084.2050427432405,0.06105999629138292,0.0703683124113189,0.8773617229196757,-0.04294527885565502,0.0,0.0,0.0,2.32931295634921,0.20014914809058607,94137.82318598832,-5862.1768140116765,-0.05877798846322113,0.3335077918349891,-0.0147141048355953,-0.32483243304392084,0.0,0.0,0.0,inf,0.0
559,TrialState.COMPLETE,0.49323252689479,0.7214693083856385,0.06229412099446313,0.49323252689479,103268.5676116637,3343.567611663704,0.0335542221890075,0.0715317522662031,0.49711298407386,-0.042659503990853165,24039.945561520646,15.0,249.03994556152065,2.312889691900432,0.18070190477482875,104405.33184806425,4555.331848064248,0.045749909919045706,0.3617198435571055,0.30497452733409314,-0.3569731755453921,0.0,0.0,0.0,inf,0.0,105779.594836075,5854.594836075004,0.05875549083524323,0.07980261444690913,0.7552845788640832,-0.06034252444402555,0.0,0.0,0.0,2.706987388661257,0.17265006101026248,94137.82318598832,-5862.1768140116765,-0.05877798846322113,0.3335077918349891,-0.0147141048355953,-0.32483243304392084,0.0,0.0,0.0,inf,0.0
560,TrialState.COMPLETE,0.5767183856649134,0.8499646076509891,0.07461376649138377,0.5767183856649134,103425.95340488052,3500.9534048805217,0.03513373455025248,0.06289322580713386,0.5804257586197493,-0.0204677098907744,24542.52812854098,13.0,219.542528128541,1.9693362433311175,0.21259123533145063,104405.33184806425,4555.331848064248,0.045749909919045706,0.3617198435571055,0.30497452733409314,-0.3569731755453921,0.0,0.0,0.0,inf,0.0,106031.80978634953,6106.809786349535,0.06128687176911929,0.0696448029855913,0.8888174624455414,-0.04129375709296634,0.0,0.0,0.0,2.29775251995907,0.20285033375155997,94137.82318598832,-5862.1768140116765,-0.05877798846322113,0.3335077918349891,-0.0147141048355953,-0.32483243304392084,0.0,0.0,0.0,inf,0.0
561,TrialState.COMPLETE,0.6240603300607573,0.849878241002212,0.07159248302467963,0.6240603300607573,103718.53987503325,3793.5398750332533,0.03807012860186676,0.0628277783696002,0.6260468580399358,-0.020265417458983914,22572.97431066883,13.0,217.57297431066883,1.9778317308688231,0.2128749401322917,104405.33184806425,4555.331848064248,0.045749909919045706,0.3617198435571055,0.30497452733409314,-0.3569731755453921,0.0,0.0,0.0,inf,0.0,106031.6402629494,6106.640262949397,0.061285170324757,0.06965007414925015,0.8887324592225937,-0.041306142942735935,0.0,0.0,0.0,2.2979860230366804,0.20283008021750265,94137.82318598832,-5862.1768140116765,-0.05877798846322113,0.3335077918349891,-0.0147141048355953,-0.32483243304392084,0.0,0.0,0.0,inf,0.0
562,TrialState.COMPLETE,0.48712369716242127,0.827918649812789,0.06527690498648728,0.48712369716242127,102938.21519951135,3013.2151995113527,0.030238850955123686,0.06426887183440382,0.49562150704249325,-0.02681017915332362,31482.081075554706,19.0,316.48208107555473,2.032568831297513,0.20321856395390206,104405.33184806425,4555.331848064248,0.045749909919045706,0.3617198435571055,0.30497452733409314,-0.3569731755453921,0.0,0.0,0.0,inf,0.0,105988.53722936322,6063.5372293632245,0.06085256118453697,0.07106550670109617,0.8666980687489225,-0.044455210146751245,0.0,0.0,0.0,2.358937462693589,0.1976784953603937,94137.82318598832,-5862.1768140116765,-0.05877798846322113,0.3335077918349891,-0.0147141048355953,-0.32483243304392084,0.0,0.0,0.0,inf,0.0
563,TrialState.COMPLETE,0.5182492052744353,0.8030303428774617,0.06949120468791448,0.5182492052744353,103170.2264035943,3245.2264035942935,0.032567280341684324,0.0652501105408014,0.5237379556780488,-0.02834176192359472,26757.62572661604,15.0,251.75762572661603,2.077977427862036,0.2009378637938252,104405.33184806425,4555.331848064248,0.045749909919045706,0.3617198435571055,0.30497452733409314,-0.3569731755453921,0.0,0.0,0.0,inf,0.0,105939.68561275178,6014.685612751782,0.06036225623576774,0.0728430762829824,0.8409607605588584,-0.04802387819502618,0.0,0.0,0.0,2.432047974809965,0.19183517039034967,94137.82318598832,-5862.1768140116765,-0.05877798846322113,0.3335077918349891,-0.0147141048355953,-0.32483243304392084,0.0,0.0,0.0,inf,0.0
564,TrialState.COMPLETE,0.5245849971655602,0.8371267366371643,0.07220920692413535,0.5245849971655602,103129.11509874125,3204.1150987412548,0.03215469244863689,0.06341252104095228,0.5307460904813209,-0.02262165875284816,27893.745365109782,15.0,252.8937453651098,1.9933408567153819,0.20938368655912767,104405.33184806425,4555.331848064248,0.045749909919045706,0.3617198435571055,0.30497452733409314,-0.3569731755453921,0.0,0.0,0.0,inf,0.0,106006.61117583318,6081.611175833183,0.06103396261400462,0.07045396380447697,0.8760326076631706,-0.04313478336876253,0.0,0.0,0.0,2.3329900164836985,0.19983912300255785,94137.82318598832,-5862.1768140116765,-0.05877798846322113,0.3335077918349891,-0.0147141048355953,-0.32483243304392084,0.0,0.0,0.0,inf,0.0
565,TrialState.COMPLETE,0.6140226659209213,0.818340634961395,0.06755444779214406,0.6140226659209213,103743.36649516954,3818.366495169539,0.03831928929057882,0.06446974379133583,0.6154486842342515,-0.02566688116558835,21578.52422350268,13.0,216.57852422350268,2.053876204531817,0.2051414400123941,104405.33184806425,4555.331848064248,0.045749909919045706,0.3617198435571055,0.30497452733409314,-0.3569731755453921,0.0,0.0,0.0,inf,0.0,105969.73717556152,6044.737175561517,0.060663872177983524,0.07172843822723537,0.856868909549743,-0.045828624635535053,0.0,0.0,0.0,2.3865469166128057,0.19543034416005856,94137.82318598832,-5862.1768140116765,-0.05877798846322113,0.3335077918349891,-0.0147141048355953,-0.32483243304392084,0.0,0.0,0.0,inf,0.0
566,TrialState.COMPLETE,0.6091985950384982,0.8289888025442489,0.07686039675242559,0.6091985950384982,103667.53015350744,3742.5301535074395,0.037558194052963234,0.06370863965110411,0.6105253596712583,-0.024169686816226554,21060.505281439084,11.0,186.06050528143908,2.0145183055924485,0.20857085432134667,104405.33184806425,4555.331848064248,0.045749909919045706,0.3617198435571055,0.30497452733409314,-0.3569731755453921,0.0,0.0,0.0,inf,0.0,105990.63776159698,6065.637761596983,0.060873643435256364,0.0709931226764778,0.8677891248075168,-0.04430175461862074,0.0,0.0,0.0,2.355892278776391,0.19792963573994576,94137.82318598832,-5862.1768140116765,-0.05877798846322113,0.3335077918349891,-0.0147141048355953,-0.32483243304392084,0.0,0.0,0.0,inf,0.0
567,TrialState.COMPLETE,0.6214873827421491,0.8391155812120608,0.06973282971597078,0.6214873827421491,103732.57452374484,3807.5745237448427,0.03821098072832929,0.06338781979161481,0.6232149294740812,-0.022178772307230976,22126.33116569749,13.0,217.12633116569748,2.003026037153163,0.2102929177240682,104405.33184806425,4555.331848064248,0.045749909919045706,0.3617198435571055,0.30497452733409314,-0.3569731755453921,0.0,0.0,0.0,inf,0.0,106010.51494770993,6085.514947709933,0.06107314332097502,0.07032526209212966,0.8780318544901886,-0.042849578478916794,0.0,0.0,0.0,2.327460439103108,0.20030570573899184,94137.82318598832,-5862.1768140116765,-0.05877798846322113,0.3335077918349891,-0.0147141048355953,-0.32483243304392084,0.0,0.0,0.0,inf,0.0
568,TrialState.COMPLETE,0.5726986770815152,0.8373890993386657,0.07474074528233692,0.5726986770815152,103428.34378815227,3503.3437881522696,0.03515772431365316,0.06344867940351606,0.5762637204889465,-0.02257764059231382,24270.408155378347,13.0,219.27040815537833,2.0005951366506842,0.20923248794276483,104405.33184806425,4555.331848064248,0.045749909919045706,0.3617198435571055,0.30497452733409314,-0.3569731755453921,0.0,0.0,0.0,inf,0.0,106007.12615028037,6082.126150280368,0.061039131220845144,0.07043691638899445,0.8762967064582659,-0.04309716010314735,0.0,0.0,0.0,2.3322590664823384,0.1999006750687162,94137.82318598832,-5862.1768140116765,-0.05877798846322113,0.3335077918349891,-0.0147141048355953,-0.32483243304392084,0.0,0.0,0.0,inf,0.0
569,TrialState.COMPLETE,0.44094139125182497,0.810171560385283,0.08057711590541805,0.44094139125182497,102664.8531585323,2739.853158532307,0.02749544932120407,0.06539964669018297,0.447414305201519,-0.029293911282343155,26280.990578832396,12.0,206.28099057883242,2.0727944154129,0.20153306787193284,104405.33184806425,4555.331848064248,0.045749909919045706,0.3617198435571055,0.30497452733409314,-0.3569731755453921,0.0,0.0,0.0,inf,0.0,105953.70263772398,6028.702637723982,0.060502939678487966,0.0723149068374438,0.8484065154124724,-0.04699995990545591,0.0,0.0,0.0,2.4106108071447423,0.1935123134984143,94137.82318598832,-5862.1768140116765,-0.05877798846322113,0.3335077918349891,-0.0147141048355953,-0.32483243304392084,0.0,0.0,0.0,inf,0.0
570,TrialState.COMPLETE,0.5252402267009033,0.8263096370469505,0.0658154220516622,0.5252402267009033,103168.81337316436,3243.813373164361,0.03255309933823103,0.06411064817314882,0.5316817132751566,-0.027064952977723267,28592.33814133943,17.0,283.59233814133944,2.031340798807985,0.20413992276639678,104405.33184806425,4555.331848064248,0.045749909919045706,0.3617198435571055,0.30497452733409314,-0.3569731755453921,0.0,0.0,0.0,inf,0.0,105985.37900429941,6060.379004299408,0.06082086327149572,0.07117498112178128,0.8650547664731265,-0.04468593457724823,0.0,0.0,0.0,2.363530850354967,0.1973008795533913,94137.82318598832,-5862.1768140116765,-0.05877798846322113,0.3335077918349891,-0.0147141048355953,-0.32483243304392084,0.0,0.0,0.0,inf,0.0
571,TrialState.COMPLETE,0.5247157978531248,0.8380950497406576,0.07263045997603343,0.5247157978531248,103127.94756719893,3202.947567198935,0.03214297525528553,0.06336789877271169,0.5308959852232374,-0.02245919880436198,27926.01034717336,15.0,252.92601034717336,1.9910378028172784,0.20962342964504582,104405.33184806425,4555.331848064248,0.045749909919045706,0.3617198435571055,0.30497452733409314,-0.3569731755453921,0.0,0.0,0.0,inf,0.0,106008.51181377575,6083.511813775753,0.061053038609913735,0.07039115090320719,0.8770067823980844,-0.04299592536744412,0.0,0.0,0.0,2.3302945408285454,0.20006629309130436,94137.82318598832,-5862.1768140116765,-0.05877798846322113,0.3335077918349891,-0.0147141048355953,-0.32483243304392084,0.0,0.0,0.0,inf,0.0
572,TrialState.COMPLETE,0.5897237898351458,0.8493043448411186,0.06886469217588902,0.5897237898351458,103510.33295836792,3585.332958367915,0.03598056432502039,0.06288540231373783,0.5934934219325234,-0.023289289369356814,25029.487382500338,15.0,250.02948738250035,1.9703020340809914,0.21172156062286987,104405.33184806425,4555.331848064248,0.045749909919045706,0.3617198435571055,0.30497452733409314,-0.3569731755453921,0.0,0.0,0.0,inf,0.0,106030.51380001614,6105.513800016139,0.0612738644284998,0.06968516038677167,0.88816725426373,-0.04138844532358432,0.0,0.0,0.0,2.299538829595222,0.2026954963864476,94137.82318598832,-5862.1768140116765,-0.05877798846322113,0.3335077918349891,-0.0147141048355953,-0.32483243304392084,0.0,0.0,0.0,inf,0.0
573,TrialState.COMPLETE,0.6240792350732774,0.8498549793221389,0.07117225074087323,0.6240792350732774,103717.63848239384,3792.6384823938424,0.038061082201950924,0.06281002652568109,0.6260672770523117,-0.02027841331025415,22571.48209485407,13.0,217.57148209485408,1.9777685529379025,0.21287383310636684,104405.33184806425,4555.331848064248,0.045749909919045706,0.3617198435571055,0.30497452733409314,-0.3569731755453921,0.0,0.0,0.0,inf,0.0,106031.59460413127,6106.594604131271,0.06128471206390085,0.06965149426921065,0.88870956227528,-0.04130947890176795,0.0,0.0,0.0,2.298048922021779,0.2028246251940123,94137.82318598832,-5862.1768140116765,-0.05877798846322113,0.3335077918349891,-0.0147141048355953,-0.32483243304392084,0.0,0.0,0.0,inf,0.0
574,TrialState.COMPLETE,0.5288688537742197,0.8219048349448937,0.06257852783082028,0.5288688537742197,103204.34483451219,3279.344834512187,0.03290968897300428,0.06427070654630701,0.5358900772880961,-0.026718665031974398,29867.556401452013,19.0,314.867556401452,2.0441103707256074,0.2034741537188588,104405.33184806425,4555.331848064248,0.045749909919045706,0.3617198435571055,0.30497452733409314,-0.3569731755453921,0.0,0.0,0.0,inf,0.0,105976.73310869484,6051.73310869484,0.06073408769357713,0.07147859743837714,0.8605393552586967,-0.045317552545500184,0.0,0.0,0.0,2.3761976278397556,0.19626701936356689,94137.82318598832,-5862.1768140116765,-0.05877798846322113,0.3335077918349891,-0.0147141048355953,-0.32483243304392084,0.0,0.0,0.0,inf,0.0
575,TrialState.COMPLETE,0.5270166338986765,0.8379932955161484,0.06723885187916766,0.5270166338986765,103153.39688196621,3228.3968819662114,0.03239838132133932,0.06351648288151382,0.5336983816796438,-0.025156855602138428,28994.69682894619,17.0,283.9946968289462,2.0022357173225918,0.20703867669974943,104405.33184806425,4555.331848064248,0.045749909919045706,0.3617198435571055,0.30497452733409314,-0.3569731755453921,0.0,0.0,0.0,inf,0.0,106008.31208711793,6083.312087117927,0.06105103402771195,0.07039773801996742,0.8769044828680005,-0.043010517152273886,0.0,0.0,0.0,2.330577499314191,0.20004242149826734,94137.82318598832,-5862.1768140116765,-0.05877798846322113,0.3335077918349891,-0.0147141048355953,-0.32483243304392084,0.0,0.0,0.0,inf,0.0
576,TrialState.COMPLETE,0.5702788222370965,0.8277827018724632,0.07383781083169028,0.5702788222370965,103436.83440437554,3511.834404375535,0.035242935713081014,0.06393122162061363,0.5736830711951462,-0.02418932868385948,23991.981809021963,13.0,218.99198180902198,2.023811992968345,0.20685792065362182,104405.33184806425,4555.331848064248,0.045749909919045706,0.3617198435571055,0.30497452733409314,-0.3569731755453921,0.0,0.0,0.0,inf,0.0,105988.27038611549,6063.270386115488,0.060849882979466585,0.07107472655023797,0.8665593554390341,-0.044474704471618276,0.0,0.0,0.0,2.359324874376251,0.1976465908292685,94137.82318598832,-5862.1768140116765,-0.05877798846322113,0.3335077918349891,-0.0147141048355953,-0.32483243304392084,0.0,0.0,0.0,inf,0.0
577,TrialState.COMPLETE,0.6246749845459801,0.849482245186276,0.07003783631179247,0.6246749845459801,103727.18934777241,3802.189347772408,0.03815693494566941,0.0629197720416961,0.6265529934594493,-0.020438086829337676,22399.6859279171,13.0,217.3996859279171,1.9785820914716172,0.2128623709614544,104405.33184806425,4555.331848064248,0.045749909919045706,0.3617198435571055,0.30497452733409314,-0.3569731755453921,0.0,0.0,0.0,inf,0.0,106030.86298887311,6105.862988873108,0.061277369109244084,0.06967427296319556,0.8883425288132354,-0.04136293267932478,0.0,0.0,0.0,2.299057255373034,0.20273721590129232,94137.82318598832,-5862.1768140116765,-0.05877798846322113,0.3335077918349891,-0.0147141048355953,-0.32483243304392084,0.0,0.0,0.0,inf,0.0
578,TrialState.COMPLETE,0.524131234043384,0.8172169226541901,0.06489005890606031,0.524131234043384,103184.37118927995,3259.3711892799474,0.032709235739070586,0.0646151706766854,0.5303734240548947,-0.02856632902705536,28272.45298658364,17.0,283.27245298658363,2.0538712272672393,0.20193979965007042,104405.33184806425,4555.331848064248,0.045749909919045706,0.3617198435571055,0.30497452733409314,-0.3569731755453921,0.0,0.0,0.0,inf,0.0,105967.53151476853,6042.531514768532,0.06064173480354329,0.07180797325927088,0.8557088039429015,-0.04598975246137538,0.0,0.0,0.0,2.3898285326287954,0.19516653795384997,94137.82318598832,-5862.1768140116765,-0.05877798846322113,0.3335077918349891,-0.0147141048355953,-0.32483243304392084,0.0,0.0,0.0,inf,0.0
579,TrialState.COMPLETE,0.5272212339328575,0.8497373509916364,0.06858488767839303,0.5272212339328575,103130.88998335827,3205.889983358269,0.0321725049584447,0.06298993557197224,0.5341566069951489,-0.0232177938320407,29388.222159486257,17.0,284.38822215948625,1.9744251969358235,0.20991799666788757,104405.33184806425,4555.331848064248,0.045749909919045706,0.3617198435571055,0.30497452733409314,-0.3569731755453921,0.0,0.0,0.0,inf,0.0,106031.3637192377,6106.363719237706,0.061282394756687175,0.06965867807441961,0.8885937621570363,-0.041326347982713285,0.0,0.0,0.0,2.2983670387407806,0.2027970404785652,94137.82318598832,-5862.1768140116765,-0.05877798846322113,0.3335077918349891,-0.0147141048355953,-0.32483243304392084,0.0,0.0,0.0,inf,0.0
580,TrialState.COMPLETE,0.24695616812136595,0.8372153206574954,0.030189788061948886,0.24695616812136595,101517.0212981151,1592.021298115098,0.01597627957241543,0.06369067328858474,0.2806841318093678,-0.027250764102267122,72748.57002216706,85.0,1347.748570022167,1.9913961067255948,0.2027986120150756,104405.33184806425,4555.331848064248,0.045749909919045706,0.3617198435571055,0.30497452733409314,-0.3569731755453921,0.0,0.0,0.0,inf,0.0,106006.78505156552,6081.7850515655155,0.061035707740001444,0.07044820556681088,0.8761217900862619,-0.0431220802719714,0.0,0.0,0.0,2.332743167638541,0.19985990547480703,94137.82318598832,-5862.1768140116765,-0.05877798846322113,0.3335077918349891,-0.0147141048355953,-0.32483243304392084,0.0,0.0,0.0,inf,0.0
581,TrialState.COMPLETE,0.5233547543229388,0.8288809402691301,0.07186002948850938,0.5233547543229388,103139.05736567515,3214.0573656751512,0.032254471749691094,0.06380978431423254,0.5293532497279327,-0.024005078234923705,27618.98870741843,15.0,252.61898870741842,2.0131708250474087,0.2073418751126564,104405.33184806425,4555.331848064248,0.045749909919045706,0.3617198435571055,0.30497452733409314,-0.3569731755453921,0.0,0.0,0.0,inf,0.0,105990.42604584892,6065.426045848915,0.0608715185239983,0.07100040286243627,0.8676792257352779,-0.04431722166235108,0.0,0.0,0.0,2.3561988510339726,0.19790432334618407,94137.82318598832,-5862.1768140116765,-0.05877798846322113,0.3335077918349891,-0.0147141048355953,-0.32483243304392084,0.0,0.0,0.0,inf,0.0
582,TrialState.COMPLETE,0.5981406217595595,0.8055233404483965,0.07499772466953109,0.5981406217595595,103665.72730805399,3740.727308053989,0.0375401006738858,0.06502962943815119,0.5991648078586603,-0.028268459870316787,20447.527480184013,11.0,185.44752748018402,2.073072456585341,0.20262465718168896,104405.33184806425,4555.331848064248,0.045749909919045706,0.3617198435571055,0.30497452733409314,-0.3569731755453921,0.0,0.0,0.0,inf,0.0,105944.5789533017,6019.578953301694,0.06041136879102793,0.07265707158064276,0.8435645603122477,-0.04766643235779844,0.0,0.0,0.0,2.424521079698244,0.19242070799977648,94137.82318598832,-5862.1768140116765,-0.05877798846322113,0.3335077918349891,-0.0147141048355953,-0.32483243304392084,0.0,0.0,0.0,inf,0.0
583,TrialState.COMPLETE,0.5516535551439559,0.8499027422253237,0.07781446307913364,0.5516535551439559,103271.15906056107,3346.159060561069,0.03358022972793262,0.06294328317544381,0.5561556341481488,-0.020665412960989005,25353.565740870305,13.0,220.3535657408703,1.968544457983619,0.21178469091634175,104405.33184806425,4555.331848064248,0.045749909919045706,0.3617198435571055,0.30497452733409314,-0.3569731755453921,0.0,0.0,0.0,inf,0.0,106031.6883547847,6106.688354784696,0.06128565300491706,0.0696485785408014,0.8887565751363715,-0.04130262922037131,0.0,0.0,0.0,2.2979197760822223,0.20283582591772117,94137.82318598832,-5862.1768140116765,-0.05877798846322113,0.3335077918349891,-0.0147141048355953,-0.32483243304392084,0.0,0.0,0.0,inf,0.0
584,TrialState.COMPLETE,0.5249755066174759,0.8289083815720938,0.06691370827786723,0.5249755066174759,103160.1686300571,3235.168630057102,0.032466341747706684,0.06395864515606262,0.5314792865811813,-0.026656794348919766,28673.38403319766,17.0,283.67338403319764,2.023688804976779,0.20486625362396063,104405.33184806425,4555.331848064248,0.045749909919045706,0.3617198435571055,0.30497452733409314,-0.3569731755453921,0.0,0.0,0.0,inf,0.0,105990.47990857334,6065.479908573339,0.06087205912388427,0.0709985503761604,0.8677071867207337,-0.04431328668365819,0.0,0.0,0.0,2.356120848243855,0.19791076309557235,94137.82318598832,-5862.1768140116765,-0.05877798846322113,0.3335077918349891,-0.0147141048355953,-0.32483243304392084,0.0,0.0,0.0,inf,0.0
585,TrialState.COMPLETE,0.4073817504051021,0.8386107346806051,0.09948617405529697,0.4073817504051021,102396.69961106793,2471.699611067932,0.024804338486354993,0.06411307888194795,0.4141908905306315,-0.026592293444344328,25669.11127169289,10.0,175.66911127169288,1.9912689383020525,0.2053601160871712,104405.33184806425,4555.331848064248,0.045749909919045706,0.3617198435571055,0.30497452733409314,-0.3569731755453921,0.0,0.0,0.0,inf,0.0,106009.52401774128,6084.524017741278,0.061063197724914975,0.07035781661810564,0.8775249735588654,-0.042921974881109715,0.0,0.0,0.0,2.328861578250497,0.20018727177463574,94137.82318598832,-5862.1768140116765,-0.05877798846322113,0.3335077918349891,-0.0147141048355953,-0.32483243304392084,0.0,0.0,0.0,inf,0.0
586,TrialState.COMPLETE,0.5279269553779532,0.8166976153911862,0.07032742351880315,0.5279269553779532,103199.6519990059,3274.6519990059023,0.03286259219953336,0.06450087290769514,0.5334997842784974,-0.026049011274194678,27072.808284286555,15.0,252.07280828428657,2.046089568921001,0.20406573716631116,104405.33184806425,4555.331848064248,0.045749909919045706,0.3617198435571055,0.30497452733409314,-0.3569731755453921,0.0,0.0,0.0,inf,0.0,105966.51220078368,6041.512200783676,0.06063150433905684,0.07184485262525266,0.8551722281112729,-0.0460642150555185,0.0,0.0,0.0,2.39134813460992,0.19504462030928904,94137.82318598832,-5862.1768140116765,-0.05877798846322113,0.3335077918349891,-0.0147141048355953,-0.32483243304392084,0.0,0.0,0.0,inf,0.0
587,TrialState.COMPLETE,0.5260690359150658,0.8498931297836505,0.07324489287287252,0.5260690359150658,103113.72217818126,3188.722178181255,0.0320002111470814,0.06285898956568776,0.5324818682568149,-0.020479702860631388,28319.131993052724,15.0,253.31913199305274,1.9633985355458246,0.21254401080445473,104405.33184806425,4555.331848064248,0.045749909919045706,0.3617198435571055,0.30497452733409314,-0.3569731755453921,0.0,0.0,0.0,inf,0.0,106031.66948715673,6106.669487156731,0.061285463637436255,0.06964916528268003,0.8887471140007941,-0.04130400774144771,0.0,0.0,0.0,2.297945765961471,0.20283357173660718,94137.82318598832,-5862.1768140116765,-0.05877798846322113,0.3335077918349891,-0.0147141048355953,-0.32483243304392084,0.0,0.0,0.0,inf,0.0
588,TrialState.COMPLETE,0.6264964325975553,0.838265044536009,0.06880381101268028,0.6264964325975553,103759.57465332013,3834.574653320131,0.0384819549301072,0.06330968088932343,0.6280276603130169,-0.022482373108560272,21869.693508958728,13.0,216.86969350895873,1.9979520709226175,0.21061013061331696,104405.33184806425,4555.331848064248,0.045749909919045706,0.3617198435571055,0.30497452733409314,-0.3569731755453921,0.0,0.0,0.0,inf,0.0,106008.84548535063,6083.845485350626,0.06105638754746745,0.07038015328273108,0.8771776509393318,-0.04297154771589029,0.0,0.0,0.0,2.329821971983931,0.20010617377327922,94137.82318598832,-5862.1768140116765,-0.05877798846322113,0.3335077918349891,-0.0147141048355953,-0.32483243304392084,0.0,0.0,0.0,inf,0.0
589,TrialState.COMPLETE,0.4043489747906125,0.7838282423442408,0.06081463385959022,0.4043489747906125,102502.73920441864,2577.7392044186417,0.02586851862290529,0.06671555068064397,0.4161394773967515,-0.03402050329627282,35753.757009711255,23.0,380.75375700971125,2.140857981802361,0.19311788093802656,104405.33184806425,4555.331848064248,0.045749909919045706,0.3617198435571055,0.30497452733409314,-0.3569731755453921,0.0,0.0,0.0,inf,0.0,105901.99507575278,5976.995075752784,0.05998397118895826,0.07433247835440177,0.8207869746568516,-0.05077693656404858,0.0,0.0,0.0,2.4916279021346655,0.1873234050931388,94137.82318598832,-5862.1768140116765,-0.05877798846322113,0.3335077918349891,-0.0147141048355953,-0.32483243304392084,0.0,0.0,0.0,inf,0.0
590,TrialState.COMPLETE,0.5180560375431424,0.795507335240277,0.06326363820004152,0.5180560375431424,103203.84091615115,3278.8409161511518,0.03290463170428293,0.06594346833513152,0.5238756576322003,-0.0321507307824741,27526.50302420893,17.0,282.5265030242089,2.109994972798969,0.19658301748101603,104405.33184806425,4555.331848064248,0.045749909919045706,0.3617198435571055,0.30497452733409314,-0.3569731755453921,0.0,0.0,0.0,inf,0.0,105924.91919710855,5999.919197108553,0.06021405150486747,0.07341475726369995,0.8330786202027911,-0.04910250167213759,0.0,0.0,0.0,2.4550475307888786,0.1900679109433751,94137.82318598832,-5862.1768140116765,-0.05877798846322113,0.3335077918349891,-0.0147141048355953,-0.32483243304392084,0.0,0.0,0.0,inf,0.0
591,TrialState.COMPLETE,0.521190012310712,0.8107236446703623,0.06549390371049885,0.521190012310712,103180.97263783416,3255.9726378341584,0.03267512827355179,0.06496951217053037,0.5273264457468817,-0.02965894471215802,28044.342324466117,17.0,283.04434232446613,2.06908065796072,0.20040382761171535,104405.33184806425,4555.331848064248,0.045749909919045706,0.3617198435571055,0.30497452733409314,-0.3569731755453921,0.0,0.0,0.0,inf,0.0,105954.78628756419,6029.786287564188,0.060513815853737274,0.07227467152650917,0.8489804081280334,-0.04692079984395203,0.0,0.0,0.0,2.4089692362434674,0.19364195536015083,94137.82318598832,-5862.1768140116765,-0.05877798846322113,0.3335077918349891,-0.0147141048355953,-0.32483243304392084,0.0,0.0,0.0,inf,0.0
592,TrialState.COMPLETE,0.6237606500224714,0.8279385899052626,0.06782960744399838,0.6237606500224714,103771.58165269747,3846.581652697467,0.038602457638925,0.06384301721444578,0.6251303874911677,-0.02414675780982911,21607.488779296615,13.0,216.6074887792966,2.022131296729871,0.2081482875483832,104405.33184806425,4555.331848064248,0.045749909919045706,0.3617198435571055,0.30497452733409314,-0.3569731755453921,0.0,0.0,0.0,inf,0.0,105988.5763684561,6063.576368456095,0.06085295400885715,0.0710641548480331,0.8667184123818467,-0.04445235082590182,0.0,0.0,0.0,2.3588806499882513,0.19768317492820514,94137.82318598832,-5862.1768140116765,-0.05877798846322113,0.3335077918349891,-0.0147141048355953,-0.32483243304392084,0.0,0.0,0.0,inf,0.0
593,TrialState.COMPLETE,0.6271858918951402,0.8376308068031991,0.06868358532749293,0.6271858918951402,103766.93549786785,3841.9354978678457,0.03855582864532581,0.063360873225758,0.6286940129898705,-0.022518731254458024,21860.43564084179,13.0,216.86043564084179,1.9987332376269464,0.21055738929815956,104405.33184806425,4555.331848064248,0.045749909919045706,0.3617198435571055,0.30497452733409314,-0.3569731755453921,0.0,0.0,0.0,inf,0.0,106007.600581925,6082.600581924999,0.06104389291472856,0.0704212297347925,0.8765399163141477,-0.04306249879401669,0.0,0.0,0.0,2.3315860678043814,0.19995738079130346,94137.82318598832,-5862.1768140116765,-0.05877798846322113,0.3335077918349891,-0.0147141048355953,-0.32483243304392084,0.0,0.0,0.0,inf,0.0
594,TrialState.COMPLETE,0.580817075862519,0.8168997331733591,0.06625789734227823,0.580817075862519,103534.29909822617,3609.299098226169,0.03622108787800782,0.06447324239507031,0.5840481308200514,-0.028639351554766823,24074.50484437999,15.0,249.07450484438,2.048459572503203,0.20370601237226807,104405.33184806425,4555.331848064248,0.045749909919045706,0.3617198435571055,0.30497452733409314,-0.3569731755453921,0.0,0.0,0.0,inf,0.0,105966.90892445116,6041.908924451156,0.06063548610269254,0.07183048967528802,0.8553811003437854,-0.04603523374819618,0.0,0.0,0.0,2.390756465936589,0.19509207171314455,94137.82318598832,-5862.1768140116765,-0.05877798846322113,0.3335077918349891,-0.0147141048355953,-0.32483243304392084,0.0,0.0,0.0,inf,0.0
595,TrialState.COMPLETE,0.4127253074479134,0.8271894810729086,0.06333183082172951,0.4127253074479134,102467.47794550136,2542.477945501363,0.025514647340003416,0.06403147587427797,0.42545129927048686,-0.026862450487348477,37444.41847819224,23.0,382.44441847819223,2.026158727475811,0.20408517726549513,104405.33184806425,4555.331848064248,0.045749909919045706,0.3617198435571055,0.30497452733409314,-0.3569731755453921,0.0,0.0,0.0,inf,0.0,105987.1059921233,6062.105992123295,0.0608381963961917,0.07111502261937339,0.8659537813033628,-0.044559769530544635,0.0,0.0,0.0,2.361016869524172,0.19750737086465692,94137.82318598832,-5862.1768140116765,-0.05877798846322113,0.3335077918349891,-0.0147141048355953,-0.32483243304392084,0.0,0.0,0.0,inf,0.0
596,TrialState.COMPLETE,0.3582731165353155,0.8369950677820708,0.13886734937309678,0.3582731165353155,102117.19280678646,2192.1928067864646,0.02199931028423663,0.06578756150998685,0.3636432900443688,-0.02720715481328595,21516.96822377733,6.0,111.51696822377733,2.071125073891053,0.19805940607254421,104405.33184806425,4555.331848064248,0.045749909919045706,0.3617198435571055,0.30497452733409314,-0.3569731755453921,0.0,0.0,0.0,inf,0.0,106006.35273171935,6081.352731719351,0.06103136870665904,0.07046252712807476,0.875900026374384,-0.043153664893392896,0.0,0.0,0.0,2.3333570223792397,0.1998082323910432,94137.82318598832,-5862.1768140116765,-0.05877798846322113,0.3335077918349891,-0.0147141048355953,-0.32483243304392084,0.0,0.0,0.0,inf,0.0
597,TrialState.COMPLETE,0.6103536510498729,0.8081039907764972,0.06894146740544921,0.6103536510498729,103748.68719340688,3823.6871934068768,0.038372687995645416,0.06500242300712088,0.6117269128685867,-0.027284541877729773,21499.867899451427,13.0,216.49986789945143,2.080380861674644,0.20252432515122526,104405.33184806425,4555.331848064248,0.045749909919045706,0.3617198435571055,0.30497452733409314,-0.3569731755453921,0.0,0.0,0.0,inf,0.0,105949.6443416694,6024.644341669395,0.06046220812986158,0.07246635459733577,0.8462549473656851,-0.04729641454823752,0.0,0.0,0.0,2.4167784609372625,0.19302677940189297,94137.82318598832,-5862.1768140116765,-0.05877798846322113,0.3335077918349891,-0.0147141048355953,-0.32483243304392084,0.0,0.0,0.0,inf,0.0
598,TrialState.COMPLETE,0.5717966743505594,0.8286830001573875,0.07226316518487931,0.5717966743505594,103444.5447121307,3519.5447121306934,0.03532031599242824,0.06389401215050156,0.5751495367380401,-0.024038286534886044,23928.026717740177,13.0,218.92802671774018,2.0199112411837787,0.20732521628351833,104405.33184806425,4555.331848064248,0.045749909919045706,0.3617198435571055,0.30497452733409314,-0.3569731755453921,0.0,0.0,0.0,inf,0.0,105990.03752225543,6065.0375222554285,0.06086761905898963,0.07101377191985447,0.8674775067803027,-0.04434560550835642,0.0,0.0,0.0,2.3567616552229955,0.19785787184849352,94137.82318598832,-5862.1768140116765,-0.05877798846322113,0.3335077918349891,-0.0147141048355953,-0.32483243304392084,0.0,0.0,0.0,inf,0.0
599,TrialState.COMPLETE,0.5274678410308717,0.838839898772226,0.06762480004264405,0.5274678410308717,103154.21291328674,3229.2129132867412,0.032406570910102905,0.06347085817991341,0.5341612855019858,-0.025017076392939264,29022.130137005595,17.0,284.0221301370056,2.0000727679483723,0.20727050461272015,104405.33184806425,4555.331848064248,0.045749909919045706,0.3617198435571055,0.30497452733409314,-0.3569731755453921,0.0,0.0,0.0,inf,0.0,106009.97382882627,6084.973828826274,0.06106771231168184,0.07034302948692037,0.8777551127395304,-0.0428891121313979,0.0,0.0,0.0,2.3282253526145062,0.2002410325455108,94137.82318598832,-5862.1768140116765,-0.05877798846322113,0.3335077918349891,-0.0147141048355953,-0.32483243304392084,0.0,0.0,0.0,inf,0.0
600,TrialState.COMPLETE,0.39301412420443277,0.8243104107983468,0.06465403830431363,0.39301412420443277,102347.87448699305,2422.8744869930524,0.024314345855860786,0.06419484546165276,0.4062907398533709,-0.02733366955295735,37944.51519541578,23.0,382.94451519541576,2.02804321207478,0.20363419856809425,104405.33184806425,4555.331848064248,0.045749909919045706,0.3617198435571055,0.30497452733409314,-0.3569731755453921,0.0,0.0,0.0,inf,0.0,105981.45485492003,6056.454854920026,0.06078147806877676,0.07131207529177963,0.8630082993468521,-0.044972611297586784,0.0,0.0,0.0,2.3692631968757847,0.19683165638758668,94137.82318598832,-5862.1768140116765,-0.05877798846322113,0.3335077918349891,-0.0147141048355953,-0.32483243304392084,0.0,0.0,0.0,inf,0.0
601,TrialState.COMPLETE,0.5507005744383867,0.83746044072299,0.07577147641991709,0.5507005744383867,103291.31149741367,3366.3114974136697,0.033782477761825414,0.06349637269702786,0.5549439219292225,-0.022750246504244953,24938.057747089864,13.0,219.93805774708986,1.9977603432418345,0.20875007775722895,104405.33184806425,4555.331848064248,0.045749909919045706,0.3617198435571055,0.30497452733409314,-0.3569731755453921,0.0,0.0,0.0,inf,0.0,106007.26618157956,6082.266181579558,0.061040536662884115,0.07043228451882613,0.8763685009798318,-0.04308692961725946,0.0,0.0,0.0,2.332060386541991,0.19991741214571362,94137.82318598832,-5862.1768140116765,-0.05877798846322113,0.3335077918349891,-0.0147141048355953,-0.32483243304392084,0.0,0.0,0.0,inf,0.0
602,TrialState.COMPLETE,0.49004671742714384,0.8181708417690265,0.05749830728476576,0.49004671742714384,102976.40923563659,3051.4092356365873,0.030622159539940075,0.06452246609284744,0.49969281022269835,-0.029364151715002396,33845.57421265393,23.0,378.8455742126539,2.0411349667935172,0.20242283076011572,104405.33184806425,4555.331848064248,0.045749909919045706,0.3617198435571055,0.30497452733409314,-0.3569731755453921,0.0,0.0,0.0,inf,0.0,105969.40389969973,6044.403899699726,0.0606605272154459,0.07174043252829013,0.8566937037587073,-0.0458529711412079,0.0,0.0,0.0,2.3870421914368656,0.19539048363560169,94137.82318598832,-5862.1768140116765,-0.05877798846322113,0.3335077918349891,-0.0147141048355953,-0.32483243304392084,0.0,0.0,0.0,inf,0.0
603,TrialState.COMPLETE,0.5176740089064908,0.6600491933457562,0.06996702531489768,0.5176740089064908,103699.95939475091,3774.959394750913,0.03788365446334163,0.07805516023873289,0.5153796957287523,-0.05598993978993172,14085.030814564681,8.0,134.08503081456467,2.5338601044018256,0.16621064052324225,104405.33184806425,4555.331848064248,0.045749909919045706,0.3617198435571055,0.30497452733409314,-0.3569731755453921,0.0,0.0,0.0,inf,0.0,105659.03734214946,5734.037342149459,0.05754550917252321,0.08599610412715925,0.6935701075311077,-0.07035519966868453,0.0,0.0,0.0,2.958882972352987,0.15816452126079247,94137.82318598832,-5862.1768140116765,-0.05877798846322113,0.3335077918349891,-0.0147141048355953,-0.32483243304392084,0.0,0.0,0.0,inf,0.0
604,TrialState.COMPLETE,0.5320357823110706,0.8393127802710002,0.07208641575903862,0.5320357823110706,103173.65519146583,3248.655191465834,0.03260169124660961,0.06334889675249665,0.5380494225441318,-0.022254891504353003,27822.481127172807,15.0,252.8224811271728,1.990957973111063,0.20965857322078335,104405.33184806425,4555.331848064248,0.045749909919045706,0.3617198435571055,0.30497452733409314,-0.3569731755453921,0.0,0.0,0.0,inf,0.0,106010.90201673962,6085.902016739623,0.061077028189136184,0.07031256720079417,0.8782297347890905,-0.04282129953752023,0.0,0.0,0.0,2.3269135952814732,0.20035196690338627,94137.82318598832,-5862.1768140116765,-0.05877798846322113,0.3335077918349891,-0.0147141048355953,-0.32483243304392084,0.0,0.0,0.0,inf,0.0
605,TrialState.COMPLETE,0.604339742870562,0.7969391636659162,0.06707479587653843,0.604339742870562,103746.56612696727,3821.566126967271,0.038351400901173616,0.06570769128298251,0.6055515092676906,-0.02916028474827359,21166.899445952284,13.0,216.16689944595228,2.1092151434708635,0.19975222788004832,104405.33184806425,4555.331848064248,0.045749909919045706,0.3617198435571055,0.30497452733409314,-0.3569731755453921,0.0,0.0,0.0,inf,0.0,105927.72963871402,6002.729638714023,0.06024225880224665,0.07330475998971012,0.8345813746506985,-0.04889721381981371,0.0,0.0,0.0,2.450636645992216,0.19040430322736634,94137.82318598832,-5862.1768140116765,-0.05877798846322113,0.3335077918349891,-0.0147141048355953,-0.32483243304392084,0.0,0.0,0.0,inf,0.0
606,TrialState.COMPLETE,0.6208193286795594,0.8370855724744446,0.06949521182376964,0.6208193286795594,103733.62905337028,3808.629053370285,0.03822156401921828,0.06348515329802636,0.6225174117820829,-0.02251962504467664,22072.802609437247,13.0,217.07280260943725,2.007883557687263,0.2097896782413769,104405.33184806425,4555.331848064248,0.045749909919045706,0.3617198435571055,0.30497452733409314,-0.3569731755453921,0.0,0.0,0.0,inf,0.0,106006.53037741226,6081.5303774122585,0.06103315167033507,0.07045664042074222,0.8759911611930785,-0.043140686376834214,0.0,0.0,0.0,2.3331047426046827,0.19982946556151454,94137.82318598832,-5862.1768140116765,-0.05877798846322113,0.3335077918349891,-0.0147141048355953,-0.32483243304392084,0.0,0.0,0.0,inf,0.0
607,TrialState.COMPLETE,0.5627316499311642,0.8217267631264483,0.07361889265501607,0.5627316499311642,103407.01702850731,3482.017028507311,0.03494369010610643,0.0643039079078104,0.5662349368435796,-0.025205311227280758,24040.33820148098,13.0,219.04033820148098,2.0389230590678005,0.20522721960146134,104405.33184806425,4555.331848064248,0.045749909919045706,0.3617198435571055,0.30497452733409314,-0.3569731755453921,0.0,0.0,0.0,inf,0.0,105976.38358326392,6051.383583263916,0.06073057963968487,0.07149099174570413,0.8603563186204752,-0.04534308653542718,0.0,0.0,0.0,2.3767125603593744,0.19622522047358518,94137.82318598832,-5862.1768140116765,-0.05877798846322113,0.3335077918349891,-0.0147141048355953,-0.32483243304392084,0.0,0.0,0.0,inf,0.0
608,TrialState.COMPLETE,0.400371068872465,0.8385194736112906,0.06512335390308688,0.400371068872465,102371.15416903698,2446.1541690369777,0.024547972885960334,0.06347148583524495,0.41378501496764875,-0.024986324586866226,38335.20821691386,23.0,383.3352082169139,1.9957817623369776,0.20695491444085262,104405.33184806425,4555.331848064248,0.045749909919045706,0.3617198435571055,0.30497452733409314,-0.3569731755453921,0.0,0.0,0.0,inf,0.0,106009.34488740598,6084.344887405983,0.06106139986029668,0.07036370985863806,0.87743330036489,-0.04293506195528318,0.0,0.0,0.0,2.329115042128922,0.20016586225947933,94137.82318598832,-5862.1768140116765,-0.05877798846322113,0.3335077918349891,-0.0147141048355953,-0.32483243304392084,0.0,0.0,0.0,inf,0.0
609,TrialState.COMPLETE,0.25726684352989426,0.3812205163428394,0.07149160020139034,0.25726684352989426,102942.42667614309,3017.4266761430918,0.03028111656985155,0.1166061420579985,0.31416055324652076,-0.10953678315273596,10579.68573576332,6.0,100.57968573576332,4.468497929159749,0.09049189608365557,104405.33184806425,4555.331848064248,0.045749909919045706,0.3617198435571055,0.30497452733409314,-0.3569731755453921,0.0,0.0,0.0,inf,0.0,105111.74291731468,5186.742917314681,0.05205260749376972,0.12049947930945697,0.48136036085616574,-0.11585284862471712,0.0,0.0,0.0,5.12304095761127,0.09194920796377429,94137.82318598832,-5862.1768140116765,-0.05877798846322113,0.3335077918349891,-0.0147141048355953,-0.32483243304392084,0.0,0.0,0.0,inf,0.0
610,TrialState.COMPLETE,0.5272409706345746,0.8499041466024118,0.06869826777470389,0.5272409706345746,103130.69809335124,3205.6980933512386,0.03217057917539856,0.06298288539424408,0.534179715229848,-0.02319025344195247,29393.990796652753,17.0,284.39399079665276,1.9740377115258867,0.20995888593939768,104405.33184806425,4555.331848064248,0.045749909919045706,0.3617198435571055,0.30497452733409314,-0.3569731755453921,0.0,0.0,0.0,inf,0.0,106031.69111134394,6106.691111343942,0.06128568067149387,0.06964849282030242,0.8887579573927251,-0.04130242781852833,0.0,0.0,0.0,2.297915979011815,0.20283615525337115,94137.82318598832,-5862.1768140116765,-0.05877798846322113,0.3335077918349891,-0.0147141048355953,-0.32483243304392084,0.0,0.0,0.0,inf,0.0
611,TrialState.COMPLETE,0.5832175672909864,0.8081378154013581,0.07577934540847168,0.5832175672909864,103553.71568157896,3628.715681578964,0.03641595231302208,0.06474611296755978,0.5847628326513777,-0.027830996782021278,20926.653570153336,11.0,185.92665357015335,2.0612476457078013,0.20358979111900274,104405.33184806425,4555.331848064248,0.045749909919045706,0.3617198435571055,0.30497452733409314,-0.3569731755453921,0.0,0.0,0.0,inf,0.0,105949.71073379515,6024.710733795146,0.06046287448192689,0.07246386727450313,0.8462901749713384,-0.04729156468971196,0.0,0.0,0.0,2.416677306625145,0.1930347228287591,94137.82318598832,-5862.1768140116765,-0.05877798846322113,0.3335077918349891,-0.0147141048355953,-0.32483243304392084,0.0,0.0,0.0,inf,0.0
612,TrialState.COMPLETE,0.4611604868362706,0.8294436739894395,0.06175933128430106,0.4611604868362706,102772.38215899386,2847.38215899386,0.0285745844519516,0.06399794076003401,0.4721896832041839,-0.027630938122304216,35584.5159299426,23.0,380.5845159299426,2.0131554721287586,0.2046914991171418,104405.33184806425,4555.331848064248,0.045749909919045706,0.3617198435571055,0.30497452733409314,-0.3569731755453921,0.0,0.0,0.0,inf,0.0,105991.53059876338,6066.5305987633765,0.06088260450589411,0.07096245933393684,0.8682524111414632,-0.04423652768317565,0.0,0.0,0.0,2.354600294571598,0.19803638088744505,94137.82318598832,-5862.1768140116765,-0.05877798846322113,0.3335077918349891,-0.0147141048355953,-0.32483243304392084,0.0,0.0,0.0,inf,0.0
613,TrialState.COMPLETE,0.5272923130559538,0.8496695997760951,0.06723091902976162,0.5272923130559538,103135.23637393067,3210.2363739306747,0.03221612476914659,0.06307205526800232,0.534213166752325,-0.023218698592605946,29381.007761791996,17.0,284.381007761792,1.9817307535136681,0.20948969826596095,104405.33184806425,4555.331848064248,0.045749909919045706,0.3617198435571055,0.30497452733409314,-0.3569731755453921,0.0,0.0,0.0,inf,0.0,106031.23073484389,6106.230734843892,0.06128106004098144,0.06966281776939745,0.8885270517248811,-0.04133606418157598,0.0,0.0,0.0,2.2985503066377087,0.20278115226678375,94137.82318598832,-5862.1768140116765,-0.05877798846322113,0.3335077918349891,-0.0147141048355953,-0.32483243304392084,0.0,0.0,0.0,inf,0.0
614,TrialState.COMPLETE,0.5302016177750121,0.8281876615236359,0.07094216725452542,0.5302016177750121,103186.44384777114,3261.4438477711374,0.03273003669921426,0.06388714822318381,0.5359984089018248,-0.024121389082981004,27453.693216799096,15.0,252.45369321679908,2.017702689195245,0.20690770550744605,104405.33184806425,4555.331848064248,0.045749909919045706,0.3617198435571055,0.30497452733409314,-0.3569731755453921,0.0,0.0,0.0,inf,0.0,105989.06525471246,6064.065254712463,0.06085786077594202,0.07104727885028068,0.8669724799112764,-0.04441663503803617,0.0,0.0,0.0,2.358171233211913,0.1977416271229395,94137.82318598832,-5862.1768140116765,-0.05877798846322113,0.3335077918349891,-0.0147141048355953,-0.32483243304392084,0.0,0.0,0.0,inf,0.0
615,TrialState.COMPLETE,0.36401993678329353,0.4883527512516336,0.074317376607001,0.36401993678329353,103304.96819848852,3379.9681984885246,0.033919535240478194,0.10166317538042509,0.37894983999062115,-0.08872832455420887,11702.87007790318,6.0,101.70287007790319,3.540856703795147,0.11756191744040527,104405.33184806425,4555.331848064248,0.045749909919045706,0.3617198435571055,0.30497452733409314,-0.3569731755453921,0.0,0.0,0.0,inf,0.0,105322.02571718994,5397.025717189943,0.054163094312476234,0.10631710472377297,0.5492748499703227,-0.09834692590091165,0.0,0.0,0.0,3.9991754200228837,0.11748372780489662,94137.82318598832,-5862.1768140116765,-0.05877798846322113,0.3335077918349891,-0.0147141048355953,-0.32483243304392084,0.0,0.0,0.0,inf,0.0
616,TrialState.COMPLETE,0.6263836115818678,0.8379268906284761,0.06898961963190597,0.6263836115818678,103759.73960074632,3834.739600746325,0.03848361034857839,0.06332570014321821,0.6279100055322014,-0.02253914671419066,21860.871332291805,13.0,216.8608713322918,1.9987583647740284,0.21052612755983324,104405.33184806425,4555.331848064248,0.045749909919045706,0.3617198435571055,0.30497452733409314,-0.3569731755453921,0.0,0.0,0.0,inf,0.0,106008.18174534262,6083.181745342619,0.06104972583578294,0.07040203849036332,0.8768377131235002,-0.04302003975894386,0.0,0.0,0.0,2.330762195304717,0.20002684283326602,94137.82318598832,-5862.1768140116765,-0.05877798846322113,0.3335077918349891,-0.0147141048355953,-0.32483243304392084,0.0,0.0,0.0,inf,0.0
617,TrialState.COMPLETE,0.523669301806552,0.8171632266801925,0.06463675351845956,0.523669301806552,103184.92706818134,3259.927068181336,0.03271481447511815,0.06469134103546591,0.5299085817511148,-0.028585963659991442,28269.42827014428,17.0,283.26942827014426,2.0605630379602853,0.20155891227339837,104405.33184806425,4555.331848064248,0.045749909919045706,0.3617198435571055,0.30497452733409314,-0.3569731755453921,0.0,0.0,0.0,inf,0.0,105967.42611848157,6042.42611848157,0.06064067698132214,0.07181178294553041,0.8556533354697623,-0.04599745184494497,0.0,0.0,0.0,2.3899855687833322,0.19515393186377883,94137.82318598832,-5862.1768140116765,-0.05877798846322113,0.3335077918349891,-0.0147141048355953,-0.32483243304392084,0.0,0.0,0.0,inf,0.0
618,TrialState.COMPLETE,0.6072413634112382,0.803559470229975,0.06737890328670806,0.6072413634112382,103743.06129860664,3818.061298606641,0.03831622632791687,0.0652824385266747,0.6085500177708407,-0.02804805410734157,21342.736410342644,13.0,216.34273641034264,2.091837897135461,0.20139439471427265,104405.33184806425,4555.331848064248,0.045749909919045706,0.3617198435571055,0.30497452733409314,-0.3569731755453921,0.0,0.0,0.0,inf,0.0,105940.72420194258,6015.724201942576,0.06037268015087349,0.07280345326116994,0.841513779882538,-0.04794801229129486,0.0,0.0,0.0,2.4304465213348068,0.1919594523229656,94137.82318598832,-5862.1768140116765,-0.05877798846322113,0.3335077918349891,-0.0147141048355953,-0.32483243304392084,0.0,0.0,0.0,inf,0.0
619,TrialState.COMPLETE,0.623800170910811,0.8304790119574105,0.068226274706947,0.623800170910811,103763.37258676205,3838.3725867620524,0.0385200711324607,0.06369151893617489,0.6252201006282914,-0.02378956946864863,21666.56187743642,13.0,216.6665618774364,2.0166835736947544,0.20867574163717093,104405.33184806425,4555.331848064248,0.045749909919045706,0.3617198435571055,0.30497452733409314,-0.3569731755453921,0.0,0.0,0.0,inf,0.0,105993.56279539329,6068.562795393285,0.06090300089946554,0.0708928973436077,0.8693058388032211,-0.04408806341838134,0.0,0.0,0.0,2.351664871702066,0.19827933852639323,94137.82318598832,-5862.1768140116765,-0.05877798846322113,0.3335077918349891,-0.0147141048355953,-0.32483243304392084,0.0,0.0,0.0,inf,0.0
620,TrialState.COMPLETE,0.4710153244742286,0.8178738842229359,0.07929883607063971,0.4710153244742286,102840.70356491263,2915.7035649126337,0.029260243225888827,0.06490212705722608,0.47678211662430603,-0.028023682430624586,25752.20151007909,12.0,205.7522015100791,2.0507720420762503,0.20386493592463298,104405.33184806425,4555.331848064248,0.045749909919045706,0.3617198435571055,0.30497452733409314,-0.3569731755453921,0.0,0.0,0.0,inf,0.0,105968.82102131333,6043.821021313328,0.06065467708776806,0.07176142989125867,0.8563872055591778,-0.04589555159277903,0.0,0.0,0.0,2.387908890087181,0.19532076954096445,94137.82318598832,-5862.1768140116765,-0.05877798846322113,0.3335077918349891,-0.0147141048355953,-0.32483243304392084,0.0,0.0,0.0,inf,0.0
621,TrialState.COMPLETE,0.5732527325243317,0.8343615511024293,0.0726422178543408,0.5732527325243317,103439.58401142279,3514.5840114227904,0.03527053063589758,0.06360706480222501,0.5767001886292205,-0.02308558724178411,24091.993540644944,13.0,219.09199354064495,2.0061640007070705,0.20873063873938788,104405.33184806425,4555.331848064248,0.045749909919045706,0.3617198435571055,0.30497452733409314,-0.3569731755453921,0.0,0.0,0.0,inf,0.0,106001.1835754762,6076.1835754762,0.06097948781369844,0.07063491397218291,0.87324258532893,-0.04353131299546775,0.0,0.0,0.0,2.34072185676054,0.1991903583905244,94137.82318598832,-5862.1768140116765,-0.05877798846322113,0.3335077918349891,-0.0147141048355953,-0.32483243304392084,0.0,0.0,0.0,inf,0.0
622,TrialState.COMPLETE,0.4042123304054827,0.839891528637096,0.06511729505305236,0.4042123304054827,102394.32659320593,2469.3265932059294,0.024780523657184084,0.06343637872601976,0.41755603211877523,-0.02475965220665899,38311.04316883935,23.0,383.3110431688394,1.9979543688311796,0.2068721981016601,104405.33184806425,4555.331848064248,0.045749909919045706,0.3617198435571055,0.30497452733409314,-0.3569731755453921,0.0,0.0,0.0,inf,0.0,106012.03800374639,6087.038003746391,0.06108842966924111,0.07027537883491318,0.8788101118715033,-0.04273830512325316,0.0,0.0,0.0,2.3253101769882796,0.20048773439343542,94137.82318598832,-5862.1768140116765,-0.05877798846322113,0.3335077918349891,-0.0147141048355953,-0.32483243304392084,0.0,0.0,0.0,inf,0.0
623,TrialState.COMPLETE,0.4590602444645012,0.8164925393351157,0.06042239573605849,0.4590602444645012,102785.90403291944,2860.9040329194395,0.028710286939094276,0.06470390699085579,0.4697796849412539,-0.029766008065883587,35033.956510032374,23.0,380.03395651003234,2.0474290118146135,0.20126666328903053,104405.33184806425,4555.331848064248,0.045749909919045706,0.3617198435571055,0.30497452733409314,-0.3569731755453921,0.0,0.0,0.0,inf,0.0,105966.10967051535,6041.109670515347,0.0606274642968323,0.07185943784934179,0.8549602554850861,-0.046093620516855505,0.0,0.0,0.0,2.3919487625648754,0.194996474050353,94137.82318598832,-5862.1768140116765,-0.05877798846322113,0.3335077918349891,-0.0147141048355953,-0.32483243304392084,0.0,0.0,0.0,inf,0.0
624,TrialState.COMPLETE,0.6310782602770537,0.849982458284155,0.06943867329281338,0.6310782602770537,103761.01449075578,3836.014490755784,0.0384964051921195,0.06280780097399641,0.6327627358959661,-0.020443887257839743,22182.788257369873,13.0,217.18278825736988,1.969688336624628,0.2136265361412979,104405.33184806425,4555.331848064248,0.045749909919045706,0.3617198435571055,0.30497452733409314,-0.3569731755453921,0.0,0.0,0.0,inf,0.0,106031.84482418018,6106.844824180182,0.061287223431010895,0.06964371381329247,0.8888350294641308,-0.041291197131257396,0.0,0.0,0.0,2.2977042644486887,0.20285451983239688,94137.82318598832,-5862.1768140116765,-0.05877798846322113,0.3335077918349891,-0.0147141048355953,-0.32483243304392084,0.0,0.0,0.0,inf,0.0
625,TrialState.COMPLETE,0.5271463366049333,0.8370096138499923,0.06662994675645395,0.5271463366049333,103156.64564947342,3231.6456494734157,0.032430985548731917,0.06356939848353789,0.5338038445797008,-0.025298107472577103,28962.583556787336,17.0,283.9625835567873,2.0053729974032413,0.20676365798898486,104405.33184806425,4555.331848064248,0.045749909919045706,0.3617198435571055,0.30497452733409314,-0.3569731755453921,0.0,0.0,0.0,inf,0.0,106006.38128323683,6081.381283236828,0.061031655267608675,0.07046158083745233,0.8759146745916969,-0.043151578964526704,0.0,0.0,0.0,2.3333164718656363,0.19981164502667623,94137.82318598832,-5862.1768140116765,-0.05877798846322113,0.3335077918349891,-0.0147141048355953,-0.32483243304392084,0.0,0.0,0.0,inf,0.0
626,TrialState.COMPLETE,0.619792977283769,0.8272976306760044,0.06906019537330385,0.619792977283769,103748.21661567956,3823.2166156795574,0.03836796526156694,0.06387313892849973,0.6213302032239145,-0.024068540838428132,21824.784941191785,13.0,216.82478494119178,2.0300588270700946,0.20754805536052642,104405.33184806425,4555.331848064248,0.045749909919045706,0.3617198435571055,0.30497452733409314,-0.3569731755453921,0.0,0.0,0.0,inf,0.0,105987.31827184807,6062.3182718480675,0.06084032696768826,0.071107668464318,0.8660642176212417,-0.04454426140593881,0.0,0.0,0.0,2.360708222396616,0.19753275215410185,94137.82318598832,-5862.1768140116765,-0.05877798846322113,0.3335077918349891,-0.0147141048355953,-0.32483243304392084,0.0,0.0,0.0,inf,0.0
627,TrialState.COMPLETE,0.41477151190497863,0.6455448987673996,0.06378106375214584,0.41477151190497863,102973.43578832457,3048.4357883245684,0.030592318535103802,0.07973111501558973,0.41779472285257074,-0.058584484018841865,20940.69976320972,12.0,200.94069976320972,2.601397809973333,0.16088855520285927,104405.33184806425,4555.331848064248,0.045749909919045706,0.3617198435571055,0.30497452733409314,-0.3569731755453921,0.0,0.0,0.0,inf,0.0,105630.56781869785,5705.5678186978475,0.05725977384840042,0.08755748081668788,0.6796651931638433,-0.0727154502553169,0.0,0.0,0.0,3.025364034066642,0.1547388153142907,94137.82318598832,-5862.1768140116765,-0.05877798846322113,0.3335077918349891,-0.0147141048355953,-0.32483243304392084,0.0,0.0,0.0,inf,0.0
628,TrialState.COMPLETE,0.621973603030995,0.8388585118586488,0.07112506281093427,0.621973603030995,103732.71124399189,3807.7112439918856,0.0382123528568048,0.0633242786536311,0.6237968838558883,-0.022117140250825118,22318.10187443997,13.0,217.31810187443998,2.004109218525294,0.21014762582728622,104405.33184806425,4555.331848064248,0.045749909919045706,0.3617198435571055,0.30497452733409314,-0.3569731755453921,0.0,0.0,0.0,inf,0.0,106010.01036322639,6085.010363226393,0.06106807899388644,0.07034182916055223,0.8777738012616632,-0.0428864429630067,0.0,0.0,0.0,2.3281736925799628,0.2002453990658672,94137.82318598832,-5862.1768140116765,-0.05877798846322113,0.3335077918349891,-0.0147141048355953,-0.32483243304392084,0.0,0.0,0.0,inf,0.0
629,TrialState.COMPLETE,0.5264851539634441,0.8498464454395195,0.06876740584886906,0.5264851539634441,103125.75958018588,3200.7595801858843,0.032121016905719335,0.06298007131506111,0.5334383791940761,-0.023199780748616727,29398.162588945568,17.0,284.3981625889456,1.973249032300966,0.21004262484058295,104405.33184806425,4555.331848064248,0.045749909919045706,0.3617198435571055,0.30497452733409314,-0.3569731755453921,0.0,0.0,0.0,inf,0.0,106031.57785353584,6106.57785353584,0.06128454394430172,0.0696520153036532,0.888701161935602,-0.04131070274633186,0.0,0.0,0.0,2.29807199828439,0.20282262393894954,94137.82318598832,-5862.1768140116765,-0.05877798846322113,0.3335077918349891,-0.0147141048355953,-0.32483243304392084,0.0,0.0,0.0,inf,0.0
630,TrialState.COMPLETE,0.5982022507584043,0.7951408635191543,0.07296746001279006,0.5982022507584043,103701.11444629081,3776.1144462908123,0.03789524658517429,0.06569594784156337,0.5989603975377183,-0.02984042528946218,20093.72939243042,11.0,185.09372939243042,2.0996449790694856,0.20023101267253704,104405.33184806425,4555.331848064248,0.045749909919045706,0.3617198435571055,0.30497452733409314,-0.3569731755453921,0.0,0.0,0.0,inf,0.0,105924.19987393144,5999.199873931444,0.06020683194129406,0.07344299997439674,0.8326938208125446,-0.04915504419714356,0.0,0.0,0.0,2.456179035325149,0.18998180974604523,94137.82318598832,-5862.1768140116765,-0.05877798846322113,0.3335077918349891,-0.0147141048355953,-0.32483243304392084,0.0,0.0,0.0,inf,0.0
631,TrialState.COMPLETE,0.5755719979548026,0.8110402548733338,0.06599275819720646,0.5755719979548026,103518.24512855052,3593.245128550523,0.036059970641182604,0.06482715771686007,0.5788146882978594,-0.02960667712594045,24017.33134401708,15.0,249.01733134401707,2.0640774080686386,0.20208779221618306,104405.33184806425,4555.331848064248,0.045749909919045706,0.3617198435571055,0.30497452733409314,-0.3569731755453921,0.0,0.0,0.0,inf,0.0,105955.40774085505,6030.407740855051,0.06052005314072728,0.07225163630084902,0.8493094036447137,-0.04687540291094394,0.0,0.0,0.0,2.4080288337982663,0.1937163014694241,94137.82318598832,-5862.1768140116765,-0.05877798846322113,0.3335077918349891,-0.0147141048355953,-0.32483243304392084,0.0,0.0,0.0,inf,0.0
632,TrialState.COMPLETE,0.6172875641528475,0.8296171300039634,0.07030910338703719,0.6172875641528475,103727.30603854985,3802.306038549854,0.038158106057623487,0.06377645079930594,0.6190063134715885,-0.023669962311070325,22082.386892508915,13.0,217.0823868925089,2.0263509058401765,0.207829647796985,104405.33184806425,4555.331848064248,0.045749909919045706,0.3617198435571055,0.30497452733409314,-0.3569731755453921,0.0,0.0,0.0,inf,0.0,105991.87106413707,6066.871064137071,0.06088602162877721,0.07095078280665831,0.8684290013027383,-0.044211654676171386,0.0,0.0,0.0,2.354107995692847,0.198077085551115,94137.82318598832,-5862.1768140116765,-0.05877798846322113,0.3335077918349891,-0.0147141048355953,-0.32483243304392084,0.0,0.0,0.0,inf,0.0
633,TrialState.COMPLETE,0.5510007632496282,0.8397428772365776,0.0764529777410796,0.5510007632496282,103288.38308818391,3363.3830881839094,0.03375308850487557,0.06339335546761418,0.5552940418268438,-0.02236781011949107,25023.055296276743,13.0,220.02305529627674,1.9924264674028431,0.20930071837831188,104405.33184806425,4555.331848064248,0.045749909919045706,0.3617198435571055,0.30497452733409314,-0.3569731755453921,0.0,0.0,0.0,inf,0.0,106011.74622571413,6086.746225714131,0.061085501201356696,0.07028492080835803,0.8786610950882727,-0.04275962224286045,0.0,0.0,0.0,2.325721803718103,0.2004528627952471,94137.82318598832,-5862.1768140116765,-0.05877798846322113,0.3335077918349891,-0.0147141048355953,-0.32483243304392084,0.0,0.0,0.0,inf,0.0
634,TrialState.COMPLETE,0.568752316756082,0.8222276881505006,0.07334222645526287,0.568752316756082,103441.74420430786,3516.7442043078627,0.035292210228215604,0.0642287822010804,0.5720635844069418,-0.025121273956215218,23830.97845891001,13.0,218.83097845891,2.0374849737662797,0.2054845137606313,104405.33184806425,4555.331848064248,0.045749909919045706,0.3617198435571055,0.30497452733409314,-0.3569731755453921,0.0,0.0,0.0,inf,0.0,105977.3668159639,6052.3668159639055,0.06074044797264011,0.07145614963721876,0.8608711150958864,-0.0452712580779826,0.0,0.0,0.0,2.3752645979353155,0.19634280221147615,94137.82318598832,-5862.1768140116765,-0.05877798846322113,0.3335077918349891,-0.0147141048355953,-0.32483243304392084,0.0,0.0,0.0,inf,0.0
635,TrialState.COMPLETE,0.5265322319796124,0.8495913186080867,0.06803581178266419,0.5265322319796124,103127.2270619859,3202.2270619859046,0.032135744359696794,0.06300561019252175,0.5334741920099965,-0.023241905892848802,29383.026188239855,17.0,284.38302618823985,1.974902645230135,0.2098538832592724,104405.33184806425,4555.331848064248,0.045749909919045706,0.3617198435571055,0.30497452733409314,-0.3569731755453921,0.0,0.0,0.0,inf,0.0,106031.07708190085,6106.077081900847,0.0612795178826151,0.06966760266859057,0.8884499619879258,-0.041347290476683396,0.0,0.0,0.0,2.2987620945865594,0.20276279465032807,94137.82318598832,-5862.1768140116765,-0.05877798846322113,0.3335077918349891,-0.0147141048355953,-0.32483243304392084,0.0,0.0,0.0,inf,0.0
636,TrialState.COMPLETE,0.6202194740769393,0.837449062648981,0.07048179194338838,0.6202194740769393,103725.11995351978,3800.119953519781,0.03813616644682227,0.06339389376235449,0.6220241014616819,-0.02235397315707277,22242.852288319653,13.0,217.24285228831965,2.0071861411035052,0.20979574018286964,104405.33184806425,4555.331848064248,0.045749909919045706,0.3617198435571055,0.30497452733409314,-0.3569731755453921,0.0,0.0,0.0,inf,0.0,106007.24384830848,6082.243848308484,0.06104031251215303,0.07043302314070823,0.8763570511798449,-0.04308856125425087,0.0,0.0,0.0,2.332092071281822,0.1999147427903494,94137.82318598832,-5862.1768140116765,-0.05877798846322113,0.3335077918349891,-0.0147141048355953,-0.32483243304392084,0.0,0.0,0.0,inf,0.0
637,TrialState.COMPLETE,0.40503221163942565,0.8218170709213592,0.063300282540088,0.40503221163942565,102429.27815039754,2504.278150397542,0.025131286178126766,0.06434613495166046,0.41787517162671395,-0.027745554815687523,37486.58988387219,23.0,382.48658988387217,2.0418959502793776,0.20243961791872084,104405.33184806425,4555.331848064248,0.045749909919045706,0.3617198435571055,0.30497452733409314,-0.3569731755453921,0.0,0.0,0.0,inf,0.0,105976.56084247983,6051.5608424798265,0.06073235872305305,0.07148470490392979,0.8604491489203511,-0.045330137165451534,0.0,0.0,0.0,2.3764513882834253,0.1962464185009129,94137.82318598832,-5862.1768140116765,-0.05877798846322113,0.3335077918349891,-0.0147141048355953,-0.32483243304392084,0.0,0.0,0.0,inf,0.0
638,TrialState.COMPLETE,0.5422273365409199,0.8386700786320491,0.06627631081647205,0.5422273365409199,103250.59090059088,3325.590900590876,0.033373809646228825,0.06354093034563678,0.548377853716211,-0.025034966162711503,28421.096979736976,17.0,283.421096979737,2.003715540001235,0.20751089395454145,104405.33184806425,4555.331848064248,0.045749909919045706,0.3617198435571055,0.30497452733409314,-0.3569731755453921,0.0,0.0,0.0,inf,0.0,106009.6405000706,6084.6405000706,0.061064366814779225,0.07035398581849467,0.8775845782304534,-0.0429134648015147,0.0,0.0,0.0,2.328696788958568,0.20020119361439637,94137.82318598832,-5862.1768140116765,-0.05877798846322113,0.3335077918349891,-0.0147141048355953,-0.32483243304392084,0.0,0.0,0.0,inf,0.0
639,TrialState.COMPLETE,0.42880292425718436,0.7097913681866806,0.07207698470138046,0.42880292425718436,102856.37727681015,2931.377276810148,0.029417541366891564,0.07309738024315603,0.43316571196660203,-0.046717180411213755,23028.28952323465,12.0,203.02828952323466,2.365635022309604,0.17680475000767112,104405.33184806425,4555.331848064248,0.045749909919045706,0.3617198435571055,0.30497452733409314,-0.3569731755453921,0.0,0.0,0.0,inf,0.0,105756.67297727212,5831.6729772721155,0.058525434095473505,0.08092392330278408,0.7432487871005826,-0.062248491888854285,0.0,0.0,0.0,2.751524471332295,0.16989846992476648,94137.82318598832,-5862.1768140116765,-0.05877798846322113,0.3335077918349891,-0.0147141048355953,-0.32483243304392084,0.0,0.0,0.0,inf,0.0
640,TrialState.COMPLETE,0.5669828193907304,0.7378490433323852,0.06876375183058157,0.5669828193907304,103710.48455577344,3785.484555773437,0.03798928521643785,0.07008023277625536,0.5670340641534533,-0.039895059626353424,18729.672788088435,11.0,183.72967278808844,2.2632112426117614,0.18578598874669622,104405.33184806425,4555.331848064248,0.045749909919045706,0.3617198435571055,0.30497452733409314,-0.3569731755453921,0.0,0.0,0.0,inf,0.0,105811.74553776397,5886.745537763971,0.05907817369290225,0.07827863207491424,0.7723408647044623,-0.057667400655986745,0.0,0.0,0.0,2.6468941536951944,0.17650750380039953,94137.82318598832,-5862.1768140116765,-0.05877798846322113,0.3335077918349891,-0.0147141048355953,-0.32483243304392084,0.0,0.0,0.0,inf,0.0
641,TrialState.COMPLETE,0.5000938077520105,0.8285889259420571,0.08703658739581756,0.5000938077520105,103007.03973684025,3082.039736840248,0.030929562109527797,0.06455714783611911,0.5040826653306724,-0.02635906072956351,23096.303604877954,10.0,173.09630360487796,2.026613372140492,0.2053578231807368,104405.33184806425,4555.331848064248,0.045749909919045706,0.3617198435571055,0.30497452733409314,-0.3569731755453921,0.0,0.0,0.0,inf,0.0,105989.8528701812,6064.852870181203,0.06086576577566549,0.07102012988454524,0.8673816180159941,-0.04435909537769556,0.0,0.0,0.0,2.357029231214533,0.1978357949184602,94137.82318598832,-5862.1768140116765,-0.05877798846322113,0.3335077918349891,-0.0147141048355953,-0.32483243304392084,0.0,0.0,0.0,inf,0.0
642,TrialState.COMPLETE,0.5832889338290005,0.8083466210941254,0.07575471722900505,0.5832889338290005,103553.54909064276,3628.5490906427585,0.036414280409352795,0.06473373581679086,0.5848373260743104,-0.02779605845633404,20932.060574147887,11.0,185.9320605741479,2.0607152005519787,0.2036417980177386,104405.33184806425,4555.331848064248,0.045749909919045706,0.3617198435571055,0.30497452733409314,-0.3569731755453921,0.0,0.0,0.0,inf,0.0,105950.12058472118,6025.120584721182,0.06046698799704209,0.07244851969713212,0.8465076206959334,-0.04726162559535718,0.0,0.0,0.0,2.416053049696203,0.19308375887198156,94137.82318598832,-5862.1768140116765,-0.05877798846322113,0.3335077918349891,-0.0147141048355953,-0.32483243304392084,0.0,0.0,0.0,inf,0.0
643,TrialState.COMPLETE,0.6217025377470395,0.8380391122642051,0.07111897524074572,0.6217025377470395,103733.13689479083,3808.136894790834,0.038216624700945,0.06336362841434032,0.6235138286149634,-0.022254825986390503,22296.301483353578,13.0,217.29630148335357,2.0060687527007857,0.209944603765558,104405.33184806425,4555.331848064248,0.045749909919045706,0.3617198435571055,0.30497452733409314,-0.3569731755453921,0.0,0.0,0.0,inf,0.0,106008.40201779168,6083.402017791683,0.06105193662844499,0.07039477165395694,0.8769505472148618,-0.0430039469283211,0.0,0.0,0.0,2.330450083444752,0.2000531701409604,94137.82318598832,-5862.1768140116765,-0.05877798846322113,0.3335077918349891,-0.0147141048355953,-0.32483243304392084,0.0,0.0,0.0,inf,0.0
644,TrialState.COMPLETE,0.3908728293781685,0.8499169029769487,0.06637590268398101,0.3908728293781685,102297.18683564599,2372.186835645989,0.023805662203409073,0.06300694095791284,0.404866571663489,-0.02310335191040347,39122.07152928703,23.0,384.12207152928704,1.9670494412006614,0.20992521421365026,104405.33184806425,4555.331848064248,0.045749909919045706,0.3617198435571055,0.30497452733409314,-0.3569731755453921,0.0,0.0,0.0,inf,0.0,106031.71614999029,6106.716149990287,0.061285931975229024,0.06964771422413576,0.8887705126601895,-0.04130059842566913,0.0,0.0,0.0,2.2978814896672923,0.20283914670625725,94137.82318598832,-5862.1768140116765,-0.05877798846322113,0.3335077918349891,-0.0147141048355953,-0.32483243304392084,0.0,0.0,0.0,inf,0.0
645,TrialState.COMPLETE,0.5487545733570435,0.8246768188412167,0.07419154119803845,0.5487545733570435,103309.6278349818,3384.627834981802,0.03396629896337511,0.06414524008215602,0.5527484568455884,-0.02489214722818167,24531.852753270716,13.0,219.53185275327073,2.028776680886538,0.20561100037681618,104405.33184806425,4555.331848064248,0.045749909919045706,0.3617198435571055,0.30497452733409314,-0.3569731755453921,0.0,0.0,0.0,inf,0.0,105982.17405310746,6057.174053107461,0.060788696388593744,0.0712868608756874,0.8633837412569011,-0.04492007084053584,0.0,0.0,0.0,2.3682105213656,0.19691765563423538,94137.82318598832,-5862.1768140116765,-0.05877798846322113,0.3335077918349891,-0.0147141048355953,-0.32483243304392084,0.0,0.0,0.0,inf,0.0
646,TrialState.COMPLETE,0.6174195055040469,0.8499204848501023,0.07835325153016273,0.6174195055040469,103666.85012066047,3741.8501206604706,0.03755136923487079,0.06273000971744158,0.6189571643575892,-0.020662439919279185,21478.04623205586,11.0,186.47804623205587,1.9643173114428631,0.21385204383481432,104405.33184806425,4555.331848064248,0.045749909919045706,0.3617198435571055,0.30497452733409314,-0.3569731755453921,0.0,0.0,0.0,inf,0.0,106031.72318061293,6106.7231806129275,0.061286002539016726,0.06964749561072968,0.8887740380073127,-0.04130008474888647,0.0,0.0,0.0,2.29787180556135,0.20283998667860303,94137.82318598832,-5862.1768140116765,-0.05877798846322113,0.3335077918349891,-0.0147141048355953,-0.32483243304392084,0.0,0.0,0.0,inf,0.0
647,TrialState.COMPLETE,0.6210330117252173,0.8377302901794021,0.06915954029410015,0.6210330117252173,103733.29414155074,3808.2941415507375,0.03821820283413957,0.0634540409630414,0.6227404522867489,-0.02241137275536953,22089.802934264575,13.0,217.08980293426458,2.006338289366051,0.20994950696548303,104405.33184806425,4555.331848064248,0.045749909919045706,0.3617198435571055,0.30497452733409314,-0.3569731755453921,0.0,0.0,0.0,inf,0.0,106007.79585128419,6082.795851284187,0.061045852760645,0.07041477852986305,0.8766399909278184,-0.043048232677852405,0.0,0.0,0.0,2.3313091838756845,0.19998071993013275,94137.82318598832,-5862.1768140116765,-0.05877798846322113,0.3335077918349891,-0.0147141048355953,-0.32483243304392084,0.0,0.0,0.0,inf,0.0
648,TrialState.COMPLETE,0.34964370398636363,0.4319988873781848,0.06326464456778792,0.34964370398636363,103569.86543964714,3644.8654396471393,0.03657803103249124,0.10902271126225697,0.3840403965099418,-0.09930331079835741,9669.817734503404,6.0,99.6698177345034,3.9557496391615654,0.10557367507929942,104405.33184806425,4555.331848064248,0.045749909919045706,0.3617198435571055,0.30497452733409314,-0.3569731755453921,0.0,0.0,0.0,inf,0.0,105211.41243362328,5286.412433623278,0.05305293132792155,0.1136685831542854,0.5116035931016382,-0.10756763627351507,0.0,0.0,0.0,4.5208642340700305,0.10406725158658361,94137.82318598832,-5862.1768140116765,-0.05877798846322113,0.3335077918349891,-0.0147141048355953,-0.32483243304392084,0.0,0.0,0.0,inf,0.0
649,TrialState.COMPLETE,0.5676640814223052,0.8184518974936438,0.07304699292141215,0.5676640814223052,103445.0814375963,3520.0814375962946,0.035325702544084736,0.06443866510329639,0.5709121488771598,-0.025754711563422128,23721.543095560344,13.0,218.72154309556035,2.046884569211035,0.20455087695375276,104405.33184806425,4555.331848064248,0.045749909919045706,0.3617198435571055,0.30497452733409314,-0.3569731755453921,0.0,0.0,0.0,inf,0.0,105969.95556544965,6044.955565449651,0.06066606407389741,0.0717205831049393,0.8569837020093702,-0.04581267078256457,0.0,0.0,0.0,2.386222483064437,0.19545646394354985,94137.82318598832,-5862.1768140116765,-0.05877798846322113,0.3335077918349891,-0.0147141048355953,-0.32483243304392084,0.0,0.0,0.0,inf,0.0
650,TrialState.COMPLETE,0.527149167806473,0.8368409372714031,0.06739442033866673,0.527149167806473,103156.48691549584,3231.4869154958433,0.03242939251417298,0.06356633478204678,0.5338022577443917,-0.025347115893591066,28952.970192538647,17.0,283.95297019253866,2.0048503407031295,0.20678027948026143,104405.33184806425,4555.331848064248,0.045749909919045706,0.3617198435571055,0.30497452733409314,-0.3569731755453921,0.0,0.0,0.0,inf,0.0,106006.05019910273,6081.050199102727,0.06102833229944826,0.07047255802401034,0.8757447929408381,-0.04317576744083984,0.0,0.0,0.0,2.3337867832733497,0.1997720719123487,94137.82318598832,-5862.1768140116765,-0.05877798846322113,0.3335077918349891,-0.0147141048355953,-0.32483243304392084,0.0,0.0,0.0,inf,0.0
651,TrialState.COMPLETE,0.5652594282350167,0.80494732817982,0.07121144024068715,0.5652594282350167,103468.81721181079,3543.8172118107905,0.035563913740141784,0.06524179128793954,0.5682093863466247,-0.028020187132314023,23245.38232862958,13.0,218.24538232862957,2.080975233761187,0.20127252821499603,104405.33184806425,4555.331848064248,0.045749909919045706,0.3617198435571055,0.30497452733409314,-0.3569731755453921,0.0,0.0,0.0,inf,0.0,105943.44833680059,6018.4483368005895,0.06040002123253885,0.07269989472278623,0.8429633512947833,-0.0477490213259496,0.0,0.0,0.0,2.426256042767799,0.19228542283122832,94137.82318598832,-5862.1768140116765,-0.05877798846322113,0.3335077918349891,-0.0147141048355953,-0.32483243304392084,0.0,0.0,0.0,inf,0.0
652,TrialState.COMPLETE,0.4857538480576849,0.8281666179283199,0.0653875449656374,0.4857538480576849,102928.79712714464,3003.797127144644,0.03014433290823959,0.06425535737878812,0.49428451231324994,-0.02676923710051693,31500.493977295402,19.0,316.5004939772954,2.03183574511043,0.2032691206147335,104405.33184806425,4555.331848064248,0.045749909919045706,0.3617198435571055,0.30497452733409314,-0.3569731755453921,0.0,0.0,0.0,inf,0.0,105989.02394962694,6064.023949626935,0.060857446212364774,0.07104870395589674,0.8669510174283588,-0.044419652599756,0.0,0.0,0.0,2.3582311540056797,0.19773668862555063,94137.82318598832,-5862.1768140116765,-0.05877798846322113,0.3335077918349891,-0.0147141048355953,-0.32483243304392084,0.0,0.0,0.0,inf,0.0
653,TrialState.COMPLETE,0.5863799723598843,0.8499625324768508,0.06920883542777805,0.5863799723598843,103488.48017391114,3563.4801739111426,0.03576125048493539,0.0628677796436897,0.5902747979612198,-0.02318061307680941,25169.93657199493,15.0,250.16993657199492,1.9695572488824649,0.21170803717158826,104405.33184806425,4555.331848064248,0.045749909919045706,0.3617198435571055,0.30497452733409314,-0.3569731755453921,0.0,0.0,0.0,inf,0.0,106031.80571312697,6106.805713126974,0.06128683088767417,0.06964492961074115,0.8888154202017774,-0.04129405469395553,0.0,0.0,0.0,2.2977581298964775,0.20284984711058046,94137.82318598832,-5862.1768140116765,-0.05877798846322113,0.3335077918349891,-0.0147141048355953,-0.32483243304392084,0.0,0.0,0.0,inf,0.0
654,TrialState.COMPLETE,0.4685116527358954,0.7801293281765964,0.07474830368943637,0.4685116527358954,102936.44412170538,3011.4441217053827,0.030221076741286268,0.06769465971887516,0.4736347117768545,-0.03424789562409314,24946.7629267079,12.0,204.9467629267079,2.161279490666376,0.19291028954474657,104405.33184806425,4555.331848064248,0.045749909919045706,0.3617198435571055,0.30497452733409314,-0.3569731755453921,0.0,0.0,0.0,inf,0.0,105894.73472102982,5969.734721029818,0.05991110191609206,0.07463061266390236,0.8168849174570342,-0.05130723215839694,0.0,0.0,0.0,2.5034417353220997,0.1864539501542965,94137.82318598832,-5862.1768140116765,-0.05877798846322113,0.3335077918349891,-0.0147141048355953,-0.32483243304392084,0.0,0.0,0.0,inf,0.0
655,TrialState.COMPLETE,0.4507619200203387,0.8498093234149741,0.06031046514097729,0.4507619200203387,102677.5868901,2752.5868901000067,0.02762324181996556,0.06311187068154689,0.4632644700481557,-0.025959824963580624,37990.73948664347,25.0,412.99073948664346,1.9667027851410854,0.2086852597645878,104405.33184806425,4555.331848064248,0.045749909919045706,0.3617198435571055,0.30497452733409314,-0.3569731755453921,0.0,0.0,0.0,inf,0.0,106031.50498916164,6106.504989161636,0.06128381263123228,0.06965428204955969,0.8886646191653768,-0.04131602641730214,0.0,0.0,0.0,2.2981723844331143,0.20281391855830286,94137.82318598832,-5862.1768140116765,-0.05877798846322113,0.3335077918349891,-0.0147141048355953,-0.32483243304392084,0.0,0.0,0.0,inf,0.0
656,TrialState.COMPLETE,0.5299336974753965,0.8267292724505435,0.07116404930304603,0.5299336974753965,103188.12030957252,3263.1203095725214,0.03274686147618611,0.06396182362498756,0.5357020619055369,-0.02436606069598135,27405.348900572804,15.0,252.4053489005728,2.0212620110346053,0.20654703404497832,104405.33184806425,4555.331848064248,0.045749909919045706,0.3617198435571055,0.30497452733409314,-0.3569731755453921,0.0,0.0,0.0,inf,0.0,105986.2026789634,6061.2026789633965,0.06082913018299041,0.0711463556371357,0.8654836708149695,-0.04462576111173511,0.0,0.0,0.0,2.3623311574744266,0.19739936490364823,94137.82318598832,-5862.1768140116765,-0.05877798846322113,0.3335077918349891,-0.0147141048355953,-0.32483243304392084,0.0,0.0,0.0,inf,0.0
657,TrialState.COMPLETE,0.5271677022784096,0.8369551588209453,0.0674215173934655,0.5271677022784096,103156.35697799796,3231.356977997959,0.03242808847752654,0.06356083080742105,0.5338230980923186,-0.025328257371580953,28956.922022536382,17.0,283.9569220225364,2.0045767333179527,0.2068082918001216,104405.33184806425,4555.331848064248,0.045749909919045706,0.3617198435571055,0.30497452733409314,-0.3569731755453921,0.0,0.0,0.0,inf,0.0,106006.27439705105,6081.274397051049,0.06103058249076265,0.07046512372744945,0.8758598354350505,-0.04315938790005247,0.0,0.0,0.0,2.333468285036165,0.1997988693886527,94137.82318598832,-5862.1768140116765,-0.05877798846322113,0.3335077918349891,-0.0147141048355953,-0.32483243304392084,0.0,0.0,0.0,inf,0.0
658,TrialState.COMPLETE,0.5455892495474051,0.8120463256944181,0.0728782194304753,0.5455892495474051,103322.7815985559,3397.781598555899,0.03409830906789857,0.06485668485245062,0.5493618936818997,-0.027008267255277274,24156.1305418548,13.0,219.1561305418548,2.060332084997762,0.20249347272129672,104405.33184806425,4555.331848064248,0.045749909919045706,0.3617198435571055,0.30497452733409314,-0.3569731755453921,0.0,0.0,0.0,inf,0.0,105957.38249093214,6032.382490932141,0.06053987294627028,0.0721786278055677,0.8503542325914846,-0.046731147708721554,0.0,0.0,0.0,2.4050454479133014,0.1939525406612966,94137.82318598832,-5862.1768140116765,-0.05877798846322113,0.3335077918349891,-0.0147141048355953,-0.32483243304392084,0.0,0.0,0.0,inf,0.0
659,TrialState.COMPLETE,0.6268902241363284,0.839454806177569,0.06898264483670653,0.6268902241363284,103758.99430184068,3833.9943018406775,0.038476130501247985,0.06325372877644636,0.6284384589843424,-0.022282619994561492,21900.7334796926,13.0,216.9007334796926,1.9951203678718203,0.21090568066162194,104405.33184806425,4555.331848064248,0.045749909919045706,0.3617198435571055,0.30497452733409314,-0.3569731755453921,0.0,0.0,0.0,inf,0.0,106011.18079002682,6086.180790026818,0.06107982613315621,0.07030343155364022,0.8783722116735636,-0.042800932577101714,0.0,0.0,0.0,2.326519908795382,0.20038528474007086,94137.82318598832,-5862.1768140116765,-0.05877798846322113,0.3335077918349891,-0.0147141048355953,-0.32483243304392084,0.0,0.0,0.0,inf,0.0
660,TrialState.COMPLETE,0.44623743006125416,0.6024952560429239,0.06230351469140341,0.44623743006125416,103402.44377913693,3477.4437791369273,0.034897793238300334,0.08502953312746665,0.4459237723128651,-0.06663075782119632,16488.603914542957,10.0,166.48860391454295,2.7925803066243295,0.1494717234884235,104405.33184806425,4555.331848064248,0.045749909919045706,0.3617198435571055,0.30497452733409314,-0.3569731755453921,0.0,0.0,0.0,inf,0.0,105546.0685135781,5621.068513578095,0.05641169499306242,0.0923838975313168,0.6401775504664927,-0.0797509284620983,0.0,0.0,0.0,3.2415331067219944,0.14455962152197752,94137.82318598832,-5862.1768140116765,-0.05877798846322113,0.3335077918349891,-0.0147141048355953,-0.32483243304392084,0.0,0.0,0.0,inf,0.0
661,TrialState.COMPLETE,0.23281684474557457,0.3400539302130113,0.06544903460606238,0.23281684474557457,102947.20481462625,3022.204814626253,0.03032906910577382,0.12227515061050236,0.3055207656425516,-0.11768754335884524,9622.956997465066,6.0,99.62295699746507,4.938565374258412,0.08108214390090324,104405.33184806425,4555.331848064248,0.045749909919045706,0.3617198435571055,0.30497452733409314,-0.3569731755453921,0.0,0.0,0.0,inf,0.0,105030.93973982052,5105.939739820518,0.051241635827658394,0.12615984540029385,0.45919133323780137,-0.12255366338359863,0.0,0.0,0.0,5.743231133610806,0.08210417456726467,94137.82318598832,-5862.1768140116765,-0.05877798846322113,0.3335077918349891,-0.0147141048355953,-0.32483243304392084,0.0,0.0,0.0,inf,0.0
662,TrialState.COMPLETE,0.6128073547102383,0.8170485400052747,0.06894522974708071,0.6128073547102383,103735.92010750734,3810.920107507336,0.0382445571081409,0.06447189208726502,0.6143134211468851,-0.025781746388142124,21701.009408547186,13.0,216.70100940854718,2.057302681696615,0.20473936810727697,104405.33184806425,4555.331848064248,0.045749909919045706,0.3617198435571055,0.30497452733409314,-0.3569731755453921,0.0,0.0,0.0,inf,0.0,105967.20100756962,6042.201007569616,0.060638417629206964,0.07181992266395215,0.8555348528833637,-0.04601389658543986,0.0,0.0,0.0,2.3903210439534894,0.19512700703790983,94137.82318598832,-5862.1768140116765,-0.05877798846322113,0.3335077918349891,-0.0147141048355953,-0.32483243304392084,0.0,0.0,0.0,inf,0.0
663,TrialState.COMPLETE,0.5193602080226838,0.8002684594498459,0.06436438984129884,0.5193602080226838,103198.09146632152,3273.0914663215226,0.03284693086895518,0.06562101825216951,0.5252749818941909,-0.03138489582612458,27687.637901688482,17.0,282.6876379016885,2.0964725254276315,0.19780699020679493,104405.33184806425,4555.331848064248,0.045749909919045706,0.3617198435571055,0.30497452733409314,-0.3569731755453921,0.0,0.0,0.0,inf,0.0,105934.26449388318,6009.26449388318,0.06030784658214072,0.07305115244017647,0.8380710810364952,-0.0484198720752419,0.0,0.0,0.0,2.4404414494214874,0.19118641938939596,94137.82318598832,-5862.1768140116765,-0.05877798846322113,0.3335077918349891,-0.0147141048355953,-0.32483243304392084,0.0,0.0,0.0,inf,0.0
664,TrialState.COMPLETE,0.5250159900143685,0.8291295850892739,0.0669845248101596,0.5250159900143685,103159.91556509821,3234.915565098214,0.0324638020188559,0.06394723324321662,0.5315242384694867,-0.026620273920432314,28681.035847968276,17.0,283.68103584796825,2.023148904954648,0.20492052335537408,104405.33184806425,4555.331848064248,0.045749909919045706,0.3617198435571055,0.30497452733409314,-0.3569731755453921,0.0,0.0,0.0,inf,0.0,105990.91409437165,6065.914094371648,0.06087641688330114,0.07098362576597121,0.8679325419673025,-0.0442815669206954,0.0,0.0,0.0,2.355492258662798,0.19796267350106664,94137.82318598832,-5862.1768140116765,-0.05877798846322113,0.3335077918349891,-0.0147141048355953,-0.32483243304392084,0.0,0.0,0.0,inf,0.0
665,TrialState.COMPLETE,0.6213125955538128,0.8385803290978937,0.06944398426688017,0.6213125955538128,103732.85257142088,3807.852571420881,0.03821377122310099,0.0634133045686668,0.6230323736147899,-0.02226864520941685,22112.21729890682,13.0,217.1122172989068,2.0043045359253333,0.21016023142147486,104405.33184806425,4555.331848064248,0.045749909919045706,0.3617198435571055,0.30497452733409314,-0.3569731755453921,0.0,0.0,0.0,inf,0.0,106009.46433662789,6084.464336627891,0.06106259872775399,0.07035977979334011,0.8774944321723314,-0.04292633512118804,0.0,0.0,0.0,2.328946019049886,0.20018013874280668,94137.82318598832,-5862.1768140116765,-0.05877798846322113,0.3335077918349891,-0.0147141048355953,-0.32483243304392084,0.0,0.0,0.0,inf,0.0
666,TrialState.COMPLETE,0.5754827454472231,0.8212479496598213,0.06699923591219384,0.5754827454472231,103490.52054579188,3565.5205457918782,0.035781727585946665,0.06427874932538127,0.5790231897211081,-0.028119577751319014,24472.806727288713,15.0,249.4728067272887,2.0389536721909143,0.20443171203813362,104405.33184806425,4555.331848064248,0.045749909919045706,0.3617198435571055,0.30497452733409314,-0.3569731755453921,0.0,0.0,0.0,inf,0.0,105975.44375188218,6050.44375188218,0.060721146909502144,0.07152436458779292,0.8598639722664733,-0.045411744225541506,0.0,0.0,0.0,2.378098258771984,0.19611282707291325,94137.82318598832,-5862.1768140116765,-0.05877798846322113,0.3335077918349891,-0.0147141048355953,-0.32483243304392084,0.0,0.0,0.0,inf,0.0
667,TrialState.COMPLETE,0.6205199332887735,0.8361892570931655,0.06954452089080695,0.6205199332887735,103734.09466275689,3809.094662756892,0.03822623688905491,0.06352871543241624,0.6222050072333631,-0.022670121683260103,22049.16799771136,13.0,217.04916799771135,2.010035817957658,0.20956747239509896,104405.33184806425,4555.331848064248,0.045749909919045706,0.3617198435571055,0.30497452733409314,-0.3569731755453921,0.0,0.0,0.0,inf,0.0,106004.7710590511,6079.771059051098,0.06101549404736173,0.07051504996963745,0.8750880365066148,-0.04326921918672022,0.0,0.0,0.0,2.3356056090642703,0.19961917947360538,94137.82318598832,-5862.1768140116765,-0.05877798846322113,0.3335077918349891,-0.0147141048355953,-0.32483243304392084,0.0,0.0,0.0,inf,0.0
668,TrialState.COMPLETE,0.40434343853156074,0.8378881529234695,0.06456919965414952,0.40434343853156074,102398.20062925917,2473.2006292591686,0.024819402213534403,0.06352997820410801,0.41763163795785646,-0.025090622373543536,38219.66063808244,23.0,383.2196606380824,2.002731442293174,0.2063809684647947,104405.33184806425,4555.331848064248,0.045749909919045706,0.3617198435571055,0.30497452733409314,-0.3569731755453921,0.0,0.0,0.0,inf,0.0,106008.10570965562,6083.105709655618,0.0610489626938695,0.07040454782117574,0.8767987593019161,-0.043025594829537606,0.0,0.0,0.0,2.3308699523818968,0.20001775490575233,94137.82318598832,-5862.1768140116765,-0.05877798846322113,0.3335077918349891,-0.0147141048355953,-0.32483243304392084,0.0,0.0,0.0,inf,0.0
669,TrialState.COMPLETE,0.5667874870523879,0.8114143003946452,0.07112104880879101,0.5667874870523879,103459.63040070882,3534.6304007088183,0.03547171528630155,0.06485297865203488,0.5698526861647889,-0.026935329877498804,23429.3970738051,13.0,218.4293970738051,2.0628994418531854,0.2030499240578754,104405.33184806425,4555.331848064248,0.045749909919045706,0.3617198435571055,0.30497452733409314,-0.3569731755453921,0.0,0.0,0.0,inf,0.0,105956.1419301453,6031.141930145299,0.06052742191559113,0.07222445898803789,0.849697965880514,-0.04682177056955128,0.0,0.0,0.0,2.4069187813872683,0.19380413343563438,94137.82318598832,-5862.1768140116765,-0.05877798846322113,0.3335077918349891,-0.0147141048355953,-0.32483243304392084,0.0,0.0,0.0,inf,0.0
670,TrialState.COMPLETE,0.4565523609896415,0.8278603501921625,0.1223943760195209,0.4565523609896415,102757.4854294933,2832.485429493303,0.028425084280097268,0.06573873400492027,0.4591985156605051,-0.028484535774663478,19286.278923927952,6.0,109.28627892392795,2.0744661020220385,0.19952643129777145,104405.33184806425,4555.331848064248,0.045749909919045706,0.3617198435571055,0.30497452733409314,-0.3569731755453921,0.0,0.0,0.0,inf,0.0,105988.42279688224,6063.422796882238,0.060851412668867066,0.07106945984637503,0.86663858624427,-0.04446357005234969,0.0,0.0,0.0,2.359103583898844,0.19766481350844897,94137.82318598832,-5862.1768140116765,-0.05877798846322113,0.3335077918349891,-0.0147141048355953,-0.32483243304392084,0.0,0.0,0.0,inf,0.0
671,TrialState.COMPLETE,0.58745507379001,0.8397503415197459,0.06822681559783482,0.58745507379001,103517.39900755126,3592.3990075512556,0.036051478993969654,0.06330426223545868,0.5910659146725188,-0.024866756297206694,24747.925411179687,15.0,249.7479254111797,1.9927185443781466,0.20935895671554178,104405.33184806425,4555.331848064248,0.045749909919045706,0.3617198435571055,0.30497452733409314,-0.3569731755453921,0.0,0.0,0.0,inf,0.0,106011.76087686316,6086.760876863162,0.0610856482495048,0.0702844415115712,0.8786685785936028,-0.042758551839455095,0.0,0.0,0.0,2.325701131090471,0.20045461381881607,94137.82318598832,-5862.1768140116765,-0.05877798846322113,0.3335077918349891,-0.0147141048355953,-0.32483243304392084,0.0,0.0,0.0,inf,0.0
672,TrialState.COMPLETE,0.5962077060340046,0.790530490333004,0.07289793709508288,0.5962077060340046,103703.99820715458,3778.998207154582,0.03792418807211462,0.06600336095370583,0.5969002473623676,-0.030612758991560463,19977.222248286656,11.0,184.97722224828667,2.111890106904921,0.19908360589435983,104405.33184806425,4555.331848064248,0.045749909919045706,0.3617198435571055,0.30497452733409314,-0.3569731755453921,0.0,0.0,0.0,inf,0.0,105915.1504764007,5990.150476400697,0.060116006712001235,0.07380139302507088,0.8278473629567658,-0.04981604436938458,0.0,0.0,0.0,2.4705034694909678,0.18889852477649582,94137.82318598832,-5862.1768140116765,-0.05877798846322113,0.3335077918349891,-0.0147141048355953,-0.32483243304392084,0.0,0.0,0.0,inf,0.0
673,TrialState.COMPLETE,0.5248572259422959,0.8257564425443924,0.06594708304843201,0.5248572259422959,103167.34340526974,3242.343405269741,0.032538346917796446,0.0641335744816252,0.5312918604303086,-0.027177171559296,28571.299835253154,17.0,283.57129983525317,2.0319067714316947,0.2040376195041069,104405.33184806425,4555.331848064248,0.045749909919045706,0.3617198435571055,0.30497452733409314,-0.3569731755453921,0.0,0.0,0.0,inf,0.0,105984.29317528674,6059.293175286744,0.06080996521609028,0.0712127972258531,0.864489006530954,-0.044765259523190215,0.0,0.0,0.0,2.365114237665896,0.1971710467006464,94137.82318598832,-5862.1768140116765,-0.05877798846322113,0.3335077918349891,-0.0147141048355953,-0.32483243304392084,0.0,0.0,0.0,inf,0.0
674,TrialState.COMPLETE,0.4627379991103592,0.8400772077490145,0.061768320718702856,0.4627379991103592,102763.64747140973,2838.6474714097276,0.028486925116898876,0.06350687601305692,0.4740048377000407,-0.025894264980920734,36015.109518774945,23.0,381.0151095187749,1.986583026748074,0.20735636590298862,104405.33184806425,4555.331848064248,0.045749909919045706,0.3617198435571055,0.30497452733409314,-0.3569731755453921,0.0,0.0,0.0,inf,0.0,106012.40246103203,6087.402461032034,0.061092087591864574,0.07026346961413572,0.8789961957402725,-0.042711678082587023,0.0,0.0,0.0,2.3247962224081347,0.20053129194278027,94137.82318598832,-5862.1768140116765,-0.05877798846322113,0.3335077918349891,-0.0147141048355953,-0.32483243304392084,0.0,0.0,0.0,inf,0.0
675,TrialState.COMPLETE,0.6247195728543148,0.8496367345490673,0.07064028237225259,0.6247195728543148,103727.1090951081,3802.1090951080987,0.038156129527655125,0.06291316714148666,0.6265998240326489,-0.020412145609433163,22403.759601293248,13.0,217.40375960129325,1.9782223260870566,0.21290065668721753,104405.33184806425,4555.331848064248,0.045749909919045706,0.3617198435571055,0.30497452733409314,-0.3569731755453921,0.0,0.0,0.0,inf,0.0,106031.16622585687,6106.166225856869,0.061280412587882305,0.06966482640457135,0.8884946881534045,-0.0413407773812553,0.0,0.0,0.0,2.2986392180213513,0.20277344509036913,94137.82318598832,-5862.1768140116765,-0.05877798846322113,0.3335077918349891,-0.0147141048355953,-0.32483243304392084,0.0,0.0,0.0,inf,0.0
676,TrialState.COMPLETE,0.6070226977715588,0.817212084874694,0.07527685578417433,0.6070226977715588,103687.309029291,3762.3090292910056,0.03775669514961777,0.06434491482260639,0.6080949172595889,-0.026142807901055942,20651.483583701414,11.0,185.6514835837014,2.0429378770101763,0.2057217413099402,104405.33184806425,4555.331848064248,0.045749909919045706,0.3617198435571055,0.30497452733409314,-0.3569731755453921,0.0,0.0,0.0,inf,0.0,105967.52201900998,6042.522019009979,0.060641639498246525,0.07180831646167832,0.8557038065926587,-0.04599044614325598,0.0,0.0,0.0,2.389842680074346,0.1951654021995611,94137.82318598832,-5862.1768140116765,-0.05877798846322113,0.3335077918349891,-0.0147141048355953,-0.32483243304392084,0.0,0.0,0.0,inf,0.0
677,TrialState.COMPLETE,0.627393145142723,0.8382476121436221,0.06847467555315835,0.627393145142723,103766.63982009434,3841.6398200943368,0.03855286121169277,0.06333161056998253,0.6289100728665246,-0.022415122416804434,21876.532987474377,13.0,216.87653298747438,1.9972625154713572,0.210710679585514,104405.33184806425,4555.331848064248,0.045749909919045706,0.3617198435571055,0.30497452733409314,-0.3569731755453921,0.0,0.0,0.0,inf,0.0,106008.81126845704,6083.811268457037,0.06105604412522525,0.0703812806434354,0.8771601310957755,-0.04297404756264145,0.0,0.0,0.0,2.3298704235037673,0.20010208415455627,94137.82318598832,-5862.1768140116765,-0.05877798846322113,0.3335077918349891,-0.0147141048355953,-0.32483243304392084,0.0,0.0,0.0,inf,0.0
678,TrialState.COMPLETE,0.46257436432516474,0.8047380815125811,0.05879467449417628,0.46257436432516474,102836.18249685876,2911.1824968587607,0.02921487073129092,0.06541605129218062,0.47287004069215255,-0.03169550456882275,34439.908283054974,23.0,379.439908283055,2.0743588495560767,0.19863122710052503,104405.33184806425,4555.331848064248,0.045749909919045706,0.3617198435571055,0.30497452733409314,-0.3569731755453921,0.0,0.0,0.0,inf,0.0,105943.03762031448,6018.037620314484,0.0603958990308453,0.0727154738892917,0.8427448901683823,-0.047779023178362356,0.0,0.0,0.0,2.4268869138580085,0.1922362774244017,94137.82318598832,-5862.1768140116765,-0.05877798846322113,0.3335077918349891,-0.0147141048355953,-0.32483243304392084,0.0,0.0,0.0,inf,0.0
679,TrialState.COMPLETE,0.4048704786119034,0.8272391302835224,0.06373898874739957,0.4048704786119034,102418.79322073206,2493.7932207320555,0.02502606278140962,0.06405792944835147,0.4178636534251207,-0.02684985606393442,37733.913190757914,23.0,382.7339131907579,2.0285125395478514,0.2037694916667336,104405.33184806425,4555.331848064248,0.045749909919045706,0.3617198435571055,0.30497452733409314,-0.3569731755453921,0.0,0.0,0.0,inf,0.0,105987.203445285,6062.203445285006,0.06083917449680154,0.07111164604903719,0.8660044822046514,-0.0445526500773159,0.0,0.0,0.0,2.360875166092206,0.19751902289305173,94137.82318598832,-5862.1768140116765,-0.05877798846322113,0.3335077918349891,-0.0147141048355953,-0.32483243304392084,0.0,0.0,0.0,inf,0.0
680,TrialState.COMPLETE,0.5808890728088543,0.8171214804677456,0.06635795521663815,0.5808890728088543,103534.13509605492,3609.135096054917,0.03621944195598559,0.06446079385514696,0.5841238132920463,-0.02860274337520452,24081.039864647653,15.0,249.08103986464766,2.04790366939856,0.20376088514365437,104405.33184806425,4555.331848064248,0.045749909919045706,0.3617198435571055,0.30497452733409314,-0.3569731755453921,0.0,0.0,0.0,inf,0.0,105967.34417759386,6042.344177593855,0.06063985457197418,0.07181474538166223,0.8556102091303766,-0.046003437769170485,0.0,0.0,0.0,2.39010767161343,0.19514413117779203,94137.82318598832,-5862.1768140116765,-0.05877798846322113,0.3335077918349891,-0.0147141048355953,-0.32483243304392084,0.0,0.0,0.0,inf,0.0
681,TrialState.COMPLETE,0.5799292684922717,0.8373249007520734,0.0683228975665598,0.5799292684922717,103477.83612258815,3552.8361225881526,0.03565442717518974,0.06345878894649247,0.5837415597850294,-0.025469174751473145,24951.892388333872,15.0,249.95189238833387,1.999804999509929,0.2084026995706724,104405.33184806425,4555.331848064248,0.045749909919045706,0.3617198435571055,0.30497452733409314,-0.3569731755453921,0.0,0.0,0.0,inf,0.0,106007.00013910762,6082.000139107622,0.06103786649360221,0.07044108584234701,0.8762320931726271,-0.043106366295814436,0.0,0.0,0.0,2.33243788325406,0.19988561369628918,94137.82318598832,-5862.1768140116765,-0.05877798846322113,0.3335077918349891,-0.0147141048355953,-0.32483243304392084,0.0,0.0,0.0,inf,0.0
682,TrialState.COMPLETE,0.5317788236337356,0.8498220449842575,0.06470615692694509,0.5317788236337356,103162.03467675889,3237.0346767588926,0.0324850691637828,0.06293111164945052,0.5394081361397296,-0.022072177360797585,30869.420752374608,19.0,315.8694207523746,1.9769596099675455,0.2103046685782805,104405.33184806425,4555.331848064248,0.045749909919045706,0.3617198435571055,0.30497452733409314,-0.3569731755453921,0.0,0.0,0.0,inf,0.0,106031.52995949113,6106.529959491134,0.06128406324929503,0.06965350519565848,0.8886771425290527,-0.04131420201666414,0.0,0.0,0.0,2.2981379815138365,0.20281690185864296,94137.82318598832,-5862.1768140116765,-0.05877798846322113,0.3335077918349891,-0.0147141048355953,-0.32483243304392084,0.0,0.0,0.0,inf,0.0
683,TrialState.COMPLETE,0.6205960201782681,0.8295068204339804,0.06918051222820228,0.6205960201782681,103747.09438335818,3822.094383358184,0.038356702500054185,0.06375816659080506,0.6221652602010954,-0.02369736608425621,21883.065165350912,13.0,216.8830651653509,2.0246522589040783,0.20809630726712877,104405.33184806425,4555.331848064248,0.045749909919045706,0.3617198435571055,0.30497452733409314,-0.3569731755453921,0.0,0.0,0.0,inf,0.0,105991.65454475561,6066.654544755613,0.06088384850518991,0.07095820746542249,0.8683167033587929,-0.04422747269847249,0.0,0.0,0.0,2.3544210499490648,0.19805119939711277,94137.82318598832,-5862.1768140116765,-0.05877798846322113,0.3335077918349891,-0.0147141048355953,-0.32483243304392084,0.0,0.0,0.0,inf,0.0
684,TrialState.COMPLETE,0.6089654318258315,0.8059550413074809,0.06703337494161808,0.6089654318258315,103749.80044552391,3824.8004455239134,0.03838386063199395,0.06520296025224329,0.6102116851231975,-0.027746260703806813,21251.93304463979,13.0,216.2519330446398,2.0854393498451165,0.20206877576111792,104405.33184806425,4555.331848064248,0.045749909919045706,0.3617198435571055,0.30497452733409314,-0.3569731755453921,0.0,0.0,0.0,inf,0.0,105945.42631045272,6020.42631045272,0.060419873385706646,0.07262503785478973,0.8440149808291316,-0.04760453469827386,0.0,0.0,0.0,2.4232224119322656,0.19252209768079892,94137.82318598832,-5862.1768140116765,-0.05877798846322113,0.3335077918349891,-0.0147141048355953,-0.32483243304392084,0.0,0.0,0.0,inf,0.0
685,TrialState.COMPLETE,0.6236613489668238,0.8375989839474421,0.07008345420852088,0.6236613489668238,103742.48343508012,3817.4834350801248,0.03831042687078079,0.06331447413031704,0.6253754991797722,-0.022337737248810496,22149.21543042603,13.0,217.149215430426,2.007317495061013,0.20981848510898302,104405.33184806425,4555.331848064248,0.045749909919045706,0.3617198435571055,0.30497452733409314,-0.3569731755453921,0.0,0.0,0.0,inf,0.0,106007.53811893951,6082.538118939512,0.06104326599698218,0.0704232939938768,0.8765079009892156,-0.04306706225413415,0.0,0.0,0.0,2.331674651635717,0.19994991502434117,94137.82318598832,-5862.1768140116765,-0.05877798846322113,0.3335077918349891,-0.0147141048355953,-0.32483243304392084,0.0,0.0,0.0,inf,0.0
686,TrialState.COMPLETE,0.4535111527254711,0.8188890445424396,0.061675279088587824,0.4535111527254711,102744.93841650357,2819.9384165035735,0.028299165372191126,0.06455301983537262,0.4645346348253132,-0.029494376477781192,35435.675534710346,23.0,380.43567553471036,2.0415565164067537,0.20166021433799294,104405.33184806425,4555.331848064248,0.045749909919045706,0.3617198435571055,0.30497452733409314,-0.3569731755453921,0.0,0.0,0.0,inf,0.0,105970.81361256719,6045.813612567188,0.06067467596528653,0.07168975536411781,0.857434588074759,-0.045749988508351214,0.0,0.0,0.0,2.38494864734372,0.19555908679625805,94137.82318598832,-5862.1768140116765,-0.05877798846322113,0.3335077918349891,-0.0147141048355953,-0.32483243304392084,0.0,0.0,0.0,inf,0.0
687,TrialState.COMPLETE,0.6235408821162475,0.8297596675235716,0.06812790891074247,0.6235408821162475,103763.72347436161,3838.7234743616136,0.03852359265375327,0.06372815882914594,0.6249505291133676,-0.023910337778793367,21647.794731653623,13.0,216.64779473165362,2.0184318993369024,0.20849700307718555,104405.33184806425,4555.331848064248,0.045749909919045706,0.3617198435571055,0.30497452733409314,-0.3569731755453921,0.0,0.0,0.0,inf,0.0,105992.15084163568,6067.150841635681,0.06088882965030962,0.07094119436610359,0.8685740832794036,-0.044191215262094574,0.0,0.0,0.0,2.3537036030382885,0.19811053443733706,94137.82318598832,-5862.1768140116765,-0.05877798846322113,0.3335077918349891,-0.0147141048355953,-0.32483243304392084,0.0,0.0,0.0,inf,0.0
688,TrialState.COMPLETE,0.4034215010398077,0.8496770111104441,0.0654864634867889,0.4034215010398077,102375.40387609364,2450.4038760936382,0.02459062152709457,0.06300567793628892,0.4170363034876512,-0.023142985535576477,38757.400857519344,23.0,383.7574008575194,1.9749445107285153,0.20927133243312446,104405.33184806425,4555.331848064248,0.045749909919045706,0.3617198435571055,0.30497452733409314,-0.3569731755453921,0.0,0.0,0.0,inf,0.0,106031.24528206358,6106.245282063581,0.061281206046102765,0.0696623648556167,0.8885343496424069,-0.04133500132258816,0.0,0.0,0.0,2.2985302574606474,0.2027828902868074,94137.82318598832,-5862.1768140116765,-0.05877798846322113,0.3335077918349891,-0.0147141048355953,-0.32483243304392084,0.0,0.0,0.0,inf,0.0
689,TrialState.COMPLETE,0.6202104854416244,0.837328397047183,0.07009928684066112,0.6202104854416244,103724.28359482382,3799.2835948238207,0.03812777272778023,0.06338043168117308,0.622015173989843,-0.022383201528162644,22238.78588855025,13.0,217.23878588855024,2.007356323502671,0.2097704169089864,104405.33184806425,4555.331848064248,0.045749909919045706,0.3617198435571055,0.30497452733409314,-0.3569731755453921,0.0,0.0,0.0,inf,0.0,106007.00700175506,6082.007001755061,0.06103793537144031,0.07044085873881997,0.8762356122214373,-0.04310586492088275,0.0,0.0,0.0,2.332428144075032,0.1998864339488818,94137.82318598832,-5862.1768140116765,-0.05877798846322113,0.3335077918349891,-0.0147141048355953,-0.32483243304392084,0.0,0.0,0.0,inf,0.0
690,TrialState.COMPLETE,0.6271653893668967,0.8496661166406448,0.07103149810237896,0.6271653893668967,103736.85379008146,3811.8537900814554,0.0382539275752205,0.06280976579935145,0.6290267642616646,-0.020310148003665707,22414.88380952704,13.0,217.41488380952705,1.9766150784123886,0.21309763032445148,104405.33184806425,4555.331848064248,0.045749909919045706,0.3617198435571055,0.30497452733409314,-0.3569731755453921,0.0,0.0,0.0,inf,0.0,106031.22389802692,6106.223898026918,0.06128099142235088,0.06966303063316565,0.8885236218555356,-0.041336563697797035,0.0,0.0,0.0,2.298559729353174,0.20278033544217722,94137.82318598832,-5862.1768140116765,-0.05877798846322113,0.3335077918349891,-0.0147141048355953,-0.32483243304392084,0.0,0.0,0.0,inf,0.0
691,TrialState.COMPLETE,0.40503419408523467,0.8217319172884847,0.06334205200255222,0.40503419408523467,102429.44281658641,2504.4428165864083,0.025132938715505926,0.06435076422306947,0.41787479494334273,-0.02775962161756884,37482.70566264383,23.0,382.4827056626438,2.042107545879427,0.20241873104394478,104405.33184806425,4555.331848064248,0.045749909919045706,0.3617198435571055,0.30497452733409314,-0.3569731755453921,0.0,0.0,0.0,inf,0.0,105976.39370002873,6051.393700028726,0.060730681177807,0.07149063287073186,0.8603616170063035,-0.045342347472557054,0.0,0.0,0.0,2.3766976528677803,0.19622643031629727,94137.82318598832,-5862.1768140116765,-0.05877798846322113,0.3335077918349891,-0.0147141048355953,-0.32483243304392084,0.0,0.0,0.0,inf,0.0
692,TrialState.COMPLETE,0.6034520143055392,0.7949595033606407,0.06724670681853168,0.6034520143055392,103747.61417051575,3822.6141705157497,0.038361919101496555,0.06583828963331248,0.6046348084409509,-0.029492866812441676,21114.319183205313,13.0,216.1143191832053,2.1144676493874086,0.19926111048886536,104405.33184806425,4555.331848064248,0.045749909919045706,0.3617198435571055,0.30497452733409314,-0.3569731755453921,0.0,0.0,0.0,inf,0.0,105923.84389403481,5998.843894034813,0.060203259111249796,0.07345699020712572,0.8325033650846696,-0.04918104649987909,0.0,0.0,0.0,2.456739382131875,0.18993919942773976,94137.82318598832,-5862.1768140116765,-0.05877798846322113,0.3335077918349891,-0.0147141048355953,-0.32483243304392084,0.0,0.0,0.0,inf,0.0
693,TrialState.COMPLETE,0.6216112074542157,0.8377645727049375,0.07115445076322204,0.6216112074542157,103733.27950894827,3808.279508948268,0.038218055980902665,0.06337687976046123,0.6234184810910759,-0.022300957429625234,22288.99726963258,13.0,217.28899726963257,2.0067261512697523,0.20987658023737918,104405.33184806425,4555.331848064248,0.045749909919045706,0.3617198435571055,0.30497452733409314,-0.3569731755453921,0.0,0.0,0.0,inf,0.0,106007.86314219322,6082.863142193222,0.061046528134468314,0.07041255611153002,0.8766744735243432,-0.043043316493247885,0.0,0.0,0.0,2.331213783366722,0.19998876270911248,94137.82318598832,-5862.1768140116765,-0.05877798846322113,0.3335077918349891,-0.0147141048355953,-0.32483243304392084,0.0,0.0,0.0,inf,0.0
694,TrialState.COMPLETE,0.44054347353491025,0.8499538732387876,0.11287202701807246,0.44054347353491025,102585.86082639662,2660.860826396616,0.02670270329373481,0.0637899559721767,0.44497240885341427,-0.024748330121074247,21925.371540793843,8.0,141.92537154079383,1.958142354517017,0.20910934979012444,104405.33184806425,4555.331848064248,0.045749909919045706,0.3617198435571055,0.30497452733409314,-0.3569731755453921,0.0,0.0,0.0,inf,0.0,106031.78871647944,6106.788716479437,0.06128666029853935,0.06964545800392434,0.8888068982842631,-0.0412952965163661,0.0,0.0,0.0,2.2977815392076,0.20284781646612815,94137.82318598832,-5862.1768140116765,-0.05877798846322113,0.3335077918349891,-0.0147141048355953,-0.32483243304392084,0.0,0.0,0.0,inf,0.0
695,TrialState.COMPLETE,0.6225258433896468,0.826987047986913,0.06810423660280567,0.6225258433896468,103765.07592496509,3840.0759249650873,0.03853716589974532,0.06387151905390254,0.623895856978799,-0.024375819773503116,21575.459209757635,13.0,216.57545920975764,2.0251990473002706,0.20780804336077,104405.33184806425,4555.331848064248,0.045749909919045706,0.3617198435571055,0.30497452733409314,-0.3569731755453921,0.0,0.0,0.0,inf,0.0,105986.70864956675,6061.708649566746,0.06083420841891529,0.07112879739022318,0.8657470267446559,-0.04458879742510258,0.0,0.0,0.0,2.3615948083590648,0.197459862229416,94137.82318598832,-5862.1768140116765,-0.05877798846322113,0.3335077918349891,-0.0147141048355953,-0.32483243304392084,0.0,0.0,0.0,inf,0.0
696,TrialState.COMPLETE,0.5207287342637075,0.8120005345187061,0.06572920239393468,0.5207287342637075,103174.45354861564,3249.4535486156383,0.03260970346391612,0.06489147144759427,0.5269061843888331,-0.02944814892201031,28093.564852504252,17.0,283.09356485250424,2.0658253781179963,0.20069857230170965,104405.33184806425,4555.331848064248,0.045749909919045706,0.3617198435571055,0.30497452733409314,-0.3569731755453921,0.0,0.0,0.0,inf,0.0,105957.29261045283,6032.292610452831,0.060538970850513296,0.07218194452446257,0.8503066973344356,-0.04673771347903255,0.0,0.0,0.0,2.4051810757288252,0.19394178844550886,94137.82318598832,-5862.1768140116765,-0.05877798846322113,0.3335077918349891,-0.0147141048355953,-0.32483243304392084,0.0,0.0,0.0,inf,0.0
697,TrialState.COMPLETE,0.6272481183174782,0.8499518316254702,0.0709863019555399,0.6272481183174782,103736.70865153466,3811.70865153466,0.038252470960278284,0.06279765154463711,0.6291136336003155,-0.020262139157247283,22422.421203406913,13.0,217.4224212034069,1.9759506307035652,0.21316849307702937,104405.33184806425,4555.331848064248,0.045749909919045706,0.3617198435571055,0.30497452733409314,-0.3569731755453921,0.0,0.0,0.0,inf,0.0,106031.78470913146,6106.784709131462,0.06128662007825314,0.0696455825881564,0.8888048890262589,-0.04129558930437893,0.0,0.0,0.0,2.297787058557305,0.2028473376951943,94137.82318598832,-5862.1768140116765,-0.05877798846322113,0.3335077918349891,-0.0147141048355953,-0.32483243304392084,0.0,0.0,0.0,inf,0.0
698,TrialState.COMPLETE,0.6208577666567118,0.8372012349445463,0.06898684558239028,0.6208577666567118,103733.56897013087,3808.568970130873,0.038220961022021216,0.06347955806754176,0.6225575284890336,-0.0225002045885363,22075.852470712874,13.0,217.07585247071287,2.0076061610921965,0.2098183517555849,104405.33184806425,4555.331848064248,0.045749909919045706,0.3617198435571055,0.30497452733409314,-0.3569731755453921,0.0,0.0,0.0,inf,0.0,106006.75740364843,6081.757403648429,0.061035430248149725,0.07044912102150405,0.8761076100540337,-0.0431241001871322,0.0,0.0,0.0,2.3327824154911143,0.19985660086561033,94137.82318598832,-5862.1768140116765,-0.05877798846322113,0.3335077918349891,-0.0147141048355953,-0.32483243304392084,0.0,0.0,0.0,inf,0.0
699,TrialState.COMPLETE,0.40469259572040595,0.8315183796298217,0.06397625457549641,0.40469259572040595,102410.51820465043,2485.518204650434,0.02494301739067306,0.06383966115842547,0.41780432450443084,-0.026142928359674467,37929.10804729174,23.0,382.9291080472917,2.01807319007408,0.20481896517240147,104405.33184806425,4555.331848064248,0.045749909919045706,0.3617198435571055,0.30497452733409314,-0.3569731755453921,0.0,0.0,0.0,inf,0.0,105995.60290166405,6070.602901664053,0.06092347668020914,0.07082338849334087,0.8703618553507763,-0.04393902059392951,0.0,0.0,0.0,2.3487253763116214,0.19852323316251488,94137.82318598832,-5862.1768140116765,-0.05877798846322113,0.3335077918349891,-0.0147141048355953,-0.32483243304392084,0.0,0.0,0.0,inf,0.0
700,TrialState.COMPLETE,0.5273924918450349,0.838547046972422,0.0668290941497638,0.5273924918450349,103154.89732218528,3229.8973221852793,0.032413439552759105,0.06349581957223747,0.5340810389943466,-0.0250442299690945,29015.782509982782,17.0,284.0157825099828,2.0016962485789915,0.2071405950810286,104405.33184806425,4555.331848064248,0.045749909919045706,0.3617198435571055,0.30497452733409314,-0.3569731755453921,0.0,0.0,0.0,inf,0.0,106009.39900933835,6084.399009338347,0.06106194306202162,0.07036192902186249,0.8774609996716597,-0.04293110786432075,0.0,0.0,0.0,2.329038455453905,0.20017233087676592,94137.82318598832,-5862.1768140116765,-0.05877798846322113,0.3335077918349891,-0.0147141048355953,-0.32483243304392084,0.0,0.0,0.0,inf,0.0
701,TrialState.COMPLETE,0.5215600236223215,0.8186993787965652,0.07080343430827457,0.5215600236223215,103151.33365742989,3226.3336574298883,0.03237767505749134,0.064342334525522,0.5273577499778447,-0.025713193718772676,27279.730778235808,15.0,252.2797307782358,2.0382071485635254,0.20482011433570174,104405.33184806425,4555.331848064248,0.045749909919045706,0.3617198435571055,0.30497452733409314,-0.3569731755453921,0.0,0.0,0.0,inf,0.0,105970.44133018094,6045.44133018094,0.06067093950905811,0.07170312383492189,0.8572389868756906,-0.04577718459054714,0.0,0.0,0.0,2.385501161582506,0.19551456183142285,94137.82318598832,-5862.1768140116765,-0.05877798846322113,0.3335077918349891,-0.0147141048355953,-0.32483243304392084,0.0,0.0,0.0,inf,0.0
702,TrialState.COMPLETE,0.619842547960025,0.8274327767554357,0.0689898790376162,0.619842547960025,103748.14796367812,3823.147963678115,0.03836727626775027,0.06386604401469266,0.6213817323456823,-0.02404583451684361,21828.350204779963,13.0,216.82835020477995,2.029727253920951,0.2075815953916033,104405.33184806425,4555.331848064248,0.045749909919045706,0.3617198435571055,0.30497452733409314,-0.3569731755453921,0.0,0.0,0.0,inf,0.0,105987.58354117617,6062.583541176165,0.06084298937585486,0.0710984834476378,0.866202199601958,-0.044524882107684016,0.0,0.0,0.0,2.3603226436887126,0.1975644690295019,94137.82318598832,-5862.1768140116765,-0.05877798846322113,0.3335077918349891,-0.0147141048355953,-0.32483243304392084,0.0,0.0,0.0,inf,0.0
703,TrialState.COMPLETE,0.533389557632688,0.8496333271861616,0.07303273890254121,0.533389557632688,103161.79141451413,3236.791414514126,0.032482627813645415,0.06290007608520552,0.5396043643716248,-0.020523294009304083,28164.598188319513,15.0,253.1645981883195,1.9667736873608115,0.21220977105876804,104405.33184806425,4555.331848064248,0.045749909919045706,0.3617198435571055,0.30497452733409314,-0.3569731755453921,0.0,0.0,0.0,inf,0.0,106031.15953776886,6106.1595377688645,0.06128034546199013,0.06966503467308018,0.8884913326803651,-0.041341266030867296,0.0,0.0,0.0,2.298648436466243,0.2027726460341803,94137.82318598832,-5862.1768140116765,-0.05877798846322113,0.3335077918349891,-0.0147141048355953,-0.32483243304392084,0.0,0.0,0.0,inf,0.0
704,TrialState.COMPLETE,0.39626274026745173,0.8385609870441431,0.06537628305793777,0.39626274026745173,102346.21718552476,2421.217185524758,0.02429771374337264,0.06349701575154415,0.40979726800941285,-0.024979466319806742,38451.01033493868,23.0,383.4510103349387,1.9940018462143256,0.20711412481016633,104405.33184806425,4555.331848064248,0.045749909919045706,0.3617198435571055,0.30497452733409314,-0.3569731755453921,0.0,0.0,0.0,inf,0.0,106009.42637138622,6084.4263713862165,0.0610622176847293,0.070361028785538,0.8774750029465139,-0.042929108821961215,0.0,0.0,0.0,2.328999737980028,0.20017560116815472,94137.82318598832,-5862.1768140116765,-0.05877798846322113,0.3335077918349891,-0.0147141048355953,-0.32483243304392084,0.0,0.0,0.0,inf,0.0
705,TrialState.COMPLETE,0.5645297177748276,0.8044206595693776,0.07093346656687247,0.5645297177748276,103465.73994508518,3540.739945085181,0.03553303041686262,0.06527737875041409,0.5674784162979153,-0.02810853621396625,23227.45733992677,13.0,218.22745733992676,2.0808343091186394,0.20131789123327248,104405.33184806425,4555.331848064248,0.045749909919045706,0.3617198435571055,0.30497452733409314,-0.3569731755453921,0.0,0.0,0.0,inf,0.0,105942.41457371219,6017.414573712187,0.06038964575440908,0.0727391303678667,0.8424134285017747,-0.04782453518035412,0.0,0.0,0.0,2.4278445560455486,0.1921617243924272,94137.82318598832,-5862.1768140116765,-0.05877798846322113,0.3335077918349891,-0.0147141048355953,-0.32483243304392084,0.0,0.0,0.0,inf,0.0
706,TrialState.COMPLETE,0.5265640169754644,0.8498616558462592,0.06804055053845753,0.5265640169754644,103126.9148335277,3201.9148335276986,0.03213261087598385,0.06299416711796656,0.5335114445188028,-0.023197269288048883,29392.375773122487,17.0,284.39237577312247,1.97427443742349,0.2099201470008971,104405.33184806425,4555.331848064248,0.045749909919045706,0.3617198435571055,0.30497452733409314,-0.3569731755453921,0.0,0.0,0.0,inf,0.0,106031.60770904033,6106.607709040327,0.061284843593079286,0.0696510866514881,0.8887161342223817,-0.041308521421052236,0.0,0.0,0.0,2.298030868519833,0.20282619088513854,94137.82318598832,-5862.1768140116765,-0.05877798846322113,0.3335077918349891,-0.0147141048355953,-0.32483243304392084,0.0,0.0,0.0,inf,0.0
707,TrialState.COMPLETE,0.49226384155671826,0.8287182411181591,0.06295225482397346,0.49226384155671826,102971.34716197156,3046.3471619715565,0.030571357442354063,0.06414706418623438,0.5014713564922364,-0.027829724174644688,33004.69919382568,21.0,348.0046991938257,2.036178334563598,0.20280610428137652,104405.33184806425,4555.331848064248,0.045749909919045706,0.3617198435571055,0.30497452733409314,-0.3569731755453921,0.0,0.0,0.0,inf,0.0,105990.10669441361,6065.106694413611,0.06086831331389164,0.07101139085590658,0.8675134244046724,-0.044340552092856256,0.0,0.0,0.0,2.356661434736805,0.19786614202649666,94137.82318598832,-5862.1768140116765,-0.05877798846322113,0.3335077918349891,-0.0147141048355953,-0.32483243304392084,0.0,0.0,0.0,inf,0.0
708,TrialState.COMPLETE,0.43403925375480573,0.8165531216589834,0.05301356527500663,0.43403925375480573,102630.6102340331,2705.610234033098,0.02715179623626618,0.06455529516116011,0.4472298076323724,-0.030643978761262347,39008.98789747157,29.0,474.00898789747157,2.0373745505710565,0.20131200224188533,104405.33184806425,4555.331848064248,0.045749909919045706,0.3617198435571055,0.30497452733409314,-0.3569731755453921,0.0,0.0,0.0,inf,0.0,105966.22858356425,6041.228583564254,0.060628657781582884,0.07185512790795344,0.8550228796737174,-0.04608493373682321,0.0,0.0,0.0,2.3917712973017284,0.1950106971614028,94137.82318598832,-5862.1768140116765,-0.05877798846322113,0.3335077918349891,-0.0147141048355953,-0.32483243304392084,0.0,0.0,0.0,inf,0.0
709,TrialState.COMPLETE,0.4662775240271054,0.7684415530027169,0.07383424668194488,0.4662775240271054,102955.12687225801,3030.1268722580135,0.03040857346063497,0.06856090935044294,0.4711664608960264,-0.036175032336989044,24573.0144392809,12.0,204.5730144392809,2.1941519305755905,0.19004585481182007,104405.33184806425,4555.331848064248,0.045749909919045706,0.3617198435571055,0.30497452733409314,-0.3569731755453921,0.0,0.0,0.0,inf,0.0,105871.79355780335,5946.79355780335,0.05968085073803464,0.0755956254479966,0.8045433455561841,-0.05298279306421694,0.0,0.0,0.0,2.541518364636351,0.18370590850228416,94137.82318598832,-5862.1768140116765,-0.05877798846322113,0.3335077918349891,-0.0147141048355953,-0.32483243304392084,0.0,0.0,0.0,inf,0.0
710,TrialState.COMPLETE,0.6208691982423223,0.8394343005007642,0.07036846981279607,0.6208691982423223,103724.06895718616,3799.0689571861585,0.038125618618532364,0.06329878502588865,0.6227028795144155,-0.022020388753603792,22295.58069206844,13.0,217.29558069206843,2.0024392039095926,0.21028763442629136,104405.33184806425,4555.331848064248,0.045749909919045706,0.3617198435571055,0.30497452733409314,-0.3569731755453921,0.0,0.0,0.0,inf,0.0,106011.1405407861,6086.140540786102,0.06107942216646389,0.07030475017318412,0.8783516429396834,-0.04280387315628742,0.0,0.0,0.0,2.326576740956399,0.20038047432625014,94137.82318598832,-5862.1768140116765,-0.05877798846322113,0.3335077918349891,-0.0147141048355953,-0.32483243304392084,0.0,0.0,0.0,inf,0.0
711,TrialState.COMPLETE,0.523725940265264,0.8263857703109974,0.06693066509284913,0.523725940265264,103157.90669837681,3232.9066983768134,0.032443641279736646,0.06408782230568566,0.5301942535677132,-0.027073271730904014,28591.264715336045,17.0,283.591264715336,2.0298647090968647,0.2042283990595064,104405.33184806425,4555.331848064248,0.045749909919045706,0.3617198435571055,0.30497452733409314,-0.3569731755453921,0.0,0.0,0.0,inf,0.0,105985.52844126344,6060.5284412634355,0.060822363113847144,0.07116978379760094,0.8651325982832382,-0.044675017484282264,0.0,0.0,0.0,2.363313102996798,0.1973187475768953,94137.82318598832,-5862.1768140116765,-0.05877798846322113,0.3335077918349891,-0.0147141048355953,-0.32483243304392084,0.0,0.0,0.0,inf,0.0
712,TrialState.COMPLETE,0.5319169809756805,0.8385154736489772,0.0720647458397214,0.5319169809756805,103174.57171924328,3249.5717192432785,0.03261088941028034,0.06338560804025342,0.5379150802308632,-0.022388661428790257,27796.051113279016,15.0,252.79605111327902,1.9928510854339914,0.20946145327554958,104405.33184806425,4555.331848064248,0.045749909919045706,0.3617198435571055,0.30497452733409314,-0.3569731755453921,0.0,0.0,0.0,inf,0.0,106009.33703614386,6084.337036143857,0.061061321060096097,0.07036396821723447,0.8774292820295606,-0.04293563556013291,0.0,0.0,0.0,2.329126152684046,0.2001649238813441,94137.82318598832,-5862.1768140116765,-0.05877798846322113,0.3335077918349891,-0.0147141048355953,-0.32483243304392084,0.0,0.0,0.0,inf,0.0
713,TrialState.COMPLETE,0.6115401679007068,0.8109399731456751,0.06917714096655335,0.6115401679007068,103747.21399501896,3822.2139950189594,0.03835790292670893,0.06483076166183438,0.6129549275527232,-0.026808068282523023,21575.32012713306,13.0,216.57532012713307,2.0731054484008373,0.20322758140478045,104405.33184806425,4555.331848064248,0.045749909919045706,0.3617198435571055,0.30497452733409314,-0.3569731755453921,0.0,0.0,0.0,inf,0.0,105955.21090446426,6030.210904464257,0.06051807756978067,0.07225892929977341,0.8492052086935595,-0.04688978174364977,0.0,0.0,0.0,2.408326613288366,0.19369275349692322,94137.82318598832,-5862.1768140116765,-0.05877798846322113,0.3335077918349891,-0.0147141048355953,-0.32483243304392084,0.0,0.0,0.0,inf,0.0
714,TrialState.COMPLETE,0.4043120898258681,0.8383817807826728,0.06461846075715075,0.4043120898258681,102397.24607434962,2472.2460743496194,0.024809822612884558,0.0635067457788042,0.4176139649072652,-0.02500907225517035,38242.17711500652,23.0,383.24217711500654,2.0015522610930585,0.2065020082787038,104405.33184806425,4555.331848064248,0.045749909919045706,0.3617198435571055,0.30497452733409314,-0.3569731755453921,0.0,0.0,0.0,inf,0.0,106009.07461923193,6084.074619231935,0.06105868727906971,0.07037260630111346,0.8772949601300628,-0.042954807453819854,0.0,0.0,0.0,2.3294975676628473,0.20013355989694123,94137.82318598832,-5862.1768140116765,-0.05877798846322113,0.3335077918349891,-0.0147141048355953,-0.32483243304392084,0.0,0.0,0.0,inf,0.0
715,TrialState.COMPLETE,0.473821556913145,0.8268460227936364,0.05652904073409208,0.473821556913145,102859.89014839532,2934.890148395323,0.029452795830871237,0.06408134064848243,0.4849752850291259,-0.027583684867181768,36211.431284827806,25.0,411.2114312848278,2.014372673670577,0.2050953097363005,104405.33184806425,4555.331848064248,0.045749909919045706,0.3617198435571055,0.30497452733409314,-0.3569731755453921,0.0,0.0,0.0,inf,0.0,105986.43184051393,6061.431840513935,0.06083143019094872,0.07113840080046954,0.8656029593298321,-0.04460901971821596,0.0,0.0,0.0,2.361997597215888,0.19742676510104934,94137.82318598832,-5862.1768140116765,-0.05877798846322113,0.3335077918349891,-0.0147141048355953,-0.32483243304392084,0.0,0.0,0.0,inf,0.0
716,TrialState.COMPLETE,0.4735077964937377,0.8384395742736821,0.060498786177304614,0.4735077964937377,102834.59497178531,2909.5949717853073,0.029198938662566398,0.06358268870136598,0.48439866300558365,-0.026163118314616707,35619.96243011489,23.0,380.61996243011487,1.9925210902939463,0.20680676724351826,104405.33184806425,4555.331848064248,0.045749909919045706,0.3617198435571055,0.30497452733409314,-0.3569731755453921,0.0,0.0,0.0,inf,0.0,106009.18805826461,6084.188058264612,0.06105982582448277,0.0703688715088518,0.8773530291017699,-0.042946519723125465,0.0,0.0,0.0,2.329336995809056,0.20014711811088154,94137.82318598832,-5862.1768140116765,-0.05877798846322113,0.3335077918349891,-0.0147141048355953,-0.32483243304392084,0.0,0.0,0.0,inf,0.0
717,TrialState.COMPLETE,0.5468386358672495,0.8204174923904047,0.07496926344290361,0.5468386358672495,103308.63693561262,3383.6369356126233,0.03395635437953337,0.06438338784419846,0.5507925886313872,-0.0256057709757892,24447.18834135957,13.0,219.44718834135958,2.0393591676650873,0.20453272140354833,104405.33184806425,4555.331848064248,0.045749909919045706,0.3617198435571055,0.30497452733409314,-0.3569731755453921,0.0,0.0,0.0,inf,0.0,105973.81370206617,6048.813702066167,0.06070478671991375,0.07158240565318204,0.859009417612964,-0.04553082422188026,0.0,0.0,0.0,2.3805054587704015,0.19591788682359196,94137.82318598832,-5862.1768140116765,-0.05877798846322113,0.3335077918349891,-0.0147141048355953,-0.32483243304392084,0.0,0.0,0.0,inf,0.0
718,TrialState.COMPLETE,0.4891243241944776,0.8497075813888388,0.0669961406850905,0.4891243241944776,102908.20628447637,2983.2062844763714,0.029937687070590524,0.06322701911511079,0.49811252188666066,-0.023212426817216025,32310.617684292803,19.0,317.3106176842928,1.9804479556471324,0.208536799378099,104405.33184806425,4555.331848064248,0.045749909919045706,0.3617198435571055,0.30497452733409314,-0.3569731755453921,0.0,0.0,0.0,inf,0.0,106031.30528644737,6106.305286447372,0.061281808288148776,0.06966049686023369,0.8885644509697029,-0.04133061724052356,0.0,0.0,0.0,2.298447562294206,0.20279005926873672,94137.82318598832,-5862.1768140116765,-0.05877798846322113,0.3335077918349891,-0.0147141048355953,-0.32483243304392084,0.0,0.0,0.0,inf,0.0
719,TrialState.COMPLETE,0.5399627220682583,0.7927083191160782,0.07170844189633489,0.5399627220682583,103342.92076205282,3417.9207620528177,0.03430042416902235,0.06607528802714306,0.5433966360900989,-0.03024792927565667,23580.878371449173,13.0,218.58087837144916,2.110593592859417,0.19771830562457243,104405.33184806425,4555.331848064248,0.045749909919045706,0.3617198435571055,0.30497452733409314,-0.3569731755453921,0.0,0.0,0.0,inf,0.0,105919.42519291841,5994.42519291841,0.06015891035089238,0.07363138605044091,0.8301379298676568,-0.04950380562543866,0.0,0.0,0.0,2.4637161891826933,0.18941026424463264,94137.82318598832,-5862.1768140116765,-0.05877798846322113,0.3335077918349891,-0.0147141048355953,-0.32483243304392084,0.0,0.0,0.0,inf,0.0
720,TrialState.COMPLETE,0.626687869595743,0.8388415729115278,0.06905725669329517,0.626687869595743,103759.29342968354,3834.2934296835447,0.03847913255930391,0.06328248810402005,0.6282273385371467,-0.022385577942563573,21884.734693073467,13.0,216.88473469307348,1.9965788961790059,0.210753347954469,104405.33184806425,4555.331848064248,0.045749909919045706,0.3617198435571055,0.30497452733409314,-0.3569731755453921,0.0,0.0,0.0,inf,0.0,106009.97711488401,6084.977114884008,0.06106774529262293,0.07034292152015699,0.8777567936869054,-0.04288887205517178,0.0,0.0,0.0,2.328220705999827,0.20024142528883607,94137.82318598832,-5862.1768140116765,-0.05877798846322113,0.3335077918349891,-0.0147141048355953,-0.32483243304392084,0.0,0.0,0.0,inf,0.0
721,TrialState.COMPLETE,0.5781468482004403,0.8089526866149566,0.06564292574336135,0.5781468482004403,103540.17665760651,3615.176657606513,0.036280074933628725,0.06493329564169088,0.5812458201742686,-0.029951301865400293,23840.30081284535,15.0,248.84030081284536,2.0685833743831474,0.20173926355607424,104405.33184806425,4555.331848064248,0.045749909919045706,0.3617198435571055,0.30497452733409314,-0.3569731755453921,0.0,0.0,0.0,inf,0.0,105951.3101907696,6026.310190769596,0.06047892761277063,0.07240404238889647,0.8471385594235747,-0.04717472620750662,0.0,0.0,0.0,2.414242948222843,0.19322608561870305,94137.82318598832,-5862.1768140116765,-0.05877798846322113,0.3335077918349891,-0.0147141048355953,-0.32483243304392084,0.0,0.0,0.0,inf,0.0
722,TrialState.COMPLETE,0.45458702111124777,0.8274535807142632,0.06222874874076786,0.45458702111124777,102734.47228430044,2809.472284300442,0.02819412973282187,0.06409168079369038,0.46582100675731336,-0.028089700844593057,35803.42929994223,23.0,380.80342929994225,2.0204105143345563,0.20377257418880473,104405.33184806425,4555.331848064248,0.045749909919045706,0.3617198435571055,0.30497452733409314,-0.3569731755453921,0.0,0.0,0.0,inf,0.0,105987.62437589523,6062.624375895233,0.06084339921852577,0.07109707001835193,0.8662234379725313,-0.044521898918903346,0.0,0.0,0.0,2.360263300111933,0.1975693514116834,94137.82318598832,-5862.1768140116765,-0.05877798846322113,0.3335077918349891,-0.0147141048355953,-0.32483243304392084,0.0,0.0,0.0,inf,0.0
723,TrialState.COMPLETE,0.3780098547153994,0.5088361789691183,0.06857459025454653,0.3780098547153994,103251.12036610821,3326.120366108211,0.03337912330998738,0.0971581655920725,0.38652847451490335,-0.08508365861093914,13125.914980284444,8.0,133.12591498028445,3.270857591035537,0.1255802306398886,104405.33184806425,4555.331848064248,0.045749909919045706,0.3617198435571055,0.30497452733409314,-0.3569731755453921,0.0,0.0,0.0,inf,0.0,105362.23128683143,5437.231286831433,0.05456661567596921,0.10371393618334811,0.5641123507024368,-0.09500958992132602,0.0,0.0,0.0,3.838186826775563,0.12235218513219931,94137.82318598832,-5862.1768140116765,-0.05877798846322113,0.3335077918349891,-0.0147141048355953,-0.32483243304392084,0.0,0.0,0.0,inf,0.0
724,TrialState.COMPLETE,0.615990857771398,0.8168556536948897,0.06830633444257912,0.615990857771398,103753.03309720196,3828.0330972019583,0.03841630363674198,0.06441067379448684,0.6174037250715453,-0.025822887764575975,21600.685048568386,13.0,216.60068504856838,2.05829155581879,0.20467773403454226,104405.33184806425,4555.331848064248,0.045749909919045706,0.3617198435571055,0.30497452733409314,-0.3569731755453921,0.0,0.0,0.0,inf,0.0,105966.82240374925,6041.822403749247,0.060634617727512996,0.07183362105762447,0.8553355514196478,-0.04604155422808498,0.0,0.0,0.0,2.39088547685509,0.1950817231559149,94137.82318598832,-5862.1768140116765,-0.05877798846322113,0.3335077918349891,-0.0147141048355953,-0.32483243304392084,0.0,0.0,0.0,inf,0.0
725,TrialState.COMPLETE,0.40437668365972956,0.8373536032099327,0.06492894909224528,0.40437668365972956,102399.23431697358,2474.234316973583,0.024829775965391043,0.0635552615129763,0.4176500737161426,-0.025178932804820975,38195.27754044073,23.0,383.1952775404407,2.00400994580073,0.20624989310104888,104405.33184806425,4555.331848064248,0.045749909919045706,0.3617198435571055,0.30497452733409314,-0.3569731755453921,0.0,0.0,0.0,inf,0.0,106007.05647726978,6082.0564772697835,0.06103843193876779,0.07043922157118507,0.8762609818484494,-0.043102250312122004,0.0,0.0,0.0,2.332357932920299,0.19989234746864792,94137.82318598832,-5862.1768140116765,-0.05877798846322113,0.3335077918349891,-0.0147141048355953,-0.32483243304392084,0.0,0.0,0.0,inf,0.0
726,TrialState.COMPLETE,0.6248010920579776,0.8499199706914708,0.07037750440274051,0.6248010920579776,103726.96196229145,3801.961962291447,0.0381546528985397,0.06290108636613362,0.6266854541371472,-0.020364585710595073,22411.228151306186,13.0,217.41122815130618,1.977563082770299,0.212970848158895,104405.33184806425,4555.331848064248,0.045749909919045706,0.3617198435571055,0.30497452733409314,-0.3569731755453921,0.0,0.0,0.0,inf,0.0,106031.72217140497,6106.7221714049665,0.061285992409965795,0.06964752699125877,0.8887735319642577,-0.041300158484426364,0.0,0.0,0.0,2.2978731956576692,0.2028398661050961,94137.82318598832,-5862.1768140116765,-0.05877798846322113,0.3335077918349891,-0.0147141048355953,-0.32483243304392084,0.0,0.0,0.0,inf,0.0
727,TrialState.COMPLETE,0.5239803187463816,0.8277461465431994,0.06701828071389267,0.5239803187463816,103156.34190360326,3231.3419036032574,0.03242793719276715,0.0640164666527915,0.5304761382604322,-0.02684867731035645,28638.330962559427,17.0,283.63833096255945,2.0265286866745638,0.20456214140812023,104405.33184806425,4555.331848064248,0.045749909919045706,0.3617198435571055,0.30497452733409314,-0.3569731755453921,0.0,0.0,0.0,inf,0.0,105988.19863406979,6063.198634069791,0.06084916283123931,0.07107720663498351,0.866522052332668,-0.04447994633978736,0.0,0.0,0.0,2.359429068032703,0.19763801192710034,94137.82318598832,-5862.1768140116765,-0.05877798846322113,0.3335077918349891,-0.0147141048355953,-0.32483243304392084,0.0,0.0,0.0,inf,0.0
728,TrialState.COMPLETE,0.5182727783147327,0.8031323890791574,0.06957347272256283,0.5182727783147327,103170.10336264948,3245.1033626494755,0.0325660455175385,0.06524386042612991,0.5237635409559641,-0.028324643717864695,26761.025989253707,15.0,251.7610259892537,2.0777133995317056,0.20096315273406162,104405.33184806425,4555.331848064248,0.045749909919045706,0.3617198435571055,0.30497452733409314,-0.3569731755453921,0.0,0.0,0.0,inf,0.0,105939.88591251236,6014.885912512356,0.06036426656641214,0.07283542864400275,0.8410674298060481,-0.04800924689755348,0.0,0.0,0.0,2.4317389581876174,0.19185913927693163,94137.82318598832,-5862.1768140116765,-0.05877798846322113,0.3335077918349891,-0.0147141048355953,-0.32483243304392084,0.0,0.0,0.0,inf,0.0
729,TrialState.COMPLETE,0.5260673500052925,0.8498754669971683,0.0732792373306124,0.5260673500052925,103113.74347486749,3188.743474867486,0.03200042487774546,0.06285970298273132,0.5324798340566141,-0.020482666424461837,28318.543454606865,15.0,253.31854345460687,1.9634393404524957,0.21253963909979007,104405.33184806425,4555.331848064248,0.045749909919045706,0.3617198435571055,0.30497452733409314,-0.3569731755453921,0.0,0.0,0.0,inf,0.0,106031.63481803777,6106.634818037768,0.061285115676170454,0.06965024349258972,0.8887297287682283,-0.04130654076299656,0.0,0.0,0.0,2.2979935236942075,0.20282942969452158,94137.82318598832,-5862.1768140116765,-0.05877798846322113,0.3335077918349891,-0.0147141048355953,-0.32483243304392084,0.0,0.0,0.0,inf,0.0
730,TrialState.COMPLETE,0.525549896332927,0.8294240465535805,0.06630802055906425,0.525549896332927,103163.16338244024,3238.163382440238,0.03249639671616644,0.06394166346050939,0.5320585951022339,-0.026571658637257523,28698.199497701575,17.0,283.6981994977016,2.0229219470199054,0.20493718410431083,104405.33184806425,4555.331848064248,0.045749909919045706,0.3617198435571055,0.30497452733409314,-0.3569731755453921,0.0,0.0,0.0,inf,0.0,105991.49207336373,6066.492073363726,0.060882217840951824,0.07096378116039273,0.8682324264560086,-0.044239342189975495,0.0,0.0,0.0,2.3546560136774612,0.19803177493122354,94137.82318598832,-5862.1768140116765,-0.05877798846322113,0.3335077918349891,-0.0147141048355953,-0.32483243304392084,0.0,0.0,0.0,inf,0.0
731,TrialState.COMPLETE,0.4550765629304207,0.8370517003964701,0.06287931244373386,0.4550765629304207,102719.57843776,2794.5784377600066,0.028044658645201226,0.06361359714374458,0.4665559841474068,-0.02651544056817079,36218.734287996835,23.0,381.2187342879968,1.9972433169982542,0.20612516030308264,104405.33184806425,4555.331848064248,0.045749909919045706,0.3617198435571055,0.30497452733409314,-0.3569731755453921,0.0,0.0,0.0,inf,0.0,106006.46389214386,6081.46389214386,0.061032484382450125,0.07045884327283469,0.8759570548040685,-0.0431455436872199,0.0,0.0,0.0,2.3331991538647356,0.19982151889161803,94137.82318598832,-5862.1768140116765,-0.05877798846322113,0.3335077918349891,-0.0147141048355953,-0.32483243304392084,0.0,0.0,0.0,inf,0.0
732,TrialState.COMPLETE,0.5279282659720241,0.8167037426980319,0.07016784009060821,0.5279282659720241,103199.6449554836,3274.6449554836,0.03286252151153368,0.06450053025708118,0.533501214305102,-0.026047983356640714,27073.011399124174,15.0,252.07301139912417,2.046074218166539,0.20406725294236974,104405.33184806425,4555.331848064248,0.045749909919045706,0.3617198435571055,0.30497452733409314,-0.3569731755453921,0.0,0.0,0.0,inf,0.0,105966.52422767025,6041.524227670248,0.06063162504831454,0.07184441703151044,0.85517856080608,-0.046063336472345395,0.0,0.0,0.0,2.391330193558557,0.19504605882840836,94137.82318598832,-5862.1768140116765,-0.05877798846322113,0.3335077918349891,-0.0147141048355953,-0.32483243304392084,0.0,0.0,0.0,inf,0.0
733,TrialState.COMPLETE,0.5864864683816181,0.8360273042286245,0.06778285348407219,0.5864864683816181,103520.1525302082,3595.152530208201,0.036079113272763585,0.06347880725716692,0.5900354309495425,-0.02548145029810489,24638.20536150758,15.0,249.63820536150757,2.0015926151338554,0.20843814152949885,104405.33184806425,4555.331848064248,0.045749909919045706,0.3617198435571055,0.30497452733409314,-0.3569731755453921,0.0,0.0,0.0,inf,0.0,106004.45317245221,6079.453172452209,0.06101230353808007,0.07052563001180487,0.8749247190772727,-0.043292443384835955,0.0,0.0,0.0,2.336058056032106,0.19958118275151532,94137.82318598832,-5862.1768140116765,-0.05877798846322113,0.3335077918349891,-0.0147141048355953,-0.32483243304392084,0.0,0.0,0.0,inf,0.0
734,TrialState.COMPLETE,0.5697526414924354,0.8212797738258183,0.07163175061056466,0.5697526414924354,103451.01206453396,3526.012064533963,0.03538522204361483,0.06428938840075824,0.5729821803911828,-0.025280299852668553,23714.26029870465,13.0,218.71426029870466,2.038119238707575,0.20549261484594752,104405.33184806425,4555.331848064248,0.045749909919045706,0.3617198435571055,0.30497452733409314,-0.3569731755453921,0.0,0.0,0.0,inf,0.0,105975.50621743912,6050.5062174391205,0.060721773852535854,0.07152214439201576,0.8598967041326835,-0.04540718092139706,0.0,0.0,0.0,2.3780061086957778,0.19612029731749964,94137.82318598832,-5862.1768140116765,-0.05877798846322113,0.3335077918349891,-0.0147141048355953,-0.32483243304392084,0.0,0.0,0.0,inf,0.0
735,TrialState.COMPLETE,0.3200302101283315,0.8357371415319296,0.039363147472698826,0.3200302101283315,101938.17502911246,2013.1750291124627,0.02020276432824919,0.06364938736278024,0.34603904651879314,-0.028144069875073452,60258.53786930928,58.0,930.2585378693093,1.9971430133439716,0.2027916781614622,104405.33184806425,4555.331848064248,0.045749909919045706,0.3617198435571055,0.30497452733409314,-0.3569731755453921,0.0,0.0,0.0,inf,0.0,106003.88363122728,6078.883631227276,0.06100658726520236,0.07054460574438325,0.8746320096547711,-0.04333405295409243,0.0,0.0,0.0,2.336869120745506,0.19951310543735276,94137.82318598832,-5862.1768140116765,-0.05877798846322113,0.3335077918349891,-0.0147141048355953,-0.32483243304392084,0.0,0.0,0.0,inf,0.0
736,TrialState.COMPLETE,0.5496825668595556,0.8383035754107301,0.07678883768912621,0.5496825668595556,103283.40524152119,3358.405241521192,0.033703131279718246,0.06346460337721187,0.5539805662881934,-0.02260897452995725,25007.549398337847,13.0,220.00754939833786,1.9957821749871625,0.20892418835126594,104405.33184806425,4555.331848064248,0.045749909919045706,0.3617198435571055,0.30497452733409314,-0.3569731755453921,0.0,0.0,0.0,inf,0.0,106008.92111506395,6083.921115063946,0.06105714661478845,0.07037766180461216,0.8772163733635915,-0.04296602229561397,0.0,0.0,0.0,2.3297148865781687,0.20011521306252877,94137.82318598832,-5862.1768140116765,-0.05877798846322113,0.3335077918349891,-0.0147141048355953,-0.32483243304392084,0.0,0.0,0.0,inf,0.0
737,TrialState.COMPLETE,0.403433091584576,0.8495532064301551,0.06535678818206822,0.403433091584576,102375.64328390523,2450.6432839052286,0.024593024144103248,0.0630108501940272,0.41704446410053936,-0.02316343985214997,38751.75359678468,23.0,383.7517535967847,1.9752323177450615,0.2092409817233951,104405.33184806425,4555.331848064248,0.045749909919045706,0.3617198435571055,0.30497452733409314,-0.3569731755453921,0.0,0.0,0.0,inf,0.0,106031.0022740199,6106.002274019906,0.06127876706328883,0.06966993295931505,0.8884124255653633,-0.041352756139150904,0.0,0.0,0.0,2.29886522035821,0.20275385699480086,94137.82318598832,-5862.1768140116765,-0.05877798846322113,0.3335077918349891,-0.0147141048355953,-0.32483243304392084,0.0,0.0,0.0,inf,0.0
738,TrialState.COMPLETE,0.5441895374653911,0.8101161926409768,0.07353962224243527,0.5441895374653911,103319.43314769861,3394.4331476986117,0.03406470428225705,0.0649773148853888,0.5479626142905925,-0.027331631999317763,24140.225340849553,13.0,219.14022534084955,2.0652913120583203,0.20199017254660653,104405.33184806425,4555.331848064248,0.045749909919045706,0.3617198435571055,0.30497452733409314,-0.3569731755453921,0.0,0.0,0.0,inf,0.0,105953.5939600296,6028.593960029597,0.060501848922426715,0.07231894674239804,0.848348945812782,-0.0470078987438336,0.0,0.0,0.0,2.410775561391114,0.1934993117644683,94137.82318598832,-5862.1768140116765,-0.05877798846322113,0.3335077918349891,-0.0147141048355953,-0.32483243304392084,0.0,0.0,0.0,inf,0.0
739,TrialState.COMPLETE,0.6158953779659777,0.825123418662488,0.06959110495496182,0.6158953779659777,103731.64522031668,3806.6452203166846,0.038201654211549974,0.0640235195265661,0.6175196199753135,-0.02442501316579604,21915.48016411812,13.0,216.91548016411812,2.0371693669219746,0.2067411210349657,104405.33184806425,4555.331848064248,0.045749909919045706,0.3617198435571055,0.30497452733409314,-0.3569731755453921,0.0,0.0,0.0,inf,0.0,105983.05065444876,6058.050654448758,0.06079749450443317,0.07125618169615718,0.8638411259386569,-0.04485603130008364,0.0,0.0,0.0,2.366928722338142,0.19702247514849353,94137.82318598832,-5862.1768140116765,-0.05877798846322113,0.3335077918349891,-0.0147141048355953,-0.32483243304392084,0.0,0.0,0.0,inf,0.0
740,TrialState.COMPLETE,0.22064724254219606,0.3205632283082812,0.13171610115974247,0.22064724254219606,104992.682726219,5067.682726219005,0.0508576743706981,0.12887385614121363,0.4493752490972083,-0.1257212125738434,0.0,0.0,0.0,6.0924277853475495,0.07743629959631994,104405.33184806425,4555.331848064248,0.045749909919045706,0.3617198435571055,0.30497452733409314,-0.3569731755453921,0.0,0.0,0.0,inf,0.0,104992.682726219,5067.682726219005,0.0508576743706981,0.12887385614121363,0.4493752490972083,-0.1257212125738434,0.0,0.0,0.0,6.0924277853475495,0.07743629959631994,94137.82318598832,-5862.1768140116765,-0.05877798846322113,0.3335077918349891,-0.0147141048355953,-0.32483243304392084,0.0,0.0,0.0,inf,0.0
741,TrialState.COMPLETE,0.5872836907753096,0.8390784211866769,0.06805991733200342,0.5872836907753096,103517.89595338245,3592.8959533824527,0.03605646632872017,0.06333529737397268,0.5908833640829712,-0.024977694831868957,24728.12353261783,15.0,249.72812353261781,1.9943142809317786,0.20919277746236048,104405.33184806425,4555.331848064248,0.045749909919045706,0.3617198435571055,0.30497452733409314,-0.3569731755453921,0.0,0.0,0.0,inf,0.0,106010.44200874626,6085.442008746264,0.06107241125967766,0.07032765564686985,0.8779945589383076,-0.04285490733605413,0.0,0.0,0.0,2.3275635146760383,0.2002969882893201,94137.82318598832,-5862.1768140116765,-0.05877798846322113,0.3335077918349891,-0.0147141048355953,-0.32483243304392084,0.0,0.0,0.0,inf,0.0
742,TrialState.COMPLETE,0.624014615994183,0.8497189908007,0.07134831118439135,0.624014615994183,103718.6241830058,3793.624183005799,0.03807097471887766,0.06283458683828202,0.6259988133521992,-0.02029217806295147,22568.74458629859,13.0,217.56874458629858,1.97820240647465,0.21283549431785492,104405.33184806425,4555.331848064248,0.045749909919045706,0.3617198435571055,0.30497452733409314,-0.3569731755453921,0.0,0.0,0.0,inf,0.0,106031.32768122948,6106.327681229479,0.061282033056383245,0.06965979976448478,0.888575684894279,-0.041328981017193955,0.0,0.0,0.0,2.298416700403201,0.20279273486784785,94137.82318598832,-5862.1768140116765,-0.05877798846322113,0.3335077918349891,-0.0147141048355953,-0.32483243304392084,0.0,0.0,0.0,inf,0.0
743,TrialState.COMPLETE,0.35687257040304265,0.47008475021605794,0.06390678067696487,0.35687257040304265,103328.93867254246,3403.9386725424556,0.03416010097898292,0.10250437912972492,0.37895044323934113,-0.09221186467336162,12124.089290061765,8.0,132.12408929006176,3.5408488941267438,0.11604474351952024,104405.33184806425,4555.331848064248,0.045749909919045706,0.3617198435571055,0.30497452733409314,-0.3569731755453921,0.0,0.0,0.0,inf,0.0,105286.16866250269,5361.168662502692,0.05380321697772339,0.10867106909859076,0.536566176075523,-0.10133894330330573,0.0,0.0,0.0,4.154587695534584,0.11313819551462485,94137.82318598832,-5862.1768140116765,-0.05877798846322113,0.3335077918349891,-0.0147141048355953,-0.32483243304392084,0.0,0.0,0.0,inf,0.0
744,TrialState.COMPLETE,0.5488927758702513,0.8252716921869202,0.0746158961440982,0.5488927758702513,103309.00831654696,3384.008316546955,0.03396008152774144,0.06411342716999675,0.5528970793312881,-0.0247924787713657,24549.548588766796,13.0,219.5495485887668,2.0273142956099437,0.20575780455070655,104405.33184806425,4555.331848064248,0.045749909919045706,0.3617198435571055,0.30497452733409314,-0.3569731755453921,0.0,0.0,0.0,inf,0.0,105983.34169077307,6058.341690773072,0.06080041552589721,0.07124600908837743,0.8639929247792391,-0.0448347698016931,0.0,0.0,0.0,2.3665034649749446,0.1970572754320292,94137.82318598832,-5862.1768140116765,-0.05877798846322113,0.3335077918349891,-0.0147141048355953,-0.32483243304392084,0.0,0.0,0.0,inf,0.0
745,TrialState.COMPLETE,0.4451914536403666,0.838969861174114,0.048729218815917436,0.4451914536403666,102674.09730636643,2749.097306366428,0.02758822123878457,0.06360798791292292,0.4596116507494779,-0.025065240793249344,41591.32219322851,32.0,521.5913221932285,1.9904986948229726,0.20721792394530575,104405.33184806425,4555.331848064248,0.045749909919045706,0.3617198435571055,0.30497452733409314,-0.3569731755453921,0.0,0.0,0.0,inf,0.0,106010.22892345554,6085.228923455536,0.06107027260173803,0.07033465065713349,0.8778855900273503,-0.04287047515651554,0.0,0.0,0.0,2.3278646939389502,0.2002715209013503,94137.82318598832,-5862.1768140116765,-0.05877798846322113,0.3335077918349891,-0.0147141048355953,-0.32483243304392084,0.0,0.0,0.0,inf,0.0
746,TrialState.COMPLETE,0.49045233402667415,0.8498778920796851,0.06692972235642884,0.49045233402667415,102916.7304893476,2991.7304893475957,0.030023234379197072,0.06322711783096267,0.49942551945826863,-0.023109797080962613,32323.341370047383,19.0,317.3233413700474,1.9800480028364165,0.20863517039592833,104405.33184806425,4555.331848064248,0.045749909919045706,0.3617198435571055,0.30497452733409314,-0.3569731755453921,0.0,0.0,0.0,inf,0.0,106031.63957807246,6106.639578072456,0.06128516345089752,0.06965009544962043,0.8887321157789281,-0.04130619298174043,0.0,0.0,0.0,2.2979869664887893,0.20282999839280905,94137.82318598832,-5862.1768140116765,-0.05877798846322113,0.3335077918349891,-0.0147141048355953,-0.32483243304392084,0.0,0.0,0.0,inf,0.0
747,TrialState.COMPLETE,0.4597561629174326,0.8024951139583176,0.059316941721749755,0.4597561629174326,102822.93447912358,2897.934479123578,0.029081916424191556,0.06555027168655886,0.4700654671214612,-0.032063676248385464,34400.76508997304,23.0,379.40076508997305,2.0795915319332243,0.19813551431096135,104405.33184806425,4555.331848064248,0.045749909919045706,0.3617198435571055,0.30497452733409314,-0.3569731755453921,0.0,0.0,0.0,inf,0.0,105938.63504719795,6013.635047197953,0.06035171211885726,0.07288323511604489,0.8404011656329718,-0.048100618748854185,0.0,0.0,0.0,2.4336700437624392,0.19170945298514522,94137.82318598832,-5862.1768140116765,-0.05877798846322113,0.3335077918349891,-0.0147141048355953,-0.32483243304392084,0.0,0.0,0.0,inf,0.0
748,TrialState.COMPLETE,0.39797032071652555,0.5300059282278982,0.0696682967723672,0.39797032071652555,103279.07241737888,3354.0724173788767,0.03365964744843364,0.0941266725023234,0.398777113091344,-0.08120403330901627,13360.55412952962,8.0,133.36055412952962,3.1336999530406904,0.1313312941957029,104405.33184806425,4555.331848064248,0.045749909919045706,0.3617198435571055,0.30497452733409314,-0.3569731755453921,0.0,0.0,0.0,inf,0.0,105403.78399177207,5478.78399177207,0.05498365794588933,0.10106674546989529,0.5801147691419027,-0.0915668132728864,0.0,0.0,0.0,3.684880140182706,0.12737930104866796,94137.82318598832,-5862.1768140116765,-0.05877798846322113,0.3335077918349891,-0.0147141048355953,-0.32483243304392084,0.0,0.0,0.0,inf,0.0
749,TrialState.COMPLETE,0.5679280200073097,0.8193550220499026,0.07302163048422422,0.5679280200073097,103444.28321078588,3519.283210785885,0.035317691577196664,0.06438790588621544,0.5711912042031108,-0.025603201767622985,23747.71874271512,13.0,218.7477187427151,2.044628414469154,0.2047742007522132,104405.33184806425,4555.331848064248,0.045749909919045706,0.3617198435571055,0.30497452733409314,-0.3569731755453921,0.0,0.0,0.0,inf,0.0,105971.72824909142,6046.728249091422,0.06068385582316038,0.07165695562544612,0.857914980728931,-0.045683172111533166,0.0,0.0,0.0,2.383592297048416,0.19566847606900478,94137.82318598832,-5862.1768140116765,-0.05877798846322113,0.3335077918349891,-0.0147141048355953,-0.32483243304392084,0.0,0.0,0.0,inf,0.0
750,TrialState.COMPLETE,0.6188026996849453,0.8296608070712951,0.07073989231568462,0.6188026996849453,103737.48914529696,3812.4891452969605,0.03826030401987057,0.06378311799824939,0.6204913940566203,-0.023662623443640007,22073.393965354855,13.0,217.07339396535485,2.0263269788395113,0.20786844544103023,104405.33184806425,4555.331848064248,0.045749909919045706,0.3617198435571055,0.30497452733409314,-0.3569731755453921,0.0,0.0,0.0,inf,0.0,105991.9567949728,6066.956794972793,0.060886882076930826,0.07094784402114948,0.8684734610344873,-0.044205391529009375,0.0,0.0,0.0,2.353984064885754,0.19808733514522553,94137.82318598832,-5862.1768140116765,-0.05877798846322113,0.3335077918349891,-0.0147141048355953,-0.32483243304392084,0.0,0.0,0.0,inf,0.0
751,TrialState.COMPLETE,0.3164024496771428,0.8499962310139376,0.1456360299767574,0.3164024496771428,101824.56539244603,1899.5653924460348,0.019062631033575084,0.06500269926726283,0.3229792137128731,-0.025722427341972165,22459.9237407666,6.0,112.4599237407666,2.025228072842075,0.2011084032223331,104405.33184806425,4555.331848064248,0.045749909919045706,0.3617198435571055,0.30497452733409314,-0.3569731755453921,0.0,0.0,0.0,inf,0.0,106031.87185776343,6106.871857763428,0.06128749475719908,0.06964287352689322,0.8888485829443838,-0.041289221982078406,0.0,0.0,0.0,2.297667034095424,0.20285774961864875,94137.82318598832,-5862.1768140116765,-0.05877798846322113,0.3335077918349891,-0.0147141048355953,-0.32483243304392084,0.0,0.0,0.0,inf,0.0
752,TrialState.COMPLETE,0.39200153424525314,0.8376069544373959,0.06578275190398009,0.39200153424525314,102320.92693195416,2395.9269319541636,0.02404390947291124,0.06354204124924165,0.4056524031602195,-0.025137077873280234,38556.57940757314,23.0,383.55657940757317,1.9958491562251104,0.20690467824023442,104405.33184806425,4555.331848064248,0.045749909919045706,0.3617198435571055,0.30497452733409314,-0.3569731755453921,0.0,0.0,0.0,inf,0.0,106007.55376368866,6082.553763688658,0.061043423017508536,0.07042277694149834,0.8765159198379159,-0.0430659192702576,0.0,0.0,0.0,2.3316524639147485,0.19995178493334925,94137.82318598832,-5862.1768140116765,-0.05877798846322113,0.3335077918349891,-0.0147141048355953,-0.32483243304392084,0.0,0.0,0.0,inf,0.0
753,TrialState.COMPLETE,0.6115745202655294,0.813955472805688,0.06849173613512681,0.6115745202655294,103737.55759506735,3812.557595067352,0.03826099098389579,0.06465101680190537,0.6130353197692864,-0.026301427144185485,21618.856785890195,13.0,216.6188567858902,2.0651205238968067,0.20397247638335225,104405.33184806425,4555.331848064248,0.045749909919045706,0.3617198435571055,0.30497452733409314,-0.3569731755453921,0.0,0.0,0.0,inf,0.0,105961.12982991236,6036.129829912359,0.060577483546346844,0.07204087787732572,0.8523343525189488,-0.046457403309516754,0.0,0.0,0.0,2.3994043708239996,0.19440081191452072,94137.82318598832,-5862.1768140116765,-0.05877798846322113,0.3335077918349891,-0.0147141048355953,-0.32483243304392084,0.0,0.0,0.0,inf,0.0
754,TrialState.COMPLETE,0.5475072848905177,0.8276814674434116,0.07589479955736841,0.5475072848905177,103294.6198622283,3369.6198622282973,0.03381568022229331,0.06399511477289145,0.5516183954311904,-0.02438872855188734,24690.67983282627,13.0,219.69067983282628,2.021395185034911,0.20630389282019063,104405.33184806425,4555.331848064248,0.045749909919045706,0.3617198435571055,0.30497452733409314,-0.3569731755453921,0.0,0.0,0.0,inf,0.0,105988.07167972976,6063.071679729765,0.060847888638402736,0.07108159574387608,0.8664560458101668,-0.044489221026737025,0.0,0.0,0.0,2.359613445421996,0.19762283283718546,94137.82318598832,-5862.1768140116765,-0.05877798846322113,0.3335077918349891,-0.0147141048355953,-0.32483243304392084,0.0,0.0,0.0,inf,0.0
755,TrialState.COMPLETE,0.5772694072821117,0.8361651398172969,0.07260871926970622,0.5772694072821117,103459.28501543912,3534.28501543912,0.03546824901454926,0.06349198385938049,0.5806375033585573,-0.022782991150971488,24032.252155854243,13.0,219.03225215585425,2.002489229781779,0.2091512915238912,104405.33184806425,4555.331848064248,0.045749909919045706,0.3617198435571055,0.30497452733409314,-0.3569731755453921,0.0,0.0,0.0,inf,0.0,106004.72372084066,6079.723720840659,0.06101501893138983,0.07051662499362084,0.8750637186148039,-0.04327267762860798,0.0,0.0,0.0,2.3356729742797184,0.19961352118972467,94137.82318598832,-5862.1768140116765,-0.05877798846322113,0.3335077918349891,-0.0147141048355953,-0.32483243304392084,0.0,0.0,0.0,inf,0.0
756,TrialState.COMPLETE,0.5159275603358382,0.7927847026449457,0.06416551959103645,0.5159275603358382,103196.55687016167,3271.556870161672,0.032831529835055884,0.06610066477779723,0.5217164747146665,-0.032620269879068964,27428.736202778935,17.0,282.42873620277896,2.1158976777146266,0.19598143767117893,104405.33184806425,4555.331848064248,0.045749909919045706,0.3617198435571055,0.30497452733409314,-0.3569731755453921,0.0,0.0,0.0,inf,0.0,105919.57512111065,5994.575121110654,0.06016041512094272,0.07362544639783736,0.8302182294400711,-0.049492854341680936,0.0,0.0,0.0,2.463478814097087,0.18942821189928263,94137.82318598832,-5862.1768140116765,-0.05877798846322113,0.3335077918349891,-0.0147141048355953,-0.32483243304392084,0.0,0.0,0.0,inf,0.0
757,TrialState.COMPLETE,0.27026123177503236,0.5544584547669575,0.10733278634233413,0.27026123177503236,102035.48979296944,2110.4897929694416,0.021179372659722473,0.09240497027567016,0.2730237111706553,-0.07944503058449848,15902.839442222754,6.0,105.90283944222276,3.0357640748351957,0.13142138242618123,104405.33184806425,4555.331848064248,0.045749909919045706,0.3617198435571055,0.30497452733409314,-0.3569731755453921,0.0,0.0,0.0,inf,0.0,105451.7802437781,5526.7802437781065,0.05546537121273265,0.09806814276798086,0.599459474576041,-0.08758571196385101,0.0,0.0,0.0,3.5223708869710446,0.13318040318335228,94137.82318598832,-5862.1768140116765,-0.05877798846322113,0.3335077918349891,-0.0147141048355953,-0.32483243304392084,0.0,0.0,0.0,inf,0.0
758,TrialState.COMPLETE,0.6273072855113045,0.8379916102531542,0.06850683011581644,0.6273072855113045,103766.76253963655,3841.7625396365474,0.03855409282978761,0.06334373509035623,0.6288205580889152,-0.022458124768797716,21869.851866382538,13.0,216.86985186638253,1.9978726683338268,0.2106470575730285,104405.33184806425,4555.331848064248,0.045749909919045706,0.3617198435571055,0.30497452733409314,-0.3569731755453921,0.0,0.0,0.0,inf,0.0,106008.30877922627,6083.308779226267,0.061051000827633484,0.07039784714315178,0.8769027884330993,-0.04301075882272287,0.0,0.0,0.0,2.3305821862776,0.20004202613401434,94137.82318598832,-5862.1768140116765,-0.05877798846322113,0.3335077918349891,-0.0147141048355953,-0.32483243304392084,0.0,0.0,0.0,inf,0.0
759,TrialState.COMPLETE,0.6119818059249269,0.8132180756403758,0.06705178544430646,0.6119818059249269,103746.0275135493,3821.0275135492993,0.038345995358898266,0.06476518468538152,0.6133334752018107,-0.02652690641637956,21443.449334547484,13.0,216.4434493345475,2.0668138199278583,0.2038707501173871,104405.33184806425,4555.331848064248,0.045749909919045706,0.3617198435571055,0.30497452733409314,-0.3569731755453921,0.0,0.0,0.0,inf,0.0,105959.68244163872,6034.682441638724,0.06056295666649292,0.07209395962716171,0.8515699502654864,-0.04656313580534255,0.0,0.0,0.0,2.4015800651850596,0.19422767321129014,94137.82318598832,-5862.1768140116765,-0.05877798846322113,0.3335077918349891,-0.0147141048355953,-0.32483243304392084,0.0,0.0,0.0,inf,0.0
760,TrialState.COMPLETE,0.4541233813696685,0.826948870407204,0.06186822189699096,0.4541233813696685,102733.0949188165,2808.094918816496,0.02818030681920547,0.06413365571348299,0.4653488081934108,-0.028193966043141283,35779.44816076568,23.0,380.7794481607657,2.0215917536601906,0.20363797608968606,104405.33184806425,4555.331848064248,0.045749909919045706,0.3617198435571055,0.30497452733409314,-0.3569731755453921,0.0,0.0,0.0,inf,0.0,105986.633713313,6061.633713313,0.06083345631202319,0.07113139658982365,0.865708028153844,-0.04459427189652254,0.0,0.0,0.0,2.36170383562455,0.19745090236909876,94137.82318598832,-5862.1768140116765,-0.05877798846322113,0.3335077918349891,-0.0147141048355953,-0.32483243304392084,0.0,0.0,0.0,inf,0.0
761,TrialState.COMPLETE,0.6275217113735522,0.8386322232180589,0.06854578452258035,0.6275217113735522,103766.45544921017,3841.4554492101743,0.038551010858340895,0.06331345049381629,0.6290441305009539,-0.022350516623515837,21886.570542888043,13.0,216.88657054288805,1.996346536737485,0.21080626287300713,104405.33184806425,4555.331848064248,0.045749909919045706,0.3617198435571055,0.30497452733409314,-0.3569731755453921,0.0,0.0,0.0,inf,0.0,106009.56619617472,6084.566196174725,0.06106362105418128,0.07035642935459879,0.8775465571655682,-0.042918893368272704,0.0,0.0,0.0,2.3288019050971607,0.20019231289778108,94137.82318598832,-5862.1768140116765,-0.05877798846322113,0.3335077918349891,-0.0147141048355953,-0.32483243304392084,0.0,0.0,0.0,inf,0.0
762,TrialState.COMPLETE,0.5450183490897006,0.7525567437096193,0.06660595021950441,0.5450183490897006,103514.3546439686,3589.3546439686033,0.03602092584587435,0.06903162865844108,0.5470960698931445,-0.03681146233392796,21732.439650524157,13.0,216.73243965052416,2.22584604872106,0.18829900050641696,104405.33184806425,4555.331848064248,0.045749909919045706,0.3617198435571055,0.30497452733409314,-0.3569731755453921,0.0,0.0,0.0,inf,0.0,105840.61431304576,5915.614313045764,0.05936791748681447,0.07696123742633584,0.7877852296771454,-0.05526358729668823,0.0,0.0,0.0,2.5951641991526264,0.17996921313964048,94137.82318598832,-5862.1768140116765,-0.05877798846322113,0.3335077918349891,-0.0147141048355953,-0.32483243304392084,0.0,0.0,0.0,inf,0.0
763,TrialState.COMPLETE,0.5239585871762579,0.8184769680647951,0.06472038035566384,0.5239585871762579,103183.44230121202,3258.442301212024,0.03269991352656487,0.06461645817695098,0.5302243619797787,-0.028369061840709975,28314.87661709012,17.0,283.31487661709014,2.0572556181498642,0.2018807009761798,104405.33184806425,4555.331848064248,0.045749909919045706,0.3617198435571055,0.30497452733409314,-0.3569731755453921,0.0,0.0,0.0,inf,0.0,105970.0047748207,6045.0047748207,0.06066655796956555,0.07171881362126004,0.8570095661255143,-0.04580907593060746,0.0,0.0,0.0,2.3861493912574847,0.19546234945001928,94137.82318598832,-5862.1768140116765,-0.05877798846322113,0.3335077918349891,-0.0147141048355953,-0.32483243304392084,0.0,0.0,0.0,inf,0.0
764,TrialState.COMPLETE,0.3312525952368814,0.4142590606838348,0.06152314732678294,0.3312525952368814,103514.87560792627,3589.8756079262675,0.036026154225463625,0.11188616608849093,0.37228211341427175,-0.10255550262692792,9650.80135708675,6.0,99.65080135708675,4.145638313491088,0.10040386746144835,104405.33184806425,4555.331848064248,0.045749909919045706,0.3617198435571055,0.30497452733409314,-0.3569731755453921,0.0,0.0,0.0,inf,0.0,105176.59209752399,5251.592097523986,0.05270345996589931,0.11603451797083268,0.500656261911047,-0.11046463851395294,0.0,0.0,0.0,4.714461322540947,0.09983688699697847,94137.82318598832,-5862.1768140116765,-0.05877798846322113,0.3335077918349891,-0.0147141048355953,-0.32483243304392084,0.0,0.0,0.0,inf,0.0
765,TrialState.COMPLETE,0.6212296155186134,0.8383272592351884,0.06917619387622453,0.6212296155186134,103732.98403374529,3807.9840337452915,0.03821509058291772,0.06342539860774962,0.6229457205133091,-0.022311137487543653,22105.544192465175,13.0,217.10554419246517,2.00490958492993,0.2100974959846125,104405.33184806425,4555.331848064248,0.045749909919045706,0.3617198435571055,0.30497452733409314,-0.3569731755453921,0.0,0.0,0.0,inf,0.0,106008.96760248112,6083.96760248112,0.061057613191715765,0.07037613059060463,0.8772401737355526,-0.04296262597763201,0.0,0.0,0.0,2.329649069133008,0.20012076924871516,94137.82318598832,-5862.1768140116765,-0.05877798846322113,0.3335077918349891,-0.0147141048355953,-0.32483243304392084,0.0,0.0,0.0,inf,0.0
766,TrialState.COMPLETE,0.2576081719396483,0.8499199500256327,0.04388664334308321,0.2576081719396483,101540.23381855217,1615.2338185521658,0.016209227375220125,0.06331677176619367,0.28558685139029016,-0.02579144845632797,62347.278032828115,53.0,857.3472780328282,1.9717005955938915,0.20439410376200973,104405.33184806425,4555.331848064248,0.045749909919045706,0.3617198435571055,0.30497452733409314,-0.3569731755453921,0.0,0.0,0.0,inf,0.0,106031.72213084123,6106.722130841226,0.06128599200284235,0.06964752825255416,0.8887735116245372,-0.04130016144811688,0.0,0.0,0.0,2.2978732515305493,0.20283986125882375,94137.82318598832,-5862.1768140116765,-0.05877798846322113,0.3335077918349891,-0.0147141048355953,-0.32483243304392084,0.0,0.0,0.0,inf,0.0
767,TrialState.COMPLETE,0.5621301874149323,0.8009700277817665,0.07106067036457413,0.5621301874149323,103460.53279145836,3535.5327914583613,0.03548077164130792,0.0654890105967246,0.5650856386393693,-0.028687377158434613,23214.858552423233,13.0,218.21485855242324,2.09155961086434,0.20022686368440057,104405.33184806425,4555.331848064248,0.045749909919045706,0.3617198435571055,0.30497452733409314,-0.3569731755453921,0.0,0.0,0.0,inf,0.0,105935.64155610208,6010.641556102084,0.060321667617288854,0.07299809811656625,0.8388055880280227,-0.048319282946672204,0.0,0.0,0.0,2.4383038707638165,0.1913512197961515,94137.82318598832,-5862.1768140116765,-0.05877798846322113,0.3335077918349891,-0.0147141048355953,-0.32483243304392084,0.0,0.0,0.0,inf,0.0
768,TrialState.COMPLETE,0.5242651842081321,0.831874692365453,0.06707986665269872,0.5242651842081321,103149.45517102117,3224.455171021167,0.032358822803416176,0.06382269734531641,0.5308434743024925,-0.026167056989413684,28768.454681067036,17.0,283.76845468106706,2.0168192264108655,0.20553437822269913,104405.33184806425,4555.331848064248,0.045749909919045706,0.3617198435571055,0.30497452733409314,-0.3569731755453921,0.0,0.0,0.0,inf,0.0,105996.30228443854,6071.302284438541,0.06093049612280388,0.07079963455412702,0.8707235215751784,-0.043887926040289904,0.0,0.0,0.0,2.3477193584921583,0.19860684235991283,94137.82318598832,-5862.1768140116765,-0.05877798846322113,0.3335077918349891,-0.0147141048355953,-0.32483243304392084,0.0,0.0,0.0,inf,0.0
769,TrialState.COMPLETE,0.45997313947354485,0.8499320756102728,0.06344817331408496,0.45997313947354485,102728.93711580822,2803.9371158082213,0.02813858009653525,0.06305972086876598,0.47154535797731767,-0.02426708927423149,36450.82540500321,23.0,381.45082540500323,1.9646261792521045,0.20969415104295383,104405.33184806425,4555.331848064248,0.045749909919045706,0.3617198435571055,0.30497452733409314,-0.3569731755453921,0.0,0.0,0.0,inf,0.0,106031.74593135176,6106.745931351761,0.0612862308798614,0.06964678821667002,0.8887854456803882,-0.04129842251677007,0.0,0.0,0.0,2.297840468844258,0.20284270478589184,94137.82318598832,-5862.1768140116765,-0.05877798846322113,0.3335077918349891,-0.0147141048355953,-0.32483243304392084,0.0,0.0,0.0,inf,0.0
770,TrialState.COMPLETE,0.5576976613134554,0.7851106510566519,0.06868921640907596,0.5576976613134554,103482.6088917268,3557.608891726806,0.03570232650795657,0.06655272930229009,0.560324692264835,-0.03134765758129887,22669.88538596544,13.0,217.66988538596544,2.1320129909624974,0.1965338228884844,104405.33184806425,4555.331848064248,0.045749909919045706,0.3617198435571055,0.30497452733409314,-0.3569731755453921,0.0,0.0,0.0,inf,0.0,105904.51223125566,5979.512231255663,0.06000923487392229,0.07422994638756567,0.822139024761481,-0.05059308166386034,0.0,0.0,0.0,2.4875580486363287,0.1876248174374656,94137.82318598832,-5862.1768140116765,-0.05877798846322113,0.3335077918349891,-0.0147141048355953,-0.32483243304392084,0.0,0.0,0.0,inf,0.0
771,TrialState.COMPLETE,0.5704350062902678,0.823687433926238,0.07209023100371406,0.5704350062902678,103448.90876718226,3523.9087671822635,0.03536411344693291,0.0641581856461195,0.5737046521683555,-0.02487637981089319,23783.780917806438,13.0,218.78378091780644,2.032161762401856,0.20608865012107072,104405.33184806425,4555.331848064248,0.045749909919045706,0.3617198435571055,0.30497452733409314,-0.3569731755453921,0.0,0.0,0.0,inf,0.0,105980.23205469518,6055.232054695181,0.06076920528635377,0.07135503646253805,0.8623695828730187,-0.04506194180113665,0.0,0.0,0.0,2.3710551341019688,0.19668543566060384,94137.82318598832,-5862.1768140116765,-0.05877798846322113,0.3335077918349891,-0.0147141048355953,-0.32483243304392084,0.0,0.0,0.0,inf,0.0
772,TrialState.COMPLETE,0.5264103129600537,0.8294774813071413,0.06567844264462311,0.5264103129600537,103172.1089228793,3247.108922879299,0.032586173079651504,0.06401291171575982,0.5328957396958586,-0.026541868268667224,28696.54691760034,17.0,283.69654691760036,2.0299292790250494,0.20458302309871776,104405.33184806425,4555.331848064248,0.045749909919045706,0.3617198435571055,0.30497452733409314,-0.3569731755453921,0.0,0.0,0.0,inf,0.0,105991.59695691822,6066.59695691822,0.060883270517730015,0.07096018282175097,0.8682868325641028,-0.04423167982948928,0.0,0.0,0.0,2.354504327264452,0.19804431441907677,94137.82318598832,-5862.1768140116765,-0.05877798846322113,0.3335077918349891,-0.0147141048355953,-0.32483243304392084,0.0,0.0,0.0,inf,0.0
773,TrialState.COMPLETE,0.6208934393438894,0.8395091733084349,0.07044740876716987,0.6208934393438894,103724.02931909119,3799.0293190911907,0.03812522080952019,0.06329523262035927,0.622728216376934,-0.022007807631688303,22297.56933218485,13.0,217.29756933218485,2.002260613549709,0.21030618556982758,104405.33184806425,4555.331848064248,0.045749909919045706,0.3617198435571055,0.30497452733409314,-0.3569731755453921,0.0,0.0,0.0,inf,0.0,106011.2875036833,6086.287503683299,0.06108089717852616,0.07029993609686756,0.8784267426279282,-0.042793136156502154,0.0,0.0,0.0,2.3263692419338806,0.20039803867491837,94137.82318598832,-5862.1768140116765,-0.05877798846322113,0.3335077918349891,-0.0147141048355953,-0.32483243304392084,0.0,0.0,0.0,inf,0.0
774,TrialState.COMPLETE,0.5432465531210866,0.8102820851579415,0.07422978986934407,0.5432465531210866,103312.98980098937,3387.989800989366,0.03400003937719531,0.0649704046237825,0.5470515331451775,-0.027303839317807777,24171.636463851886,13.0,219.17163646385188,2.0648010904827343,0.2020101813262022,104405.33184806425,4555.331848064248,0.045749909919045706,0.3617198435571055,0.30497452733409314,-0.3569731755453921,0.0,0.0,0.0,inf,0.0,105953.91957951241,6028.919579512411,0.06050511703947281,0.07230684499787662,0.8485214275256685,-0.046984112435900505,0.0,0.0,0.0,2.4102819929992636,0.19353826741032118,94137.82318598832,-5862.1768140116765,-0.05877798846322113,0.3335077918349891,-0.0147141048355953,-0.32483243304392084,0.0,0.0,0.0,inf,0.0
775,TrialState.COMPLETE,0.5268531330193322,0.8401620271274658,0.06789504451954875,0.5268531330193322,103147.29404567752,3222.294045677525,0.032337134021594105,0.06340569982532647,0.5335842457938355,-0.024798784084058112,29062.667225352954,17.0,284.0626672253529,1.9965822757713978,0.20762683652909739,104405.33184806425,4555.331848064248,0.045749909919045706,0.3617198435571055,0.30497452733409314,-0.3569731755453921,0.0,0.0,0.0,inf,0.0,106012.56894739716,6087.568947397158,0.061093758553784516,0.07025803294653757,0.8790811808836159,-0.042699514676463046,0.0,0.0,0.0,2.3245615203337207,0.20055118921230836,94137.82318598832,-5862.1768140116765,-0.05877798846322113,0.3335077918349891,-0.0147141048355953,-0.32483243304392084,0.0,0.0,0.0,inf,0.0
776,TrialState.COMPLETE,0.5214861469514258,0.8183128794612914,0.07088633122491858,0.5214861469514258,103151.79967422065,3226.799674220645,0.03238235194372052,0.06436345162372378,0.5272762519704388,-0.025778033421933633,27266.852305275766,15.0,252.26685230527576,2.039169819111481,0.2047243729179462,104405.33184806425,4555.331848064248,0.045749909919045706,0.3617198435571055,0.30497452733409314,-0.3569731755453921,0.0,0.0,0.0,inf,0.0,105969.68269612035,6044.682696120348,0.06066332538863772,0.07173039832208275,0.8568402713936752,-0.045832604475083416,0.0,0.0,0.0,2.386627863405718,0.19542382831528757,94137.82318598832,-5862.1768140116765,-0.05877798846322113,0.3335077918349891,-0.0147141048355953,-0.32483243304392084,0.0,0.0,0.0,inf,0.0
777,TrialState.COMPLETE,0.4116002270273853,0.8494833598362309,0.06496278267211408,0.4116002270273853,102425.67659724805,2500.67659724805,0.025095142140644233,0.06299038909662988,0.42493669326710226,-0.02317949063153646,38453.596357041926,23.0,383.45359635704193,1.9729841284650642,0.2095600049305421,104405.33184806425,4555.331848064248,0.045749909919045706,0.3617198435571055,0.30497452733409314,-0.3569731755453921,0.0,0.0,0.0,inf,0.0,106030.8651767461,6105.865176746098,0.061277391068124576,0.06967420477866437,0.8883436268178998,-0.04136277282758549,0.0,0.0,0.0,2.2990542386640707,0.20273747729772396,94137.82318598832,-5862.1768140116765,-0.05877798846322113,0.3335077918349891,-0.0147141048355953,-0.32483243304392084,0.0,0.0,0.0,inf,0.0
778,TrialState.COMPLETE,0.6181960000625384,0.8294834319926353,0.06845188044236848,0.6181960000625384,103737.57814098072,3812.578140980724,0.03826119718332177,0.06386593653417323,0.6197837453881593,-0.02379604954280512,21872.344553795258,13.0,216.87234455379524,2.0262856285278885,0.20790485096884187,104405.33184806425,4555.331848064248,0.045749909919045706,0.3617198435571055,0.30497452733409314,-0.3569731755453921,0.0,0.0,0.0,inf,0.0,105991.60863712644,6066.608637126439,0.06088338774758584,0.07095978215080027,0.8682928911804548,-0.0442308265214717,0.0,0.0,0.0,2.3544874361317234,0.19804571085992886,94137.82318598832,-5862.1768140116765,-0.05877798846322113,0.3335077918349891,-0.0147141048355953,-0.32483243304392084,0.0,0.0,0.0,inf,0.0
779,TrialState.COMPLETE,0.6117294885666444,0.836959410863214,0.07748232772429588,0.6117294885666444,103662.42524020177,3737.4252402017737,0.037506961082672374,0.06331215133421567,0.6131705108030295,-0.02283419662427988,21262.999016074173,11.0,186.26299901607416,1.995333460835518,0.21055120170606867,104405.33184806425,4555.331848064248,0.045749909919045706,0.3617198435571055,0.30497452733409314,-0.3569731755453921,0.0,0.0,0.0,inf,0.0,106006.28274310438,6081.282743104384,0.06103066625699216,0.07046484705335337,0.8758641176401499,-0.04315877815067437,0.0,0.0,0.0,2.333456430213038,0.19979986695673974,94137.82318598832,-5862.1768140116765,-0.05877798846322113,0.3335077918349891,-0.0147141048355953,-0.32483243304392084,0.0,0.0,0.0,inf,0.0
780,TrialState.COMPLETE,0.5680711593287382,0.8198480932505968,0.07314163155386244,0.5680711593287382,103443.8474097116,3518.8474097115977,0.035313317898095775,0.06436034099278755,0.5713425966824688,-0.025520482992299365,23762.009637234718,13.0,218.7620096372347,2.043398738635795,0.20489612457626707,104405.33184806425,4555.331848064248,0.045749909919045706,0.3617198435571055,0.30497452733409314,-0.3569731755453921,0.0,0.0,0.0,inf,0.0,105972.69606603944,6047.69606603944,0.06069356943289739,0.07162231757494404,0.8584230439494306,-0.045612470600669086,0.0,0.0,0.0,2.382158762317352,0.19578422373737556,94137.82318598832,-5862.1768140116765,-0.05877798846322113,0.3335077918349891,-0.0147141048355953,-0.32483243304392084,0.0,0.0,0.0,inf,0.0
781,TrialState.COMPLETE,0.5272737748650104,0.8377999934543142,0.06671821372765648,0.5272737748650104,103155.74685120361,3230.746851203614,0.03242196532059283,0.06353143957117088,0.5339472397813686,-0.02516759171068106,28989.932627757342,17.0,283.98993262775736,2.0034811306944933,0.2069574394756109,104405.33184806425,4555.331848064248,0.045749909919045706,0.3617198435571055,0.30497452733409314,-0.3569731755453921,0.0,0.0,0.0,inf,0.0,106007.93266724654,6082.9326672465395,0.061047225931568194,0.07041026028450187,0.8767100990078888,-0.04303823708419108,0.0,0.0,0.0,2.331115223639091,0.19999707250884563,94137.82318598832,-5862.1768140116765,-0.05877798846322113,0.3335077918349891,-0.0147141048355953,-0.32483243304392084,0.0,0.0,0.0,inf,0.0
782,TrialState.COMPLETE,0.4397195698716642,0.5824044049364445,0.07038547158838596,0.4397195698716642,103400.80203087021,3475.8020308702107,0.03488131674842543,0.086894582696962,0.4380177178345817,-0.07164714715601173,13769.415469109439,8.0,133.76941546910945,2.8466090850188,0.14569494752976056,104405.33184806425,4555.331848064248,0.045749909919045706,0.3617198435571055,0.30497452733409314,-0.3569731755453921,0.0,0.0,0.0,inf,0.0,105506.63350668078,5581.633506680781,0.05601590544749291,0.09472583353563187,0.6227102770629681,-0.08302998905285852,0.0,0.0,0.0,3.353354305964095,0.13980310001989266,94137.82318598832,-5862.1768140116765,-0.05877798846322113,0.3335077918349891,-0.0147141048355953,-0.32483243304392084,0.0,0.0,0.0,inf,0.0
783,TrialState.COMPLETE,0.39372220933603536,0.8061032048909186,0.06318863435962958,0.39372220933603536,102384.77427814275,2459.7742781427514,0.024684659770667805,0.06521587064560398,0.40648635290832935,-0.030341285298914444,37106.40422147895,23.0,382.10640422147895,2.073850002231885,0.19915446983967008,104405.33184806425,4555.331848064248,0.045749909919045706,0.3617198435571055,0.30497452733409314,-0.3569731755453921,0.0,0.0,0.0,inf,0.0,105945.71713098115,6020.717130981153,0.06042279223846214,0.07261405559775974,0.8441695362939452,-0.04758329084132684,0.0,0.0,0.0,2.4227770181987585,0.1925568951724677,94137.82318598832,-5862.1768140116765,-0.05877798846322113,0.3335077918349891,-0.0147141048355953,-0.32483243304392084,0.0,0.0,0.0,inf,0.0
784,TrialState.COMPLETE,0.5668126668419358,0.8380624102416561,0.07505931371392292,0.5668126668419358,103391.87959774972,3466.879597749721,0.03479177174245862,0.06346095665949576,0.5705933681111792,-0.022464674949153163,24518.251905904413,13.0,219.5182519059044,1.9991800432959947,0.20926295855760027,104405.33184806425,4555.331848064248,0.045749909919045706,0.3617198435571055,0.30497452733409314,-0.3569731755453921,0.0,0.0,0.0,inf,0.0,106008.44774785524,6083.4477478552435,0.06105239560408959,0.0703932634934143,0.8769739698001384,-0.043000605945813564,0.0,0.0,0.0,2.3303852973705514,0.20005863585714595,94137.82318598832,-5862.1768140116765,-0.05877798846322113,0.3335077918349891,-0.0147141048355953,-0.32483243304392084,0.0,0.0,0.0,inf,0.0
785,TrialState.COMPLETE,0.4830137341625398,0.6774221531137573,0.06886371948761996,0.4830137341625398,103380.97851971896,3455.978519718963,0.03468236920314682,0.0765574320448842,0.4836009746335978,-0.05270076497408627,18179.306929829887,10.0,168.1793069298299,2.4871380542595456,0.16846421232701791,104405.33184806425,4555.331848064248,0.045749909919045706,0.3617198435571055,0.30497452733409314,-0.3569731755453921,0.0,0.0,0.0,inf,0.0,105693.13757934936,5768.137579349364,0.05788775762186238,0.08417294735570754,0.7105913951330957,-0.06752601175120465,0.0,0.0,0.0,2.8830003715247856,0.16226524299289644,94137.82318598832,-5862.1768140116765,-0.05877798846322113,0.3335077918349891,-0.0147141048355953,-0.32483243304392084,0.0,0.0,0.0,inf,0.0
786,TrialState.COMPLETE,0.522635027822078,0.8245931589951832,0.07121982682642927,0.522635027822078,103144.22730488738,3219.227304887376,0.03230635659932779,0.06402845402439493,0.5285489729583802,-0.024724430081511928,27476.116339588905,15.0,252.4761163395889,2.0236390614992046,0.20627996473762525,104405.33184806425,4555.331848064248,0.045749909919045706,0.3617198435571055,0.30497452733409314,-0.3569731755453921,0.0,0.0,0.0,inf,0.0,105982.00984271188,6057.009842711879,0.06078704827103465,0.07129261444559773,0.8632980334375255,-0.044932067109440976,0.0,0.0,0.0,2.3684507903096623,0.19689802001485496,94137.82318598832,-5862.1768140116765,-0.05877798846322113,0.3335077918349891,-0.0147141048355953,-0.32483243304392084,0.0,0.0,0.0,inf,0.0
787,TrialState.COMPLETE,0.3274204748476333,0.36713277386403376,0.08910369147258626,0.3274204748476333,103838.03943126336,3913.039431263358,0.039269431160272594,0.11773817815320445,0.3860355179005658,-0.11313229358162358,4267.093173160587,2.0,34.26709317316059,4.617267411777259,0.09220903351259,104405.33184806425,4555.331848064248,0.045749909919045706,0.3617198435571055,0.30497452733409314,-0.3569731755453921,0.0,0.0,0.0,inf,0.0,105084.09101651305,5159.091016513048,0.05177508222383276,0.12242501275441581,0.47354718412710695,-0.11814757453753066,0.0,0.0,0.0,5.319624011092434,0.08858223476742545,94137.82318598832,-5862.1768140116765,-0.05877798846322113,0.3335077918349891,-0.0147141048355953,-0.32483243304392084,0.0,0.0,0.0,inf,0.0
788,TrialState.COMPLETE,0.4486302977691089,0.8496378144243811,0.06037434043353715,0.4486302977691089,102664.5287110321,2739.5287110320933,0.027492193248991104,0.06311851815058601,0.4612020189827292,-0.025987707131718163,38063.41222728162,25.0,413.0634122272816,1.9671140161215928,0.2086168555223401,104405.33184806425,4555.331848064248,0.045749909919045706,0.3617198435571055,0.30497452733409314,-0.3569731755453921,0.0,0.0,0.0,inf,0.0,106031.16834547298,6106.168345472979,0.061280433861693684,0.06966476040003515,0.88849575157874,-0.041340622516430114,0.0,0.0,0.0,2.2986362964897236,0.2027736983304883,94137.82318598832,-5862.1768140116765,-0.05877798846322113,0.3335077918349891,-0.0147141048355953,-0.32483243304392084,0.0,0.0,0.0,inf,0.0
789,TrialState.COMPLETE,0.5265959932069361,0.8293480342385319,0.06579698656392258,0.5265959932069361,103170.65347352212,3245.653473522121,0.032571566364222315,0.06395722539727397,0.5330828643397315,-0.02656324313772951,28692.14116537143,17.0,283.6921411653714,2.0238286637001544,0.20491547745135494,104405.33184806425,4555.331848064248,0.045749909919045706,0.3617198435571055,0.30497452733409314,-0.3569731755453921,0.0,0.0,0.0,inf,0.0,105991.34287380255,6066.342873802554,0.06088072038109149,0.07096890136336445,0.8681550256107817,-0.044250242092132686,0.0,0.0,0.0,2.3548718251912693,0.19801393714692384,94137.82318598832,-5862.1768140116765,-0.05877798846322113,0.3335077918349891,-0.0147141048355953,-0.32483243304392084,0.0,0.0,0.0,inf,0.0
790,TrialState.COMPLETE,0.4408727076762376,0.8396950902259604,0.08460410834515354,0.4408727076762376,102609.51310371104,2684.5131037110405,0.026940071079762706,0.06389498332745701,0.4479642777859772,-0.024424793102515552,27238.698362635303,12.0,207.2386983626353,1.9999153328871655,0.20880459033410148,104405.33184806425,4555.331848064248,0.045749909919045706,0.3617198435571055,0.30497452733409314,-0.3569731755453921,0.0,0.0,0.0,inf,0.0,106011.65242774178,6086.6524277417775,0.06108455978590421,0.07028798971629234,0.878613182826345,-0.042766475060636466,0.0,0.0,0.0,2.3258541604435625,0.20044165257473984,94137.82318598832,-5862.1768140116765,-0.05877798846322113,0.3335077918349891,-0.0147141048355953,-0.32483243304392084,0.0,0.0,0.0,inf,0.0
791,TrialState.COMPLETE,0.5658794172425377,0.812534116785891,0.07232512110441013,0.5658794172425377,103450.3118691978,3525.3118691978016,0.03537819491489569,0.06477987164530358,0.5690284312963231,-0.026747473469300398,23550.025513990895,13.0,218.5500255139909,2.0617922681795275,0.20308739464341916,104405.33184806425,4555.331848064248,0.045749909919045706,0.3617198435571055,0.30497452733409314,-0.3569731755453921,0.0,0.0,0.0,inf,0.0,105958.33994390191,6033.339943901912,0.060549482533133414,0.07214333348071804,0.8508604825845659,-0.046661205669585426,0.0,0.0,0.0,2.4036016196237027,0.19406707772173915,94137.82318598832,-5862.1768140116765,-0.05877798846322113,0.3335077918349891,-0.0147141048355953,-0.32483243304392084,0.0,0.0,0.0,inf,0.0
792,TrialState.COMPLETE,0.5265228920690682,0.8495122607552049,0.06817623201735204,0.5265228920690682,103127.31837057395,3202.3183705739502,0.03213666072067389,0.06300896299623836,0.5334632531712467,-0.023254959482202797,29380.2919807324,17.0,284.3802919807324,1.9750864348821449,0.20983450490500868,104405.33184806425,4555.331848064248,0.045749909919045706,0.3617198435571055,0.30497452733409314,-0.3569731755453921,0.0,0.0,0.0,inf,0.0,106030.9219044542,6105.921904454197,0.06127796042336975,0.06967243701055638,0.8883720953096369,-0.041358628151986654,0.0,0.0,0.0,2.2989760234536045,0.20274425484545133,94137.82318598832,-5862.1768140116765,-0.05877798846322113,0.3335077918349891,-0.0147141048355953,-0.32483243304392084,0.0,0.0,0.0,inf,0.0
793,TrialState.COMPLETE,0.6159193928194052,0.8251882804154891,0.06976699249165999,0.6159193928194052,103731.61088213172,3806.6108821317175,0.03820130959251111,0.06402003180167436,0.6175445840782705,-0.024414114953037247,21917.202908169682,13.0,216.91720290816968,2.037009240585434,0.20675719830123604,104405.33184806425,4555.331848064248,0.045749909919045706,0.3617198435571055,0.30497452733409314,-0.3569731755453921,0.0,0.0,0.0,inf,0.0,105983.17796730695,6058.177967306954,0.060798772295415304,0.07125173092274886,0.8639075332344798,-0.04484673053113519,0.0,0.0,0.0,2.36674267613535,0.19703769843686528,94137.82318598832,-5862.1768140116765,-0.05877798846322113,0.3335077918349891,-0.0147141048355953,-0.32483243304392084,0.0,0.0,0.0,inf,0.0
794,TrialState.COMPLETE,0.5766627936380053,0.849681359616355,0.07401742493247691,0.5766627936380053,103426.20084630352,3501.2008463035163,0.03513621785955867,0.06290519420959184,0.5803654482266051,-0.02051523486053375,24534.349408162758,13.0,219.53434940816277,1.9699927372204376,0.21252116683303116,104405.33184806425,4555.331848064248,0.045749909919045706,0.3617198435571055,0.30497452733409314,-0.3569731755453921,0.0,0.0,0.0,inf,0.0,106031.25381745903,6106.25381745903,0.06128129171274388,0.06966209912232593,0.8885386315526581,-0.0413343777036147,0.0,0.0,0.0,2.2985184940245103,0.20278391004768861,94137.82318598832,-5862.1768140116765,-0.05877798846322113,0.3335077918349891,-0.0147141048355953,-0.32483243304392084,0.0,0.0,0.0,inf,0.0
795,TrialState.COMPLETE,0.4010023147856621,0.8311824840611604,0.06464213109598123,0.4010023147856621,102387.02658209935,2462.026582099352,0.024707263148835423,0.06383861604923287,0.4142070155000593,-0.026198418475243068,37997.038925361354,23.0,382.9970389253614,2.011254495572793,0.2054592116978826,104405.33184806425,4555.331848064248,0.045749909919045706,0.3617198435571055,0.30497452733409314,-0.3569731755453921,0.0,0.0,0.0,inf,0.0,105994.9435944006,6069.943594400596,0.06091685946060443,0.07084581632785224,0.870020746784848,-0.04398718728869011,0.0,0.0,0.0,2.349674537850795,0.198444413946932,94137.82318598832,-5862.1768140116765,-0.05877798846322113,0.3335077918349891,-0.0147141048355953,-0.32483243304392084,0.0,0.0,0.0,inf,0.0
796,TrialState.COMPLETE,0.4891292334976942,0.8497892329359411,0.06698493210293405,0.4891292334976942,102908.0938294746,2983.093829474601,0.02993655849358201,0.06322351790492063,0.49811926886240976,-0.023198943969390262,32313.72253115959,19.0,317.31372253115956,1.9802576653571797,0.20855672427948604,104405.33184806425,4555.331848064248,0.045749909919045706,0.3617198435571055,0.30497452733409314,-0.3569731755453921,0.0,0.0,0.0,inf,0.0,106031.46555488512,6106.465554885115,0.061283416843824545,0.06965550899683456,0.8886448410597859,-0.04131890759329493,0.0,0.0,0.0,2.2982267171809467,0.20280920719253787,94137.82318598832,-5862.1768140116765,-0.05877798846322113,0.3335077918349891,-0.0147141048355953,-0.32483243304392084,0.0,0.0,0.0,inf,0.0
797,TrialState.COMPLETE,0.5558889547170308,0.7991875306411838,0.0714534282758186,0.5558889547170308,103427.90301292366,3502.9030129236635,0.03515330071604583,0.0656545158683918,0.5590094770503122,-0.02898638613751514,23380.933158269323,13.0,218.38093315826933,2.096426159511605,0.19965588082528513,104405.33184806425,4555.331848064248,0.045749909919045706,0.3617198435571055,0.30497452733409314,-0.3569731755453921,0.0,0.0,0.0,inf,0.0,105932.14280999849,6007.142809998491,0.06028655207139888,0.073133159439689,0.8369387970277588,-0.04857485233222092,0.0,0.0,0.0,2.4437422309870063,0.19093249822092667,94137.82318598832,-5862.1768140116765,-0.05877798846322113,0.3335077918349891,-0.0147141048355953,-0.32483243304392084,0.0,0.0,0.0,inf,0.0
798,TrialState.COMPLETE,0.5436640489266286,0.8382386558976205,0.09700083278027088,0.5436640489266286,103264.07831650654,3339.078316506537,0.033509168046643945,0.06425075196426769,0.5450700427055899,-0.025057955598183024,19287.995590064398,8.0,139.28799559006438,2.0087090774086525,0.20751438947668324,104405.33184806425,4555.331848064248,0.045749909919045706,0.3617198435571055,0.30497452733409314,-0.3569731755453921,0.0,0.0,0.0,inf,0.0,106008.79368883223,6083.793688832229,0.06105586768506588,0.07038185988419302,0.8771511297287616,-0.042975331909654746,0.0,0.0,0.0,2.3298953172407932,0.20009998302885168,94137.82318598832,-5862.1768140116765,-0.05877798846322113,0.3335077918349891,-0.0147141048355953,-0.32483243304392084,0.0,0.0,0.0,inf,0.0
799,TrialState.COMPLETE,0.5273449614661875,0.8140215516217196,0.06975614118906366,0.5273449614661875,103202.72821424234,3277.7282142423355,0.03289346475170918,0.06465207227173535,0.5328656289383303,-0.02649794520157167,26984.09912189652,15.0,251.98409912189652,2.0528160077401756,0.2034037068957839,104405.33184806425,4555.331848064248,0.045749909919045706,0.3617198435571055,0.30497452733409314,-0.3569731755453921,0.0,0.0,0.0,inf,0.0,105961.2595316633,6036.259531663294,0.06057878531300176,0.07203612877027366,0.8524028257880951,-0.0464479285089574,0.0,0.0,0.0,2.3992095973567746,0.19441632681234378,94137.82318598832,-5862.1768140116765,-0.05877798846322113,0.3335077918349891,-0.0147141048355953,-0.32483243304392084,0.0,0.0,0.0,inf,0.0
